CustomerID,CustomerName,Region,Channel,CustomerSegment,OnboardDate,CreditLimitGBP,PaymentTermsDays,SalesRepCode
1,Fictional Outlet 00001,North,Traditional Trade,Small,2022-08-27,25000,60,REP002
2,Fictional Outlet 00002,South,Traditional Trade,Small,2023-01-09,50000,30,REP003
3,Fictional Outlet 00003,East,Wholesale,Large,2022-05-18,10000,15,REP004
4,Fictional Outlet 00004,West,Traditional Trade,Small,2023-02-19,50000,60,REP005
5,Fictional Outlet 00005,North,Traditional Trade,Medium,2022-03-26,25000,45,REP006
6,Fictional Outlet 00006,South,Traditional Trade,Small,2023-04-15,10000,15,REP007
7,Fictional Outlet 00007,East,Modern Trade,Medium,2023-04-10,50000,60,REP008
8,Fictional Outlet 00008,West,Traditional Trade,Large,2022-07-04,25000,15,REP009
9,Fictional Outlet 00009,North,Traditional Trade,Medium,2022-05-25,25000,15,REP010
10,Fictional Outlet 00010,South,Ecommerce,Large,2022-08-13,25000,15,REP011
11,Fictional Outlet 00011,East,Modern Trade,Small,2023-08-02,10000,45,REP012
12,Fictional Outlet 00012,West,Traditional Trade,Large,2022-06-09,50000,15,REP013
13,Fictional Outlet 00013,North,Wholesale,Large,2023-12-29,25000,15,REP014
14,Fictional Outlet 00014,South,Modern Trade,Large,2022-01-17,10000,15,REP015
15,Fictional Outlet 00015,East,Modern Trade,Large,2022-01-17,50000,60,REP016
16,Fictional Outlet 00016,West,Ecommerce,Large,2023-09-11,5000,30,REP017
17,Fictional Outlet 00017,North,Modern Trade,Small,2023-02-10,50000,60,REP018
18,Fictional Outlet 00018,South,Traditional Trade,Small,2023-12-02,50000,15,REP019
19,Fictional Outlet 00019,East,Traditional Trade,Small,2022-10-04,5000,15,REP020
20,Fictional Outlet 00020,West,Traditional Trade,Large,2022-04-29,10000,30,REP021
21,Fictional Outlet 00021,North,Traditional Trade,Large,2022-02-19,50000,60,REP022
22,Fictional Outlet 00022,South,Ecommerce,Large,2022-03-04,10000,60,REP023
23,Fictional Outlet 00023,East,Modern Trade,Medium,2023-07-20,25000,60,REP024
24,Fictional Outlet 00024,West,Traditional Trade,Small,2023-07-05,10000,30,REP025
25,Fictional Outlet 00025,North,Modern Trade,Small,2023-11-19,50000,60,REP026
26,Fictional Outlet 00026,South,Traditional Trade,Medium,2022-06-10,5000,45,REP027
27,Fictional Outlet 00027,East,Traditional Trade,Large,2023-07-18,50000,30,REP028
28,Fictional Outlet 00028,West,Modern Trade,Small,2022-07-08,5000,45,REP029
29,Fictional Outlet 00029,North,Traditional Trade,Small,2023-02-27,10000,45,REP030
30,Fictional Outlet 00030,South,Traditional Trade,Medium,2023-07-23,50000,30,REP031
31,Fictional Outlet 00031,East,Traditional Trade,Small,2022-10-31,25000,60,REP032
32,Fictional Outlet 00032,West,Traditional Trade,Small,2022-08-12,10000,60,REP033
33,Fictional Outlet 00033,North,Modern Trade,Small,2023-01-12,10000,30,REP034
34,Fictional Outlet 00034,South,Modern Trade,Large,2023-09-07,50000,30,REP035
35,Fictional Outlet 00035,East,Wholesale,Large,2022-10-01,25000,60,REP036
36,Fictional Outlet 00036,West,Traditional Trade,Large,2022-03-12,50000,60,REP037
37,Fictional Outlet 00037,North,Traditional Trade,Large,2022-07-23,50000,15,REP038
38,Fictional Outlet 00038,South,Traditional Trade,Small,2023-04-13,25000,45,REP039
39,Fictional Outlet 00039,East,Modern Trade,Large,2023-09-29,50000,45,REP040
40,Fictional Outlet 00040,West,Wholesale,Small,2023-09-27,50000,45,REP041
41,Fictional Outlet 00041,North,Wholesale,Small,2023-07-01,50000,60,REP042
42,Fictional Outlet 00042,South,Ecommerce,Large,2022-07-20,25000,60,REP043
43,Fictional Outlet 00043,East,Modern Trade,Medium,2022-03-09,5000,30,REP044
44,Fictional Outlet 00044,West,Traditional Trade,Large,2023-08-12,25000,30,REP045
45,Fictional Outlet 00045,North,Traditional Trade,Small,2022-10-27,25000,15,REP046
46,Fictional Outlet 00046,South,Traditional Trade,Small,2022-03-29,50000,45,REP047
47,Fictional Outlet 00047,East,Traditional Trade,Large,2022-07-24,50000,15,REP048
48,Fictional Outlet 00048,West,Traditional Trade,Medium,2023-12-24,25000,60,REP049
49,Fictional Outlet 00049,North,Modern Trade,Small,2023-02-05,25000,30,REP050
50,Fictional Outlet 00050,South,Traditional Trade,Medium,2023-03-26,10000,30,REP051
51,Fictional Outlet 00051,East,Traditional Trade,Small,2023-06-02,50000,15,REP052
52,Fictional Outlet 00052,West,Traditional Trade,Large,2022-02-12,50000,45,REP053
53,Fictional Outlet 00053,North,Traditional Trade,Small,2023-05-13,5000,60,REP054
54,Fictional Outlet 00054,South,Ecommerce,Medium,2022-01-25,5000,45,REP055
55,Fictional Outlet 00055,East,Traditional Trade,Large,2022-11-20,25000,60,REP056
56,Fictional Outlet 00056,West,Traditional Trade,Large,2023-02-17,25000,15,REP057
57,Fictional Outlet 00057,North,Ecommerce,Small,2022-02-25,5000,30,REP058
58,Fictional Outlet 00058,South,Traditional Trade,Large,2023-11-03,10000,15,REP059
59,Fictional Outlet 00059,East,Traditional Trade,Medium,2022-09-01,10000,15,REP060
60,Fictional Outlet 00060,West,Traditional Trade,Small,2023-12-20,25000,45,REP061
61,Fictional Outlet 00061,North,Traditional Trade,Large,2023-08-03,50000,15,REP062
62,Fictional Outlet 00062,South,Traditional Trade,Medium,2023-10-27,25000,30,REP063
63,Fictional Outlet 00063,East,Traditional Trade,Medium,2022-04-18,10000,15,REP064
64,Fictional Outlet 00064,West,Traditional Trade,Large,2023-12-23,25000,30,REP065
65,Fictional Outlet 00065,North,Wholesale,Small,2023-09-19,5000,30,REP066
66,Fictional Outlet 00066,South,Wholesale,Large,2022-08-25,5000,15,REP067
67,Fictional Outlet 00067,East,Traditional Trade,Small,2023-10-30,5000,15,REP068
68,Fictional Outlet 00068,West,Wholesale,Medium,2022-05-04,5000,45,REP069
69,Fictional Outlet 00069,North,Wholesale,Small,2022-06-06,25000,60,REP070
70,Fictional Outlet 00070,South,Modern Trade,Small,2023-09-19,10000,60,REP071
71,Fictional Outlet 00071,East,Modern Trade,Large,2023-11-18,10000,30,REP072
72,Fictional Outlet 00072,West,Traditional Trade,Medium,2022-04-12,25000,30,REP073
73,Fictional Outlet 00073,North,Traditional Trade,Medium,2023-11-13,50000,15,REP074
74,Fictional Outlet 00074,South,Modern Trade,Medium,2023-06-30,5000,30,REP075
75,Fictional Outlet 00075,East,Modern Trade,Large,2023-03-18,10000,45,REP076
76,Fictional Outlet 00076,West,Traditional Trade,Large,2022-05-08,25000,45,REP077
77,Fictional Outlet 00077,North,Wholesale,Small,2022-07-20,50000,60,REP078
78,Fictional Outlet 00078,South,Ecommerce,Small,2023-06-30,5000,60,REP079
79,Fictional Outlet 00079,East,Ecommerce,Small,2022-12-03,5000,30,REP080
80,Fictional Outlet 00080,West,Traditional Trade,Small,2023-09-13,10000,45,REP001
81,Fictional Outlet 00081,North,Traditional Trade,Medium,2023-01-17,50000,15,REP002
82,Fictional Outlet 00082,South,Wholesale,Large,2023-06-12,5000,60,REP003
83,Fictional Outlet 00083,East,Wholesale,Medium,2022-12-25,10000,15,REP004
84,Fictional Outlet 00084,West,Traditional Trade,Large,2023-09-22,5000,30,REP005
85,Fictional Outlet 00085,North,Wholesale,Medium,2022-09-14,25000,45,REP006
86,Fictional Outlet 00086,South,Wholesale,Small,2023-08-05,5000,15,REP007
87,Fictional Outlet 00087,East,Traditional Trade,Large,2022-10-02,50000,45,REP008
88,Fictional Outlet 00088,West,Wholesale,Medium,2022-05-14,10000,15,REP009
89,Fictional Outlet 00089,North,Wholesale,Small,2023-09-12,25000,45,REP010
90,Fictional Outlet 00090,South,Traditional Trade,Large,2022-08-07,25000,30,REP011
91,Fictional Outlet 00091,East,Traditional Trade,Large,2022-08-15,25000,15,REP012
92,Fictional Outlet 00092,West,Traditional Trade,Medium,2023-05-20,5000,30,REP013
93,Fictional Outlet 00093,North,Traditional Trade,Large,2022-03-23,5000,60,REP014
94,Fictional Outlet 00094,South,Modern Trade,Large,2023-08-24,10000,60,REP015
95,Fictional Outlet 00095,East,Traditional Trade,Small,2023-07-14,10000,60,REP016
96,Fictional Outlet 00096,West,Traditional Trade,Large,2022-09-12,5000,60,REP017
97,Fictional Outlet 00097,North, TRADITIONAL TRADE ,Large,2022-02-07,5000,15,REP018
98,Fictional Outlet 00098,South,Modern Trade,Large,2022-05-18,10000,45,REP019
99,Fictional Outlet 00099,East,Traditional Trade,Large,2022-04-09,10000,45,REP020
100,Fictional Outlet 00100,West,Modern Trade,Large,2023-07-13,50000,15,REP021
101,Fictional Outlet 00101,North,Wholesale,Medium,2023-05-02,10000,15,REP022
102,Fictional Outlet 00102,South,Traditional Trade,Small,2022-06-28,10000,60,REP023
103,Fictional Outlet 00103,East,Traditional Trade,Medium,2023-06-23,10000,45,REP024
104,Fictional Outlet 00104,West,Ecommerce,Small,2023-05-26,5000,45,REP025
105,Fictional Outlet 00105,North,Ecommerce,Medium,2022-10-13,50000,60,REP026
106,Fictional Outlet 00106,South,Traditional Trade,Large,2023-11-03,10000,60,REP027
107,Fictional Outlet 00107,East,Traditional Trade,Small,2023-04-25,50000,15,REP028
108,Fictional Outlet 00108,West,Traditional Trade,Large,2023-12-06,10000,30,REP029
109,Fictional Outlet 00109,North,Wholesale,Large,2023-04-03,10000,45,REP030
110,Fictional Outlet 00110,South,Traditional Trade,Medium,2023-10-18,5000,30,REP031
111,Fictional Outlet 00111,East,Traditional Trade,Small,2023-06-18,10000,45,REP032
112,Fictional Outlet 00112,West,Ecommerce,Large,2023-11-10,50000,30,REP033
113,Fictional Outlet 00113,North,Traditional Trade,Large,2023-11-15,5000,15,
114,Fictional Outlet 00114,South,Traditional Trade,Large,2022-04-03,10000,45,REP035
115,Fictional Outlet 00115,East,Wholesale,Medium,2022-08-08,25000,15,REP036
116,Fictional Outlet 00116,West,Traditional Trade,Large,2023-08-19,50000,30,REP037
117,Fictional Outlet 00117,North,Ecommerce,Medium,2022-11-01,25000,15,REP038
118,Fictional Outlet 00118,South,Traditional Trade,Medium,2022-12-11,50000,60,REP039
119,Fictional Outlet 00119,East,Ecommerce,Small,2022-02-12,10000,30,REP040
120,Fictional Outlet 00120,West,Traditional Trade,Large,2022-02-21,25000,60,REP041
121,Fictional Outlet 00121,North,Traditional Trade,Small,2022-10-30,25000,30,REP042
122,Fictional Outlet 00122,South,Modern Trade,Large,2023-06-16,5000,15,REP043
123,Fictional Outlet 00123,East,Traditional Trade,Small,2022-06-12,10000,15,REP044
124,Fictional Outlet 00124,West,Modern Trade,Large,2022-11-14,10000,15,REP045
125,Fictional Outlet 00125,North,Traditional Trade,Medium,2023-03-22,50000,15,REP046
126,Fictional Outlet 00126,South,Modern Trade,Medium,2022-10-25,25000,30,REP047
127,Fictional Outlet 00127,East,Traditional Trade,Large,2023-02-27,50000,45,REP048
128,Fictional Outlet 00128,West,Traditional Trade,Large,2023-05-30,50000,60,REP049
129,Fictional Outlet 00129,North,Wholesale,Large,2023-08-03,10000,60,REP050
130,Fictional Outlet 00130,South,Traditional Trade,Large,2023-09-08,10000,30,REP051
131,Fictional Outlet 00131,East,Traditional Trade,Small,2022-05-14,5000,30,REP052
132,Fictional Outlet 00132,West,Traditional Trade,Medium,2022-02-15,5000,15,REP053
133,Fictional Outlet 00133,North,Traditional Trade,Small,2023-12-23,5000,15,REP054
134,Fictional Outlet 00134,South,Ecommerce,Large,2022-05-13,10000,60,REP055
135,Fictional Outlet 00135,East,Traditional Trade,Medium,2022-03-29,25000,30,REP056
136,Fictional Outlet 00136,West,Modern Trade,Large,2023-08-02,10000,30,REP057
137,Fictional Outlet 00137,North,Traditional Trade,Large,2023-12-11,50000,30,REP058
138,Fictional Outlet 00138,South,Traditional Trade,Small,2023-08-05,10000,60,REP059
139,Fictional Outlet 00139,East,Modern Trade,Small,2023-01-05,10000,45,REP060
140,Fictional Outlet 00140,West,Modern Trade,Large,2022-04-29,5000,45,REP061
141,Fictional Outlet 00141,North,Traditional Trade,Small,2022-04-26,25000,45,REP062
142,Fictional Outlet 00142,South,Modern Trade,Small,2023-09-30,5000,15,REP063
143,Fictional Outlet 00143,East,Traditional Trade,Small,2023-02-02,50000,15,REP064
144,Fictional Outlet 00144,West,Traditional Trade,Large,2023-04-20,5000,60,REP065
145,Fictional Outlet 00145,North,Traditional Trade,Large,2022-07-24,5000,15,REP066
146,Fictional Outlet 00146,South,Traditional Trade,Small,2023-05-12,10000,60,REP067
147,Fictional Outlet 00147,East,Traditional Trade,Large,2022-12-08,50000,15,REP068
148,Fictional Outlet 00148,West,Ecommerce,Large,2023-01-16,5000,60,REP069
149,Fictional Outlet 00149,North,Wholesale,Medium,2023-07-27,50000,30,REP070
150,Fictional Outlet 00150,South,Wholesale,Medium,2022-04-18,5000,60,REP071
151,Fictional Outlet 00151,East,Traditional Trade,Small,2023-12-04,25000,15,REP072
152,Fictional Outlet 00152,West,Ecommerce,Small,2023-01-18,25000,45,REP073
153,Fictional Outlet 00153,North,Ecommerce,Small,2022-05-04,50000,30,REP074
154,Fictional Outlet 00154,South,Traditional Trade,Large,2022-07-31,10000,30,REP075
155,Fictional Outlet 00155,East,Wholesale,Large,2022-04-19,25000,45,REP076
156,Fictional Outlet 00156,West,Wholesale,Small,2023-04-01,5000,30,REP077
157,Fictional Outlet 00157,North,Traditional Trade,Medium,2023-10-16,50000,15,REP078
158,Fictional Outlet 00158,South,Traditional Trade,Medium,2023-11-30,50000,15,REP079
159,Fictional Outlet 00159,East,Traditional Trade,Small,2023-06-27,10000,45,REP080
160,Fictional Outlet 00160,West,Traditional Trade,Large,2022-08-03,50000,60,REP001
161,Fictional Outlet 00161,North,Wholesale,Medium,2023-05-14,10000,30,REP002
162,Fictional Outlet 00162,South,Traditional Trade,Medium,2022-01-08,25000,15,REP003
163,Fictional Outlet 00163,East,Wholesale,Medium,2022-03-02,5000,45,REP004
164,Fictional Outlet 00164,West,Ecommerce,Small,2023-12-30,5000,60,REP005
165,Fictional Outlet 00165,North,Wholesale,Large,2022-11-27,10000,60,REP006
166,Fictional Outlet 00166,South,Modern Trade,Small,2023-07-28,25000,60,REP007
167,Fictional Outlet 00167,East,Traditional Trade,Large,2022-05-19,10000,45,REP008
168,Fictional Outlet 00168,West,Traditional Trade,Large,2023-02-07,50000,15,REP009
169,Fictional Outlet 00169,North,Wholesale,Large,2022-02-14,10000,45,REP010
170,Fictional Outlet 00170,South,Traditional Trade,Small,2023-10-17,5000,30,REP011
171,Fictional Outlet 00171,East,Traditional Trade,Medium,2022-10-24,50000,15,REP012
172,Fictional Outlet 00172,West,Modern Trade,Large,2023-03-13,50000,30,REP013
173,Fictional Outlet 00173,North,Traditional Trade,Small,2022-11-26,5000,15,REP014
174,Fictional Outlet 00174,South,Traditional Trade,Medium,2022-03-30,50000,45,REP015
175,Fictional Outlet 00175,East,Ecommerce,Medium,2022-09-25,5000,15,REP016
176,Fictional Outlet 00176,West,Traditional Trade,Small,2022-01-02,10000,60,REP017
177,Fictional Outlet 00177,North,Wholesale,Medium,2023-05-19,25000,45,REP018
178,Fictional Outlet 00178,South,Traditional Trade,Small,2022-12-21,50000,45,REP019
179,Fictional Outlet 00179,East,Ecommerce,Large,2023-07-30,10000,60,REP020
180,Fictional Outlet 00180,West,Traditional Trade,Small,2022-09-11,5000,15,REP021
181,Fictional Outlet 00181,North,Traditional Trade,Small,2023-09-05,5000,15,REP022
182,Fictional Outlet 00182,South,Traditional Trade,Large,2022-01-03,10000,45,REP023
183,Fictional Outlet 00183,East,Wholesale,Small,2022-03-07,5000,15,REP024
184,Fictional Outlet 00184,West,Traditional Trade,Medium,2022-03-24,5000,60,REP025
185,Fictional Outlet 00185,North,Wholesale,Medium,2022-05-02,50000,30,REP026
186,Fictional Outlet 00186,South,Wholesale,Medium,2022-03-03,50000,45,REP027
187,Fictional Outlet 00187,East,Wholesale,Small,2023-09-23,25000,45,REP028
188,Fictional Outlet 00188,West,Wholesale,Large,2022-08-29,25000,45,REP029
189,Fictional Outlet 00189,North,Ecommerce,Small,2023-03-19,25000,15,REP030
190,Fictional Outlet 00190,South,Modern Trade,Large,2022-08-13,10000,15,REP031
191,Fictional Outlet 00191,East,Traditional Trade,Large,2022-06-08,50000,45,REP032
192,Fictional Outlet 00192,West,Modern Trade,Large,2023-05-29,50000,30,REP033
193,Fictional Outlet 00193,North,Traditional Trade,Large,2022-03-11,5000,15,REP034
194,Fictional Outlet 00194,South, TRADITIONAL TRADE ,Medium,2022-05-16,10000,15,REP035
195,Fictional Outlet 00195,East,Modern Trade,Small,2022-02-23,50000,15,REP036
196,Fictional Outlet 00196,West,Wholesale,Medium,2023-01-21,5000,60,REP037
197,Fictional Outlet 00197,North,Traditional Trade,Medium,2023-05-16,25000,45,REP038
198,Fictional Outlet 00198,South,Traditional Trade,Large,2023-03-13,50000,15,REP039
199,Fictional Outlet 00199,East,Wholesale,Large,2022-12-02,25000,30,REP040
200,Fictional Outlet 00200,West,Traditional Trade,Medium,2022-02-15,10000,30,REP041
201,Fictional Outlet 00201,North,Traditional Trade,Small,2023-06-13,25000,60,REP042
202,Fictional Outlet 00202,South,Traditional Trade,Small,2022-07-22,10000,60,REP043
203,Fictional Outlet 00203,East,Wholesale,Small,2023-09-06,5000,15,REP044
204,Fictional Outlet 00204,West,Traditional Trade,Large,2023-09-17,50000,30,REP045
205,Fictional Outlet 00205,North,Traditional Trade,Small,2022-06-24,10000,30,REP046
206,Fictional Outlet 00206,South,Traditional Trade,Large,2023-12-23,25000,15,REP047
207,Fictional Outlet 00207,East,Modern Trade,Small,2023-07-12,50000,60,REP048
208,Fictional Outlet 00208,West,Modern Trade,Medium,2023-09-14,10000,30,REP049
209,Fictional Outlet 00209,North,Traditional Trade,Medium,2023-05-12,5000,60,REP050
210,Fictional Outlet 00210,South,Wholesale,Medium,2022-02-21,10000,30,REP051
211,Fictional Outlet 00211,East,Wholesale,Large,2023-03-14,10000,45,REP052
212,Fictional Outlet 00212,West,Modern Trade,Medium,2023-10-03,25000,45,REP053
213,Fictional Outlet 00213,North,Traditional Trade,Medium,2023-12-24,5000,15,REP054
214,Fictional Outlet 00214,South,Traditional Trade,Small,2022-02-14,5000,30,REP055
215,Fictional Outlet 00215,East,Traditional Trade,Medium,2022-11-28,5000,60,REP056
216,Fictional Outlet 00216,West,Wholesale,Small,2023-05-13,5000,30,REP057
217,Fictional Outlet 00217,North,Wholesale,Medium,2022-04-10,5000,60,REP058
218,Fictional Outlet 00218,South,Traditional Trade,Medium,2023-10-05,50000,30,REP059
219,Fictional Outlet 00219,East,Traditional Trade,Large,2023-05-22,50000,60,REP060
220,Fictional Outlet 00220,West,Modern Trade,Large,2023-11-26,10000,60,REP061
221,Fictional Outlet 00221,North,Modern Trade,Small,2022-04-28,50000,60,REP062
222,Fictional Outlet 00222,South,Wholesale,Large,2022-06-29,5000,60,REP063
223,Fictional Outlet 00223,East,Modern Trade,Small,2022-06-28,5000,60,REP064
224,Fictional Outlet 00224,West,Traditional Trade,Medium,2023-08-06,50000,30,REP065
225,Fictional Outlet 00225,North,Traditional Trade,Large,2023-04-28,25000,60,REP066
226,Fictional Outlet 00226,South,Traditional Trade,Large,2022-01-09,5000,45,
227,Fictional Outlet 00227,East,Traditional Trade,Small,2022-04-01,5000,45,REP068
228,Fictional Outlet 00228,West,Ecommerce,Medium,2023-02-14,25000,60,REP069
229,Fictional Outlet 00229,North,Traditional Trade,Medium,2023-08-19,50000,60,REP070
230,Fictional Outlet 00230,South,Traditional Trade,Medium,2023-12-07,50000,30,REP071
231,Fictional Outlet 00231,East,Modern Trade,Large,2023-04-19,50000,15,REP072
232,Fictional Outlet 00232,West,Wholesale,Medium,2022-06-08,5000,60,REP073
233,Fictional Outlet 00233,North,Traditional Trade,Small,2023-09-17,5000,60,REP074
234,Fictional Outlet 00234,South,Traditional Trade,Large,2023-10-04,50000,45,REP075
235,Fictional Outlet 00235,East,Traditional Trade,Small,2022-08-14,10000,45,REP076
236,Fictional Outlet 00236,West,Traditional Trade,Medium,2022-10-16,25000,60,REP077
237,Fictional Outlet 00237,North,Modern Trade,Small,2023-07-24,50000,45,REP078
238,Fictional Outlet 00238,South,Modern Trade,Small,2022-08-08,25000,60,REP079
239,Fictional Outlet 00239,East,Wholesale,Small,2022-10-28,50000,45,REP080
240,Fictional Outlet 00240,West,Wholesale,Large,2022-08-26,50000,60,REP001
241,Fictional Outlet 00241,North,Traditional Trade,Small,2023-10-26,10000,45,REP002
242,Fictional Outlet 00242,South,Traditional Trade,Small,2023-11-14,25000,15,REP003
243,Fictional Outlet 00243,East,Modern Trade,Large,2023-04-11,50000,15,REP004
244,Fictional Outlet 00244,West,Traditional Trade,Small,2022-09-25,5000,60,REP005
245,Fictional Outlet 00245,North,Traditional Trade,Large,2022-09-17,5000,15,REP006
246,Fictional Outlet 00246,South,Traditional Trade,Small,2023-07-13,5000,15,REP007
247,Fictional Outlet 00247,East,Traditional Trade,Large,2023-05-16,5000,45,REP008
248,Fictional Outlet 00248,West,Traditional Trade,Medium,2022-10-14,25000,30,REP009
249,Fictional Outlet 00249,North,Wholesale,Medium,2023-02-15,10000,30,REP010
250,Fictional Outlet 00250,South,Traditional Trade,Large,2022-07-19,50000,60,REP011
251,Fictional Outlet 00251,East,Wholesale,Large,2022-10-26,10000,30,REP012
252,Fictional Outlet 00252,West,Traditional Trade,Medium,2022-05-05,25000,15,REP013
253,Fictional Outlet 00253,North,Traditional Trade,Medium,2023-04-16,25000,30,REP014
254,Fictional Outlet 00254,South,Traditional Trade,Small,2022-04-17,50000,30,REP015
255,Fictional Outlet 00255,East,Wholesale,Large,2022-05-13,25000,45,REP016
256,Fictional Outlet 00256,West,Traditional Trade,Large,2023-08-10,10000,60,REP017
257,Fictional Outlet 00257,North,Wholesale,Small,2023-06-23,10000,15,REP018
258,Fictional Outlet 00258,South,Ecommerce,Small,2023-08-21,50000,45,REP019
259,Fictional Outlet 00259,East,Traditional Trade,Small,2022-07-15,25000,45,REP020
260,Fictional Outlet 00260,West,Traditional Trade,Medium,2023-10-23,25000,15,REP021
261,Fictional Outlet 00261,North,Traditional Trade,Medium,2022-07-13,5000,30,REP022
262,Fictional Outlet 00262,South,Traditional Trade,Small,2023-08-28,25000,45,REP023
263,Fictional Outlet 00263,East,Traditional Trade,Small,2023-04-18,25000,15,REP024
264,Fictional Outlet 00264,West,Traditional Trade,Small,2022-06-28,50000,15,REP025
265,Fictional Outlet 00265,North,Traditional Trade,Medium,2022-11-07,25000,15,REP026
266,Fictional Outlet 00266,South,Wholesale,Medium,2022-05-05,10000,60,REP027
267,Fictional Outlet 00267,East,Traditional Trade,Large,2022-07-26,25000,30,REP028
268,Fictional Outlet 00268,West,Traditional Trade,Medium,2022-04-19,5000,60,REP029
269,Fictional Outlet 00269,North,Traditional Trade,Large,2022-08-13,25000,15,REP030
270,Fictional Outlet 00270,South,Modern Trade,Small,2023-01-08,25000,15,REP031
271,Fictional Outlet 00271,East,Traditional Trade,Large,2022-08-09,10000,45,REP032
272,Fictional Outlet 00272,West,Wholesale,Large,2023-04-22,50000,45,REP033
273,Fictional Outlet 00273,North,Ecommerce,Large,2022-07-12,50000,30,REP034
274,Fictional Outlet 00274,South,Wholesale,Small,2023-12-13,50000,15,REP035
275,Fictional Outlet 00275,East,Modern Trade,Large,2023-11-19,5000,30,REP036
276,Fictional Outlet 00276,West,Traditional Trade,Medium,2023-03-14,25000,45,REP037
277,Fictional Outlet 00277,North,Traditional Trade,Large,2022-01-16,5000,45,REP038
278,Fictional Outlet 00278,South,Traditional Trade,Large,2022-04-22,5000,60,REP039
279,Fictional Outlet 00279,East,Traditional Trade,Large,2023-02-02,10000,45,REP040
280,Fictional Outlet 00280,West,Traditional Trade,Medium,2022-12-07,10000,45,REP041
281,Fictional Outlet 00281,North,Traditional Trade,Large,2022-01-14,5000,30,REP042
282,Fictional Outlet 00282,South,Traditional Trade,Large,2022-12-11,25000,15,REP043
283,Fictional Outlet 00283,East,Traditional Trade,Small,2022-03-03,25000,45,REP044
284,Fictional Outlet 00284,West,Traditional Trade,Small,2022-06-29,10000,45,REP045
285,Fictional Outlet 00285,North,Traditional Trade,Small,2023-07-17,10000,15,REP046
286,Fictional Outlet 00286,South,Traditional Trade,Medium,2022-03-28,10000,15,REP047
287,Fictional Outlet 00287,East,Traditional Trade,Large,2022-09-19,50000,60,REP048
288,Fictional Outlet 00288,West,Wholesale,Small,2022-06-15,10000,45,REP049
289,Fictional Outlet 00289,North,Wholesale,Small,2022-04-18,10000,45,REP050
290,Fictional Outlet 00290,South,Wholesale,Small,2023-12-02,50000,45,REP051
291,Fictional Outlet 00291,East, MODERN TRADE ,Small,2022-05-31,50000,45,REP052
292,Fictional Outlet 00292,West,Traditional Trade,Small,2022-07-20,25000,60,REP053
293,Fictional Outlet 00293,North,Ecommerce,Medium,2022-02-27,5000,60,REP054
294,Fictional Outlet 00294,South,Traditional Trade,Medium,2023-07-20,25000,45,REP055
295,Fictional Outlet 00295,East,Wholesale,Large,2023-07-19,10000,60,REP056
296,Fictional Outlet 00296,West,Traditional Trade,Large,2023-06-13,10000,60,REP057
297,Fictional Outlet 00297,North,Traditional Trade,Small,2022-01-25,5000,45,REP058
298,Fictional Outlet 00298,South,Traditional Trade,Large,2022-09-18,5000,60,REP059
299,Fictional Outlet 00299,East,Traditional Trade,Small,2023-11-12,10000,45,REP060
300,Fictional Outlet 00300,West,Wholesale,Small,2023-09-03,50000,60,REP061
301,Fictional Outlet 00301,North,Traditional Trade,Medium,2022-07-10,5000,30,REP062
302,Fictional Outlet 00302,South,Traditional Trade,Medium,2022-09-07,5000,60,REP063
303,Fictional Outlet 00303,East,Traditional Trade,Large,2022-08-09,25000,45,REP064
304,Fictional Outlet 00304,West,Modern Trade,Large,2022-07-21,50000,45,REP065
305,Fictional Outlet 00305,North,Traditional Trade,Small,2023-04-14,10000,15,REP066
306,Fictional Outlet 00306,South,Traditional Trade,Large,2023-02-15,10000,30,REP067
307,Fictional Outlet 00307,East,Ecommerce,Small,2023-07-28,25000,15,REP068
308,Fictional Outlet 00308,West,Modern Trade,Medium,2022-06-06,10000,60,REP069
309,Fictional Outlet 00309,North,Wholesale,Small,2022-03-02,50000,30,REP070
310,Fictional Outlet 00310,South,Wholesale,Large,2022-04-14,10000,15,REP071
311,Fictional Outlet 00311,East,Traditional Trade,Large,2023-02-10,50000,15,REP072
312,Fictional Outlet 00312,West,Modern Trade,Small,2022-02-21,10000,45,REP073
313,Fictional Outlet 00313,North,Traditional Trade,Small,2023-06-29,10000,45,REP074
314,Fictional Outlet 00314,South,Wholesale,Medium,2023-07-31,50000,30,REP075
315,Fictional Outlet 00315,East,Modern Trade,Large,2022-02-06,25000,15,REP076
316,Fictional Outlet 00316,West,Traditional Trade,Small,2023-10-07,25000,15,REP077
317,Fictional Outlet 00317,North,Traditional Trade,Large,2023-02-28,25000,15,REP078
318,Fictional Outlet 00318,South,Traditional Trade,Medium,2022-08-14,10000,60,REP079
319,Fictional Outlet 00319,East,Traditional Trade,Small,2023-07-11,50000,30,REP080
320,Fictional Outlet 00320,West,Traditional Trade,Small,2023-01-11,25000,15,REP001
321,Fictional Outlet 00321,North,Traditional Trade,Medium,2023-07-19,50000,15,REP002
322,Fictional Outlet 00322,South,Traditional Trade,Large,2022-04-09,25000,60,REP003
323,Fictional Outlet 00323,East,Traditional Trade,Medium,2022-07-20,10000,30,REP004
324,Fictional Outlet 00324,West,Traditional Trade,Small,2022-08-02,5000,30,REP005
325,Fictional Outlet 00325,North,Modern Trade,Medium,2023-08-30,50000,15,REP006
326,Fictional Outlet 00326,South,Ecommerce,Medium,2023-09-12,50000,60,REP007
327,Fictional Outlet 00327,East,Traditional Trade,Small,2023-11-07,10000,60,REP008
328,Fictional Outlet 00328,West,Modern Trade,Medium,2023-06-20,10000,45,REP009
329,Fictional Outlet 00329,North,Modern Trade,Large,2022-11-07,25000,30,REP010
330,Fictional Outlet 00330,South,Traditional Trade,Medium,2022-06-03,5000,60,REP011
331,Fictional Outlet 00331,East,Wholesale,Small,2022-04-15,5000,30,REP012
332,Fictional Outlet 00332,West,Modern Trade,Medium,2023-07-17,50000,60,REP013
333,Fictional Outlet 00333,North,Traditional Trade,Small,2022-09-30,25000,30,REP014
334,Fictional Outlet 00334,South,Traditional Trade,Medium,2022-07-04,50000,45,REP015
335,Fictional Outlet 00335,East,Ecommerce,Medium,2023-02-10,10000,45,REP016
336,Fictional Outlet 00336,West,Traditional Trade,Small,2022-09-05,5000,15,REP017
337,Fictional Outlet 00337,North,Traditional Trade,Small,2023-05-04,25000,15,REP018
338,Fictional Outlet 00338,South,Traditional Trade,Large,2023-01-10,50000,60,REP019
339,Fictional Outlet 00339,East,Wholesale,Medium,2023-02-04,10000,15,
340,Fictional Outlet 00340,West,Wholesale,Small,2022-07-16,5000,15,REP021
341,Fictional Outlet 00341,North,Traditional Trade,Large,2023-12-24,50000,15,REP022
342,Fictional Outlet 00342,South,Wholesale,Medium,2023-08-05,10000,15,REP023
343,Fictional Outlet 00343,East,Modern Trade,Medium,2023-02-13,5000,60,REP024
344,Fictional Outlet 00344,West,Traditional Trade,Large,2023-09-27,5000,60,REP025
345,Fictional Outlet 00345,North,Wholesale,Medium,2023-11-07,5000,30,REP026
346,Fictional Outlet 00346,South,Traditional Trade,Large,2022-10-29,50000,60,REP027
347,Fictional Outlet 00347,East,Wholesale,Large,2023-12-09,10000,60,REP028
348,Fictional Outlet 00348,West,Wholesale,Small,2022-02-01,10000,60,REP029
349,Fictional Outlet 00349,North,Modern Trade,Large,2022-04-29,25000,15,REP030
350,Fictional Outlet 00350,South,Traditional Trade,Large,2022-07-03,5000,60,REP031
351,Fictional Outlet 00351,East,Modern Trade,Large,2022-07-02,5000,60,REP032
352,Fictional Outlet 00352,West,Modern Trade,Small,2023-06-09,25000,60,REP033
353,Fictional Outlet 00353,North,Traditional Trade,Medium,2023-07-05,5000,30,REP034
354,Fictional Outlet 00354,South,Traditional Trade,Small,2023-01-12,10000,60,REP035
355,Fictional Outlet 00355,East,Wholesale,Medium,2022-07-14,10000,45,REP036
356,Fictional Outlet 00356,West,Wholesale,Medium,2022-05-04,50000,30,REP037
357,Fictional Outlet 00357,North,Traditional Trade,Medium,2023-10-06,10000,15,REP038
358,Fictional Outlet 00358,South,Ecommerce,Medium,2023-03-22,25000,45,REP039
359,Fictional Outlet 00359,East,Traditional Trade,Medium,2022-10-08,50000,30,REP040
360,Fictional Outlet 00360,West,Modern Trade,Small,2023-12-02,10000,60,REP041
361,Fictional Outlet 00361,North,Traditional Trade,Large,2023-08-18,25000,45,REP042
362,Fictional Outlet 00362,South,Wholesale,Large,2022-06-11,50000,45,REP043
363,Fictional Outlet 00363,East,Wholesale,Medium,2022-11-01,50000,15,REP044
364,Fictional Outlet 00364,West,Traditional Trade,Large,2023-01-28,25000,45,REP045
365,Fictional Outlet 00365,North,Traditional Trade,Small,2023-06-12,50000,60,REP046
366,Fictional Outlet 00366,South,Modern Trade,Medium,2023-02-24,50000,60,REP047
367,Fictional Outlet 00367,East,Modern Trade,Small,2022-06-09,5000,30,REP048
368,Fictional Outlet 00368,West,Wholesale,Large,2023-06-07,10000,15,REP049
369,Fictional Outlet 00369,North,Traditional Trade,Small,2023-06-11,25000,15,REP050
370,Fictional Outlet 00370,South,Traditional Trade,Small,2022-12-25,10000,60,REP051
371,Fictional Outlet 00371,East,Traditional Trade,Medium,2022-12-07,25000,60,REP052
372,Fictional Outlet 00372,West,Modern Trade,Large,2023-02-10,50000,45,REP053
373,Fictional Outlet 00373,North,Ecommerce,Large,2022-01-01,50000,15,REP054
374,Fictional Outlet 00374,South,Traditional Trade,Small,2023-03-16,25000,15,REP055
375,Fictional Outlet 00375,East,Traditional Trade,Medium,2023-11-19,50000,45,REP056
376,Fictional Outlet 00376,West,Modern Trade,Large,2023-12-01,25000,45,REP057
377,Fictional Outlet 00377,North,Ecommerce,Large,2022-03-19,10000,30,REP058
378,Fictional Outlet 00378,South,Wholesale,Small,2023-08-02,50000,30,REP059
379,Fictional Outlet 00379,East,Ecommerce,Medium,2023-02-24,25000,60,REP060
380,Fictional Outlet 00380,West,Traditional Trade,Medium,2022-06-26,5000,30,REP061
381,Fictional Outlet 00381,North,Traditional Trade,Small,2023-07-24,25000,30,REP062
382,Fictional Outlet 00382,South,Traditional Trade,Small,2022-06-11,25000,60,REP063
383,Fictional Outlet 00383,East,Traditional Trade,Large,2022-06-10,5000,15,REP064
384,Fictional Outlet 00384,West,Modern Trade,Medium,2023-09-23,10000,30,REP065
385,Fictional Outlet 00385,North,Traditional Trade,Medium,2023-02-04,10000,30,REP066
386,Fictional Outlet 00386,South,Traditional Trade,Medium,2022-06-03,50000,60,REP067
387,Fictional Outlet 00387,East,Modern Trade,Medium,2022-02-18,10000,60,REP068
388,Fictional Outlet 00388,West, ECOMMERCE ,Medium,2022-03-02,5000,30,REP069
389,Fictional Outlet 00389,North,Modern Trade,Large,2022-11-04,25000,60,REP070
390,Fictional Outlet 00390,South,Traditional Trade,Small,2022-12-09,5000,60,REP071
391,Fictional Outlet 00391,East,Traditional Trade,Medium,2023-04-05,5000,15,REP072
392,Fictional Outlet 00392,West,Traditional Trade,Medium,2023-06-21,5000,60,REP073
393,Fictional Outlet 00393,North,Modern Trade,Large,2023-01-26,5000,45,REP074
394,Fictional Outlet 00394,South,Ecommerce,Large,2023-08-22,10000,30,REP075
395,Fictional Outlet 00395,East,Wholesale,Large,2022-05-27,5000,45,REP076
396,Fictional Outlet 00396,West,Ecommerce,Large,2022-04-29,50000,30,REP077
397,Fictional Outlet 00397,North,Traditional Trade,Medium,2023-03-11,25000,60,REP078
398,Fictional Outlet 00398,South,Traditional Trade,Medium,2022-04-30,50000,60,REP079
399,Fictional Outlet 00399,East,Modern Trade,Small,2023-04-06,10000,30,REP080
400,Fictional Outlet 00400,West,Traditional Trade,Medium,2022-08-16,5000,15,REP001
401,Fictional Outlet 00401,North,Traditional Trade,Small,2023-07-24,50000,15,REP002
402,Fictional Outlet 00402,South,Wholesale,Small,2022-12-24,50000,60,REP003
403,Fictional Outlet 00403,East,Traditional Trade,Medium,2022-04-21,10000,15,REP004
404,Fictional Outlet 00404,West,Traditional Trade,Small,2023-07-05,5000,45,REP005
405,Fictional Outlet 00405,North,Traditional Trade,Small,2023-12-31,5000,45,REP006
406,Fictional Outlet 00406,South,Traditional Trade,Small,2023-12-18,25000,60,REP007
407,Fictional Outlet 00407,East,Wholesale,Small,2023-05-22,10000,60,REP008
408,Fictional Outlet 00408,West,Wholesale,Medium,2022-12-08,25000,60,REP009
409,Fictional Outlet 00409,North,Ecommerce,Large,2022-11-28,10000,45,REP010
410,Fictional Outlet 00410,South,Traditional Trade,Large,2023-06-16,50000,15,REP011
411,Fictional Outlet 00411,East,Traditional Trade,Large,2023-07-30,25000,15,REP012
412,Fictional Outlet 00412,West,Modern Trade,Medium,2023-05-08,5000,15,REP013
413,Fictional Outlet 00413,North,Traditional Trade,Small,2022-12-18,5000,60,REP014
414,Fictional Outlet 00414,South,Ecommerce,Large,2022-03-27,5000,30,REP015
415,Fictional Outlet 00415,East,Traditional Trade,Large,2022-04-07,5000,15,REP016
416,Fictional Outlet 00416,West,Traditional Trade,Small,2022-03-03,50000,60,REP017
417,Fictional Outlet 00417,North,Traditional Trade,Large,2022-12-09,10000,30,REP018
418,Fictional Outlet 00418,South,Wholesale,Medium,2022-03-17,5000,30,REP019
419,Fictional Outlet 00419,East,Traditional Trade,Medium,2023-02-03,25000,45,REP020
420,Fictional Outlet 00420,West,Ecommerce,Small,2023-07-18,5000,15,REP021
421,Fictional Outlet 00421,North,Traditional Trade,Medium,2022-04-10,5000,30,REP022
422,Fictional Outlet 00422,South,Wholesale,Large,2023-03-12,5000,15,REP023
423,Fictional Outlet 00423,East,Traditional Trade,Large,2023-12-18,10000,45,REP024
424,Fictional Outlet 00424,West,Modern Trade,Small,2022-10-08,10000,60,REP025
425,Fictional Outlet 00425,North,Traditional Trade,Large,2023-09-03,50000,60,REP026
426,Fictional Outlet 00426,South,Traditional Trade,Small,2023-05-30,25000,45,REP027
427,Fictional Outlet 00427,East,Traditional Trade,Large,2022-06-05,25000,15,REP028
428,Fictional Outlet 00428,West,Modern Trade,Medium,2023-10-31,10000,60,REP029
429,Fictional Outlet 00429,North,Traditional Trade,Large,2022-10-07,10000,45,REP030
430,Fictional Outlet 00430,South,Wholesale,Large,2022-10-31,5000,30,REP031
431,Fictional Outlet 00431,East,Traditional Trade,Small,2023-09-30,50000,45,REP032
432,Fictional Outlet 00432,West,Ecommerce,Medium,2023-01-28,50000,45,REP033
433,Fictional Outlet 00433,North,Traditional Trade,Small,2022-07-15,10000,30,REP034
434,Fictional Outlet 00434,South,Traditional Trade,Large,2022-07-28,25000,30,REP035
435,Fictional Outlet 00435,East,Traditional Trade,Large,2023-08-24,5000,60,REP036
436,Fictional Outlet 00436,West,Traditional Trade,Small,2022-11-17,50000,60,REP037
437,Fictional Outlet 00437,North,Traditional Trade,Small,2023-10-04,25000,45,REP038
438,Fictional Outlet 00438,South,Wholesale,Small,2022-02-28,5000,30,REP039
439,Fictional Outlet 00439,East,Ecommerce,Large,2023-04-30,5000,60,REP040
440,Fictional Outlet 00440,West,Traditional Trade,Small,2022-08-28,5000,30,REP041
441,Fictional Outlet 00441,North,Traditional Trade,Medium,2023-01-27,5000,45,REP042
442,Fictional Outlet 00442,South,Traditional Trade,Medium,2023-01-13,10000,15,REP043
443,Fictional Outlet 00443,East,Traditional Trade,Large,2023-11-12,25000,60,REP044
444,Fictional Outlet 00444,West,Wholesale,Small,2023-01-06,10000,60,REP045
445,Fictional Outlet 00445,North,Modern Trade,Small,2023-09-22,25000,30,REP046
446,Fictional Outlet 00446,South,Traditional Trade,Medium,2023-10-29,25000,15,REP047
447,Fictional Outlet 00447,East,Traditional Trade,Medium,2022-08-26,5000,15,REP048
448,Fictional Outlet 00448,West,Traditional Trade,Medium,2022-12-11,50000,15,REP049
449,Fictional Outlet 00449,North,Traditional Trade,Large,2022-06-07,5000,45,REP050
450,Fictional Outlet 00450,South,Traditional Trade,Small,2022-03-10,25000,15,REP051
451,Fictional Outlet 00451,East,Traditional Trade,Small,2023-11-25,50000,15,REP052
452,Fictional Outlet 00452,West,Traditional Trade,Medium,2023-11-27,10000,60,
453,Fictional Outlet 00453,North,Ecommerce,Medium,2022-07-21,5000,30,REP054
454,Fictional Outlet 00454,South,Wholesale,Medium,2022-08-16,5000,45,REP055
455,Fictional Outlet 00455,East,Traditional Trade,Medium,2022-04-07,5000,30,REP056
456,Fictional Outlet 00456,West,Wholesale,Medium,2023-02-23,50000,15,REP057
457,Fictional Outlet 00457,North,Traditional Trade,Medium,2022-01-11,10000,15,REP058
458,Fictional Outlet 00458,South,Traditional Trade,Small,2022-01-05,5000,60,REP059
459,Fictional Outlet 00459,East,Traditional Trade,Small,2023-08-06,25000,60,REP060
460,Fictional Outlet 00460,West,Wholesale,Medium,2023-02-20,25000,15,REP061
461,Fictional Outlet 00461,North,Ecommerce,Small,2023-11-22,10000,60,REP062
462,Fictional Outlet 00462,South,Wholesale,Large,2023-08-29,25000,30,REP063
463,Fictional Outlet 00463,East,Modern Trade,Small,2022-03-04,50000,45,REP064
464,Fictional Outlet 00464,West,Traditional Trade,Large,2023-04-09,50000,15,REP065
465,Fictional Outlet 00465,North,Traditional Trade,Small,2022-11-09,5000,45,REP066
466,Fictional Outlet 00466,South,Modern Trade,Small,2022-05-09,5000,45,REP067
467,Fictional Outlet 00467,East,Modern Trade,Medium,2023-02-01,25000,30,REP068
468,Fictional Outlet 00468,West,Traditional Trade,Large,2022-06-19,5000,30,REP069
469,Fictional Outlet 00469,North,Wholesale,Small,2022-04-18,50000,60,REP070
470,Fictional Outlet 00470,South,Traditional Trade,Small,2023-01-17,25000,60,REP071
471,Fictional Outlet 00471,East,Wholesale,Medium,2023-01-31,25000,30,REP072
472,Fictional Outlet 00472,West,Traditional Trade,Large,2022-02-28,50000,45,REP073
473,Fictional Outlet 00473,North,Modern Trade,Large,2022-11-15,25000,60,REP074
474,Fictional Outlet 00474,South,Modern Trade,Large,2023-12-03,5000,15,REP075
475,Fictional Outlet 00475,East,Traditional Trade,Small,2022-05-26,25000,60,REP076
476,Fictional Outlet 00476,West,Traditional Trade,Large,2022-06-06,50000,30,REP077
477,Fictional Outlet 00477,North,Traditional Trade,Small,2022-07-05,10000,45,REP078
478,Fictional Outlet 00478,South,Traditional Trade,Medium,2022-09-28,5000,30,REP079
479,Fictional Outlet 00479,East,Traditional Trade,Medium,2022-01-26,10000,30,REP080
480,Fictional Outlet 00480,West,Traditional Trade,Large,2023-01-01,25000,15,REP001
481,Fictional Outlet 00481,North,Traditional Trade,Medium,2022-08-27,5000,60,REP002
482,Fictional Outlet 00482,South,Modern Trade,Large,2022-07-21,25000,15,REP003
483,Fictional Outlet 00483,East,Modern Trade,Large,2023-11-10,10000,45,REP004
484,Fictional Outlet 00484,West,Modern Trade,Medium,2023-11-02,25000,30,REP005
485,Fictional Outlet 00485,North, ECOMMERCE ,Medium,2022-11-10,50000,60,REP006
486,Fictional Outlet 00486,South,Traditional Trade,Small,2023-03-03,50000,30,REP007
487,Fictional Outlet 00487,East,Modern Trade,Medium,2022-07-26,25000,15,REP008
488,Fictional Outlet 00488,West,Traditional Trade,Small,2023-08-02,50000,15,REP009
489,Fictional Outlet 00489,North,Traditional Trade,Large,2022-08-08,10000,15,REP010
490,Fictional Outlet 00490,South,Traditional Trade,Medium,2023-08-25,50000,30,REP011
491,Fictional Outlet 00491,East,Ecommerce,Small,2023-01-01,10000,15,REP012
492,Fictional Outlet 00492,West,Wholesale,Medium,2022-05-23,5000,60,REP013
493,Fictional Outlet 00493,North,Traditional Trade,Small,2023-08-13,5000,30,REP014
494,Fictional Outlet 00494,South,Modern Trade,Medium,2022-10-05,50000,30,REP015
495,Fictional Outlet 00495,East,Ecommerce,Small,2023-03-18,25000,60,REP016
496,Fictional Outlet 00496,West,Traditional Trade,Large,2023-02-27,5000,60,REP017
497,Fictional Outlet 00497,North,Traditional Trade,Small,2023-06-18,50000,60,REP018
498,Fictional Outlet 00498,South,Traditional Trade,Medium,2022-08-21,10000,30,REP019
499,Fictional Outlet 00499,East,Wholesale,Small,2022-02-14,25000,60,REP020
500,Fictional Outlet 00500,West,Wholesale,Medium,2022-09-30,5000,60,REP021
501,Fictional Outlet 00501,North,Ecommerce,Large,2022-07-15,10000,45,REP022
502,Fictional Outlet 00502,South,Traditional Trade,Small,2023-06-30,50000,15,REP023
503,Fictional Outlet 00503,East,Traditional Trade,Small,2023-10-30,5000,30,REP024
504,Fictional Outlet 00504,West,Traditional Trade,Large,2022-08-11,50000,45,REP025
505,Fictional Outlet 00505,North,Wholesale,Small,2023-04-18,10000,30,REP026
506,Fictional Outlet 00506,South,Traditional Trade,Medium,2023-04-01,5000,45,REP027
507,Fictional Outlet 00507,East,Traditional Trade,Small,2022-10-24,10000,15,REP028
508,Fictional Outlet 00508,West,Traditional Trade,Medium,2022-02-24,5000,15,REP029
509,Fictional Outlet 00509,North,Traditional Trade,Large,2022-09-21,10000,45,REP030
510,Fictional Outlet 00510,South,Modern Trade,Small,2022-12-27,10000,60,REP031
511,Fictional Outlet 00511,East,Traditional Trade,Large,2023-04-30,25000,45,REP032
512,Fictional Outlet 00512,West,Traditional Trade,Large,2022-06-16,10000,30,REP033
513,Fictional Outlet 00513,North,Traditional Trade,Small,2022-02-06,10000,45,REP034
514,Fictional Outlet 00514,South,Ecommerce,Medium,2022-12-25,50000,60,REP035
515,Fictional Outlet 00515,East,Modern Trade,Small,2023-10-07,50000,45,REP036
516,Fictional Outlet 00516,West,Traditional Trade,Large,2023-01-28,50000,15,REP037
517,Fictional Outlet 00517,North,Modern Trade,Medium,2023-09-10,10000,15,REP038
518,Fictional Outlet 00518,South,Modern Trade,Large,2022-08-26,25000,15,REP039
519,Fictional Outlet 00519,East,Traditional Trade,Medium,2022-05-11,5000,30,REP040
520,Fictional Outlet 00520,West,Traditional Trade,Small,2022-12-11,50000,30,REP041
521,Fictional Outlet 00521,North,Traditional Trade,Large,2022-03-27,25000,30,REP042
522,Fictional Outlet 00522,South,Traditional Trade,Medium,2022-03-19,5000,60,REP043
523,Fictional Outlet 00523,East,Modern Trade,Small,2023-09-16,25000,45,REP044
524,Fictional Outlet 00524,West,Traditional Trade,Large,2022-05-25,10000,15,REP045
525,Fictional Outlet 00525,North,Modern Trade,Large,2023-05-08,10000,15,REP046
526,Fictional Outlet 00526,South,Traditional Trade,Medium,2022-08-28,10000,15,REP047
527,Fictional Outlet 00527,East,Traditional Trade,Large,2023-09-09,50000,60,REP048
528,Fictional Outlet 00528,West,Wholesale,Large,2022-08-28,25000,60,REP049
529,Fictional Outlet 00529,North,Traditional Trade,Large,2022-07-07,50000,45,REP050
530,Fictional Outlet 00530,South,Traditional Trade,Large,2022-06-30,50000,60,REP051
531,Fictional Outlet 00531,East,Ecommerce,Large,2023-01-09,5000,60,REP052
532,Fictional Outlet 00532,West,Traditional Trade,Medium,2022-11-27,50000,45,REP053
533,Fictional Outlet 00533,North,Traditional Trade,Medium,2023-11-23,10000,30,REP054
534,Fictional Outlet 00534,South,Traditional Trade,Large,2022-05-10,5000,15,REP055
535,Fictional Outlet 00535,East,Traditional Trade,Large,2022-03-18,10000,30,REP056
536,Fictional Outlet 00536,West,Traditional Trade,Large,2022-10-08,50000,45,REP057
537,Fictional Outlet 00537,North,Traditional Trade,Large,2023-12-29,5000,30,REP058
538,Fictional Outlet 00538,South,Ecommerce,Small,2022-08-13,25000,60,REP059
539,Fictional Outlet 00539,East,Wholesale,Large,2023-07-10,5000,45,REP060
540,Fictional Outlet 00540,West,Traditional Trade,Large,2022-10-10,25000,15,REP061
541,Fictional Outlet 00541,North,Traditional Trade,Small,2022-09-09,50000,30,REP062
542,Fictional Outlet 00542,South,Traditional Trade,Medium,2022-08-28,25000,45,REP063
543,Fictional Outlet 00543,East,Wholesale,Small,2023-08-31,50000,30,REP064
544,Fictional Outlet 00544,West,Modern Trade,Medium,2022-11-30,10000,45,REP065
545,Fictional Outlet 00545,North,Traditional Trade,Medium,2023-02-04,5000,60,REP066
546,Fictional Outlet 00546,South,Modern Trade,Large,2023-06-22,10000,60,REP067
547,Fictional Outlet 00547,East,Traditional Trade,Medium,2023-07-09,5000,30,REP068
548,Fictional Outlet 00548,West,Traditional Trade,Large,2023-08-05,50000,60,REP069
549,Fictional Outlet 00549,North,Traditional Trade,Medium,2023-10-22,5000,30,REP070
550,Fictional Outlet 00550,South,Wholesale,Large,2023-12-28,5000,60,REP071
551,Fictional Outlet 00551,East,Traditional Trade,Medium,2022-02-17,10000,45,REP072
552,Fictional Outlet 00552,West,Traditional Trade,Large,2023-12-16,25000,15,REP073
553,Fictional Outlet 00553,North,Traditional Trade,Small,2023-05-08,5000,60,REP074
554,Fictional Outlet 00554,South,Ecommerce,Medium,2023-11-24,25000,15,REP075
555,Fictional Outlet 00555,East,Ecommerce,Medium,2023-03-02,50000,45,REP076
556,Fictional Outlet 00556,West,Wholesale,Medium,2022-09-30,10000,15,REP077
557,Fictional Outlet 00557,North,Traditional Trade,Small,2023-05-13,10000,60,REP078
558,Fictional Outlet 00558,South,Modern Trade,Medium,2023-05-31,10000,45,REP079
559,Fictional Outlet 00559,East,Traditional Trade,Small,2022-08-01,25000,60,REP080
560,Fictional Outlet 00560,West,Traditional Trade,Small,2022-10-16,25000,15,REP001
561,Fictional Outlet 00561,North,Traditional Trade,Small,2022-04-16,25000,60,REP002
562,Fictional Outlet 00562,South,Modern Trade,Medium,2022-06-02,25000,30,REP003
563,Fictional Outlet 00563,East,Modern Trade,Large,2023-01-13,5000,60,REP004
564,Fictional Outlet 00564,West,Traditional Trade,Medium,2023-02-09,50000,45,REP005
565,Fictional Outlet 00565,North,Modern Trade,Small,2023-04-13,50000,60,
566,Fictional Outlet 00566,South,Traditional Trade,Small,2023-04-20,50000,15,REP007
567,Fictional Outlet 00567,East,Ecommerce,Small,2022-03-24,50000,45,REP008
568,Fictional Outlet 00568,West,Wholesale,Large,2022-11-06,5000,15,REP009
569,Fictional Outlet 00569,North,Traditional Trade,Small,2022-05-03,50000,15,REP010
570,Fictional Outlet 00570,South,Traditional Trade,Small,2022-04-15,10000,30,REP011
571,Fictional Outlet 00571,East,Wholesale,Large,2023-01-18,25000,30,REP012
572,Fictional Outlet 00572,West,Traditional Trade,Medium,2023-11-19,50000,15,REP013
573,Fictional Outlet 00573,North,Traditional Trade,Large,2023-07-29,50000,45,REP014
574,Fictional Outlet 00574,South,Ecommerce,Medium,2022-04-02,50000,15,REP015
575,Fictional Outlet 00575,East,Modern Trade,Small,2023-02-03,5000,45,REP016
576,Fictional Outlet 00576,West,Traditional Trade,Medium,2022-02-16,25000,45,REP017
577,Fictional Outlet 00577,North,Ecommerce,Medium,2023-10-04,25000,45,REP018
578,Fictional Outlet 00578,South,Traditional Trade,Medium,2023-01-31,50000,45,REP019
579,Fictional Outlet 00579,East,Ecommerce,Medium,2022-07-10,50000,30,REP020
580,Fictional Outlet 00580,West,Traditional Trade,Medium,2023-08-25,5000,45,REP021
581,Fictional Outlet 00581,North,Wholesale,Medium,2023-07-27,5000,30,REP022
582,Fictional Outlet 00582,South, MODERN TRADE ,Medium,2022-09-28,10000,45,REP023
583,Fictional Outlet 00583,East,Wholesale,Large,2023-01-22,5000,60,REP024
584,Fictional Outlet 00584,West,Wholesale,Medium,2022-02-07,10000,15,REP025
585,Fictional Outlet 00585,North,Modern Trade,Large,2023-11-06,50000,60,REP026
586,Fictional Outlet 00586,South,Wholesale,Large,2023-09-05,50000,30,REP027
587,Fictional Outlet 00587,East,Wholesale,Small,2023-02-02,50000,15,REP028
588,Fictional Outlet 00588,West,Modern Trade,Medium,2023-03-15,50000,60,REP029
589,Fictional Outlet 00589,North,Traditional Trade,Small,2022-03-22,25000,45,REP030
590,Fictional Outlet 00590,South,Traditional Trade,Medium,2022-06-26,5000,15,REP031
591,Fictional Outlet 00591,East,Traditional Trade,Small,2022-09-28,5000,30,REP032
592,Fictional Outlet 00592,West,Traditional Trade,Small,2022-07-03,10000,45,REP033
593,Fictional Outlet 00593,North,Modern Trade,Large,2022-07-11,10000,45,REP034
594,Fictional Outlet 00594,South,Modern Trade,Large,2022-12-26,50000,45,REP035
595,Fictional Outlet 00595,East,Traditional Trade,Large,2022-02-18,50000,45,REP036
596,Fictional Outlet 00596,West,Traditional Trade,Large,2022-10-18,25000,15,REP037
597,Fictional Outlet 00597,North,Traditional Trade,Small,2023-06-02,10000,60,REP038
598,Fictional Outlet 00598,South,Wholesale,Small,2022-01-14,25000,15,REP039
599,Fictional Outlet 00599,East,Ecommerce,Large,2022-09-23,25000,30,REP040
600,Fictional Outlet 00600,West,Modern Trade,Small,2022-05-07,5000,45,REP041
601,Fictional Outlet 00601,North,Ecommerce,Large,2023-01-31,50000,15,REP042
602,Fictional Outlet 00602,South,Modern Trade,Small,2022-11-01,10000,15,REP043
603,Fictional Outlet 00603,East,Traditional Trade,Medium,2022-08-02,50000,30,REP044
604,Fictional Outlet 00604,West,Modern Trade,Medium,2023-09-02,5000,60,REP045
605,Fictional Outlet 00605,North,Modern Trade,Medium,2023-06-30,25000,15,REP046
606,Fictional Outlet 00606,South,Modern Trade,Small,2023-06-19,5000,30,REP047
607,Fictional Outlet 00607,East,Wholesale,Medium,2023-12-17,5000,15,REP048
608,Fictional Outlet 00608,West,Traditional Trade,Medium,2022-05-06,50000,30,REP049
609,Fictional Outlet 00609,North,Modern Trade,Small,2022-06-17,10000,60,REP050
610,Fictional Outlet 00610,South,Ecommerce,Small,2022-01-29,25000,60,REP051
611,Fictional Outlet 00611,East,Traditional Trade,Large,2023-08-19,5000,60,REP052
612,Fictional Outlet 00612,West,Traditional Trade,Small,2022-04-30,50000,15,REP053
613,Fictional Outlet 00613,North,Traditional Trade,Small,2023-05-06,10000,60,REP054
614,Fictional Outlet 00614,South,Wholesale,Small,2022-10-23,10000,60,REP055
615,Fictional Outlet 00615,East,Traditional Trade,Small,2022-07-24,25000,30,REP056
616,Fictional Outlet 00616,West,Traditional Trade,Large,2023-11-01,5000,45,REP057
617,Fictional Outlet 00617,North,Traditional Trade,Medium,2023-01-05,10000,60,REP058
618,Fictional Outlet 00618,South,Traditional Trade,Large,2023-11-16,5000,15,REP059
619,Fictional Outlet 00619,East,Modern Trade,Medium,2023-08-25,50000,45,REP060
620,Fictional Outlet 00620,West,Traditional Trade,Medium,2022-04-11,5000,60,REP061
621,Fictional Outlet 00621,North,Traditional Trade,Large,2022-07-31,25000,45,REP062
622,Fictional Outlet 00622,South,Traditional Trade,Large,2023-10-24,5000,30,REP063
623,Fictional Outlet 00623,East,Modern Trade,Small,2023-11-10,5000,60,REP064
624,Fictional Outlet 00624,West,Traditional Trade,Large,2023-10-09,10000,15,REP065
625,Fictional Outlet 00625,North,Traditional Trade,Medium,2022-12-12,25000,15,REP066
626,Fictional Outlet 00626,South,Wholesale,Large,2023-09-09,5000,30,REP067
627,Fictional Outlet 00627,East,Modern Trade,Large,2022-12-26,25000,30,REP068
628,Fictional Outlet 00628,West,Modern Trade,Small,2022-12-28,50000,15,REP069
629,Fictional Outlet 00629,North,Wholesale,Small,2022-10-15,5000,60,REP070
630,Fictional Outlet 00630,South,Modern Trade,Medium,2022-04-08,25000,30,REP071
631,Fictional Outlet 00631,East,Traditional Trade,Small,2022-01-22,10000,45,REP072
632,Fictional Outlet 00632,West,Wholesale,Large,2022-08-24,25000,15,REP073
633,Fictional Outlet 00633,North,Modern Trade,Small,2022-08-30,10000,30,REP074
634,Fictional Outlet 00634,South,Traditional Trade,Small,2023-09-22,50000,15,REP075
635,Fictional Outlet 00635,East,Wholesale,Large,2022-03-14,10000,60,REP076
636,Fictional Outlet 00636,West,Modern Trade,Small,2023-04-30,5000,45,REP077
637,Fictional Outlet 00637,North,Wholesale,Large,2022-04-30,10000,30,REP078
638,Fictional Outlet 00638,South,Wholesale,Large,2022-06-01,50000,30,REP079
639,Fictional Outlet 00639,East,Traditional Trade,Medium,2023-01-20,50000,45,REP080
640,Fictional Outlet 00640,West,Traditional Trade,Large,2022-06-04,5000,60,REP001
641,Fictional Outlet 00641,North,Ecommerce,Medium,2022-05-06,50000,45,REP002
642,Fictional Outlet 00642,South,Traditional Trade,Large,2022-10-28,10000,60,REP003
643,Fictional Outlet 00643,East,Traditional Trade,Large,2023-03-31,5000,15,REP004
644,Fictional Outlet 00644,West,Traditional Trade,Medium,2023-04-16,25000,45,REP005
645,Fictional Outlet 00645,North,Traditional Trade,Medium,2023-03-14,50000,45,REP006
646,Fictional Outlet 00646,South,Wholesale,Medium,2023-11-06,5000,45,REP007
647,Fictional Outlet 00647,East,Wholesale,Large,2023-01-14,5000,60,REP008
648,Fictional Outlet 00648,West,Traditional Trade,Small,2022-10-01,10000,45,REP009
649,Fictional Outlet 00649,North,Traditional Trade,Small,2022-06-10,25000,30,REP010
650,Fictional Outlet 00650,South,Modern Trade,Small,2022-04-21,5000,15,REP011
651,Fictional Outlet 00651,East,Traditional Trade,Large,2022-08-24,50000,45,REP012
652,Fictional Outlet 00652,West,Traditional Trade,Large,2022-05-29,25000,60,REP013
653,Fictional Outlet 00653,North,Traditional Trade,Small,2022-06-30,5000,30,REP014
654,Fictional Outlet 00654,South,Modern Trade,Small,2022-11-19,5000,30,REP015
655,Fictional Outlet 00655,East,Wholesale,Medium,2023-01-12,25000,60,REP016
656,Fictional Outlet 00656,West,Traditional Trade,Medium,2023-11-08,5000,45,REP017
657,Fictional Outlet 00657,North,Modern Trade,Medium,2023-04-06,50000,15,REP018
658,Fictional Outlet 00658,South,Traditional Trade,Large,2022-01-17,25000,60,REP019
659,Fictional Outlet 00659,East,Traditional Trade,Medium,2022-04-22,10000,15,REP020
660,Fictional Outlet 00660,West,Wholesale,Small,2023-12-12,50000,60,REP021
661,Fictional Outlet 00661,North,Traditional Trade,Small,2023-07-11,50000,60,REP022
662,Fictional Outlet 00662,South,Traditional Trade,Medium,2023-03-12,10000,15,REP023
663,Fictional Outlet 00663,East,Traditional Trade,Small,2022-05-11,50000,30,REP024
664,Fictional Outlet 00664,West,Wholesale,Medium,2023-07-21,50000,45,REP025
665,Fictional Outlet 00665,North,Modern Trade,Medium,2023-04-17,10000,30,REP026
666,Fictional Outlet 00666,South,Wholesale,Large,2022-11-11,50000,30,REP027
667,Fictional Outlet 00667,East,Traditional Trade,Small,2022-06-30,25000,15,REP028
668,Fictional Outlet 00668,West,Wholesale,Large,2023-05-04,5000,60,REP029
669,Fictional Outlet 00669,North,Modern Trade,Medium,2022-07-01,10000,60,REP030
670,Fictional Outlet 00670,South,Wholesale,Small,2022-07-28,10000,15,REP031
671,Fictional Outlet 00671,East,Wholesale,Small,2023-10-29,25000,45,REP032
672,Fictional Outlet 00672,West,Modern Trade,Medium,2023-03-30,5000,15,REP033
673,Fictional Outlet 00673,North,Wholesale,Large,2023-11-20,5000,45,REP034
674,Fictional Outlet 00674,South,Traditional Trade,Large,2023-08-11,5000,45,REP035
675,Fictional Outlet 00675,East,Modern Trade,Small,2022-05-10,10000,30,REP036
676,Fictional Outlet 00676,West,Traditional Trade,Medium,2023-08-25,5000,30,REP037
677,Fictional Outlet 00677,North,Traditional Trade,Large,2022-03-19,25000,45,REP038
678,Fictional Outlet 00678,South,Traditional Trade,Small,2022-05-11,10000,30,
679,Fictional Outlet 00679,East, WHOLESALE ,Small,2023-04-21,10000,15,REP040
680,Fictional Outlet 00680,West,Ecommerce,Large,2023-06-19,10000,60,REP041
681,Fictional Outlet 00681,North,Modern Trade,Large,2022-04-16,25000,15,REP042
682,Fictional Outlet 00682,South,Modern Trade,Large,2023-06-27,25000,30,REP043
683,Fictional Outlet 00683,East,Modern Trade,Medium,2022-06-18,10000,15,REP044
684,Fictional Outlet 00684,West,Traditional Trade,Small,2023-07-09,5000,15,REP045
685,Fictional Outlet 00685,North,Ecommerce,Small,2023-11-28,25000,60,REP046
686,Fictional Outlet 00686,South,Traditional Trade,Medium,2023-07-10,25000,30,REP047
687,Fictional Outlet 00687,East,Wholesale,Small,2023-04-24,25000,15,REP048
688,Fictional Outlet 00688,West,Traditional Trade,Medium,2023-03-14,10000,30,REP049
689,Fictional Outlet 00689,North,Wholesale,Large,2022-02-12,25000,60,REP050
690,Fictional Outlet 00690,South,Traditional Trade,Large,2023-05-04,5000,15,REP051
691,Fictional Outlet 00691,East,Modern Trade,Small,2022-06-30,10000,15,REP052
692,Fictional Outlet 00692,West,Wholesale,Large,2022-05-27,10000,45,REP053
693,Fictional Outlet 00693,North,Traditional Trade,Small,2023-10-12,10000,60,REP054
694,Fictional Outlet 00694,South,Traditional Trade,Small,2023-01-11,50000,60,REP055
695,Fictional Outlet 00695,East,Traditional Trade,Large,2023-08-18,5000,30,REP056
696,Fictional Outlet 00696,West,Traditional Trade,Large,2022-06-29,10000,30,REP057
697,Fictional Outlet 00697,North,Modern Trade,Large,2023-04-14,50000,45,REP058
698,Fictional Outlet 00698,South,Traditional Trade,Small,2022-01-21,10000,45,REP059
699,Fictional Outlet 00699,East,Modern Trade,Large,2023-11-11,25000,30,REP060
700,Fictional Outlet 00700,West,Traditional Trade,Large,2022-06-03,50000,45,REP061
701,Fictional Outlet 00701,North,Traditional Trade,Medium,2023-02-14,50000,60,REP062
702,Fictional Outlet 00702,South,Wholesale,Large,2022-03-31,50000,60,REP063
703,Fictional Outlet 00703,East,Traditional Trade,Large,2022-07-29,10000,30,REP064
704,Fictional Outlet 00704,West,Traditional Trade,Large,2023-05-13,25000,30,REP065
705,Fictional Outlet 00705,North,Modern Trade,Large,2022-04-30,25000,15,REP066
706,Fictional Outlet 00706,South,Modern Trade,Small,2022-08-20,5000,45,REP067
707,Fictional Outlet 00707,East,Modern Trade,Large,2022-05-06,50000,30,REP068
708,Fictional Outlet 00708,West,Traditional Trade,Medium,2022-04-23,10000,45,REP069
709,Fictional Outlet 00709,North,Traditional Trade,Medium,2022-03-19,25000,45,REP070
710,Fictional Outlet 00710,South,Traditional Trade,Small,2022-02-09,5000,60,REP071
711,Fictional Outlet 00711,East,Traditional Trade,Large,2022-09-16,10000,15,REP072
712,Fictional Outlet 00712,West,Traditional Trade,Large,2023-09-29,25000,45,REP073
713,Fictional Outlet 00713,North,Modern Trade,Large,2023-08-27,25000,30,REP074
714,Fictional Outlet 00714,South,Traditional Trade,Large,2023-10-08,25000,30,REP075
715,Fictional Outlet 00715,East,Traditional Trade,Medium,2022-10-24,5000,30,REP076
716,Fictional Outlet 00716,West,Wholesale,Large,2022-11-28,5000,30,REP077
717,Fictional Outlet 00717,North,Modern Trade,Medium,2023-01-23,10000,60,REP078
718,Fictional Outlet 00718,South,Modern Trade,Small,2023-02-08,5000,15,REP079
719,Fictional Outlet 00719,East,Wholesale,Small,2022-05-31,50000,60,REP080
720,Fictional Outlet 00720,West,Traditional Trade,Medium,2023-07-20,5000,15,REP001
721,Fictional Outlet 00721,North,Wholesale,Small,2023-09-13,25000,15,REP002
722,Fictional Outlet 00722,South,Traditional Trade,Large,2023-06-18,5000,15,REP003
723,Fictional Outlet 00723,East,Traditional Trade,Medium,2023-12-19,10000,60,REP004
724,Fictional Outlet 00724,West,Wholesale,Large,2023-04-19,5000,45,REP005
725,Fictional Outlet 00725,North,Traditional Trade,Small,2023-08-10,5000,60,REP006
726,Fictional Outlet 00726,South,Modern Trade,Small,2022-12-20,25000,15,REP007
727,Fictional Outlet 00727,East,Wholesale,Medium,2022-04-12,10000,30,REP008
728,Fictional Outlet 00728,West,Traditional Trade,Small,2023-01-21,10000,45,REP009
729,Fictional Outlet 00729,North,Wholesale,Large,2022-05-30,5000,30,REP010
730,Fictional Outlet 00730,South,Wholesale,Small,2023-01-12,25000,60,REP011
731,Fictional Outlet 00731,East,Traditional Trade,Large,2023-08-10,50000,30,REP012
732,Fictional Outlet 00732,West,Modern Trade,Small,2023-03-08,50000,60,REP013
733,Fictional Outlet 00733,North,Modern Trade,Medium,2023-04-08,5000,60,REP014
734,Fictional Outlet 00734,South,Wholesale,Large,2022-02-21,5000,30,REP015
735,Fictional Outlet 00735,East,Traditional Trade,Large,2023-09-12,50000,45,REP016
736,Fictional Outlet 00736,West,Traditional Trade,Large,2023-09-12,5000,30,REP017
737,Fictional Outlet 00737,North,Modern Trade,Medium,2023-07-17,5000,15,REP018
738,Fictional Outlet 00738,South,Wholesale,Large,2023-07-10,25000,15,REP019
739,Fictional Outlet 00739,East,Traditional Trade,Small,2022-10-27,10000,60,REP020
740,Fictional Outlet 00740,West,Traditional Trade,Small,2022-11-25,5000,45,REP021
741,Fictional Outlet 00741,North,Traditional Trade,Large,2022-11-08,50000,15,REP022
742,Fictional Outlet 00742,South,Traditional Trade,Large,2022-07-28,5000,45,REP023
743,Fictional Outlet 00743,East,Traditional Trade,Small,2023-04-22,50000,30,REP024
744,Fictional Outlet 00744,West,Ecommerce,Large,2023-12-08,50000,15,REP025
745,Fictional Outlet 00745,North,Traditional Trade,Medium,2022-11-15,10000,60,REP026
746,Fictional Outlet 00746,South,Traditional Trade,Large,2022-08-22,5000,15,REP027
747,Fictional Outlet 00747,East,Traditional Trade,Medium,2023-11-27,25000,45,REP028
748,Fictional Outlet 00748,West,Modern Trade,Small,2023-06-03,50000,45,REP029
749,Fictional Outlet 00749,North,Traditional Trade,Large,2022-04-02,25000,45,REP030
750,Fictional Outlet 00750,South,Wholesale,Medium,2023-03-21,5000,60,REP031
751,Fictional Outlet 00751,East,Traditional Trade,Small,2023-08-06,10000,45,REP032
752,Fictional Outlet 00752,West,Traditional Trade,Small,2022-10-24,50000,15,REP033
753,Fictional Outlet 00753,North,Traditional Trade,Medium,2023-10-05,25000,60,REP034
754,Fictional Outlet 00754,South,Wholesale,Medium,2023-04-06,25000,45,REP035
755,Fictional Outlet 00755,East,Traditional Trade,Large,2022-03-29,50000,45,REP036
756,Fictional Outlet 00756,West,Traditional Trade,Large,2023-06-16,5000,15,REP037
757,Fictional Outlet 00757,North,Traditional Trade,Large,2023-11-04,10000,30,REP038
758,Fictional Outlet 00758,South,Modern Trade,Large,2023-02-08,50000,60,REP039
759,Fictional Outlet 00759,East,Modern Trade,Medium,2022-03-18,50000,60,REP040
760,Fictional Outlet 00760,West,Wholesale,Small,2023-07-13,5000,45,REP041
761,Fictional Outlet 00761,North,Modern Trade,Medium,2022-01-16,50000,30,REP042
762,Fictional Outlet 00762,South,Wholesale,Large,2023-05-11,10000,15,REP043
763,Fictional Outlet 00763,East,Modern Trade,Large,2023-12-14,25000,60,REP044
764,Fictional Outlet 00764,West,Traditional Trade,Large,2023-07-15,25000,45,REP045
765,Fictional Outlet 00765,North,Ecommerce,Medium,2023-05-15,5000,45,REP046
766,Fictional Outlet 00766,South,Traditional Trade,Small,2023-04-14,10000,45,REP047
767,Fictional Outlet 00767,East,Traditional Trade,Small,2023-12-01,25000,15,REP048
768,Fictional Outlet 00768,West,Traditional Trade,Medium,2022-02-23,25000,30,REP049
769,Fictional Outlet 00769,North,Traditional Trade,Small,2022-08-10,5000,60,REP050
770,Fictional Outlet 00770,South,Traditional Trade,Large,2023-10-02,5000,60,REP051
771,Fictional Outlet 00771,East,Modern Trade,Medium,2022-02-08,10000,60,REP052
772,Fictional Outlet 00772,West,Traditional Trade,Large,2022-10-06,5000,30,REP053
773,Fictional Outlet 00773,North,Traditional Trade,Small,2022-08-19,10000,15,REP054
774,Fictional Outlet 00774,South,Traditional Trade,Large,2022-05-31,25000,15,REP055
775,Fictional Outlet 00775,East,Modern Trade,Medium,2023-01-09,10000,15,REP056
776,Fictional Outlet 00776,West, TRADITIONAL TRADE ,Large,2022-01-19,50000,45,REP057
777,Fictional Outlet 00777,North,Traditional Trade,Small,2023-03-27,25000,30,REP058
778,Fictional Outlet 00778,South,Traditional Trade,Medium,2022-08-23,25000,15,REP059
779,Fictional Outlet 00779,East,Traditional Trade,Medium,2022-12-01,10000,60,REP060
780,Fictional Outlet 00780,West,Traditional Trade,Large,2022-03-02,50000,60,REP061
781,Fictional Outlet 00781,North,Traditional Trade,Large,2023-08-16,50000,45,REP062
782,Fictional Outlet 00782,South,Traditional Trade,Small,2023-01-17,5000,45,REP063
783,Fictional Outlet 00783,East,Ecommerce,Large,2023-10-30,25000,30,REP064
784,Fictional Outlet 00784,West,Modern Trade,Medium,2022-08-14,25000,30,REP065
785,Fictional Outlet 00785,North,Wholesale,Medium,2023-12-25,5000,45,REP066
786,Fictional Outlet 00786,South,Traditional Trade,Medium,2022-10-10,10000,60,REP067
787,Fictional Outlet 00787,East,Traditional Trade,Large,2022-02-15,10000,15,REP068
788,Fictional Outlet 00788,West,Traditional Trade,Large,2023-05-24,5000,15,REP069
789,Fictional Outlet 00789,North,Traditional Trade,Small,2023-06-29,5000,60,REP070
790,Fictional Outlet 00790,South,Wholesale,Medium,2022-01-08,5000,45,REP071
791,Fictional Outlet 00791,East,Traditional Trade,Large,2023-06-16,5000,15,
792,Fictional Outlet 00792,West,Traditional Trade,Large,2023-02-16,10000,60,REP073
793,Fictional Outlet 00793,North,Wholesale,Medium,2022-03-22,10000,15,REP074
794,Fictional Outlet 00794,South,Modern Trade,Medium,2022-11-13,5000,45,REP075
795,Fictional Outlet 00795,East,Wholesale,Large,2022-01-12,10000,30,REP076
796,Fictional Outlet 00796,West,Wholesale,Large,2023-05-13,5000,45,REP077
797,Fictional Outlet 00797,North,Wholesale,Large,2022-07-28,25000,15,REP078
798,Fictional Outlet 00798,South,Traditional Trade,Large,2023-05-18,25000,45,REP079
799,Fictional Outlet 00799,East,Traditional Trade,Small,2023-08-24,50000,30,REP080
800,Fictional Outlet 00800,West,Wholesale,Small,2022-08-07,50000,60,REP001
801,Fictional Outlet 00801,North,Traditional Trade,Large,2022-10-09,5000,45,REP002
802,Fictional Outlet 00802,South,Modern Trade,Small,2023-01-02,5000,15,REP003
803,Fictional Outlet 00803,East,Wholesale,Medium,2023-11-18,10000,45,REP004
804,Fictional Outlet 00804,West,Traditional Trade,Medium,2023-01-27,25000,45,REP005
805,Fictional Outlet 00805,North,Traditional Trade,Small,2023-03-09,25000,15,REP006
806,Fictional Outlet 00806,South,Traditional Trade,Large,2022-05-22,10000,45,REP007
807,Fictional Outlet 00807,East,Ecommerce,Medium,2022-08-30,50000,45,REP008
808,Fictional Outlet 00808,West,Modern Trade,Medium,2023-03-16,50000,45,REP009
809,Fictional Outlet 00809,North,Wholesale,Small,2023-01-08,5000,45,REP010
810,Fictional Outlet 00810,South,Wholesale,Large,2023-07-22,10000,30,REP011
811,Fictional Outlet 00811,East,Wholesale,Small,2023-11-25,10000,30,REP012
812,Fictional Outlet 00812,West,Traditional Trade,Small,2023-09-04,10000,45,REP013
813,Fictional Outlet 00813,North,Modern Trade,Large,2022-01-09,50000,15,REP014
814,Fictional Outlet 00814,South,Traditional Trade,Small,2022-01-22,10000,45,REP015
815,Fictional Outlet 00815,East,Traditional Trade,Medium,2022-01-18,50000,15,REP016
816,Fictional Outlet 00816,West,Wholesale,Medium,2022-12-05,50000,60,REP017
817,Fictional Outlet 00817,North,Traditional Trade,Small,2022-11-25,50000,30,REP018
818,Fictional Outlet 00818,South,Traditional Trade,Large,2023-05-03,10000,15,REP019
819,Fictional Outlet 00819,East,Modern Trade,Large,2022-11-02,50000,45,REP020
820,Fictional Outlet 00820,West,Traditional Trade,Small,2022-11-24,5000,45,REP021
821,Fictional Outlet 00821,North,Traditional Trade,Small,2023-11-22,10000,60,REP022
822,Fictional Outlet 00822,South,Traditional Trade,Medium,2023-04-04,5000,60,REP023
823,Fictional Outlet 00823,East,Traditional Trade,Large,2022-01-02,50000,15,REP024
824,Fictional Outlet 00824,West,Traditional Trade,Large,2023-11-12,25000,15,REP025
825,Fictional Outlet 00825,North,Traditional Trade,Large,2023-05-28,5000,15,REP026
826,Fictional Outlet 00826,South,Wholesale,Small,2023-06-13,50000,30,REP027
827,Fictional Outlet 00827,East,Traditional Trade,Large,2022-02-25,50000,15,REP028
828,Fictional Outlet 00828,West,Traditional Trade,Large,2022-07-26,5000,15,REP029
829,Fictional Outlet 00829,North,Traditional Trade,Large,2022-04-28,5000,60,REP030
830,Fictional Outlet 00830,South,Modern Trade,Medium,2022-08-04,25000,45,REP031
831,Fictional Outlet 00831,East,Ecommerce,Medium,2023-07-12,5000,45,REP032
832,Fictional Outlet 00832,West,Traditional Trade,Large,2022-05-13,25000,15,REP033
833,Fictional Outlet 00833,North,Ecommerce,Medium,2022-09-21,50000,15,REP034
834,Fictional Outlet 00834,South,Traditional Trade,Small,2023-03-27,25000,15,REP035
835,Fictional Outlet 00835,East,Modern Trade,Medium,2023-08-22,25000,60,REP036
836,Fictional Outlet 00836,West,Wholesale,Large,2022-01-18,25000,30,REP037
837,Fictional Outlet 00837,North,Traditional Trade,Large,2022-12-06,5000,60,REP038
838,Fictional Outlet 00838,South,Traditional Trade,Small,2022-03-14,10000,15,REP039
839,Fictional Outlet 00839,East,Traditional Trade,Medium,2022-09-04,10000,15,REP040
840,Fictional Outlet 00840,West,Modern Trade,Small,2022-05-27,10000,60,REP041
841,Fictional Outlet 00841,North,Traditional Trade,Small,2023-08-13,10000,30,REP042
842,Fictional Outlet 00842,South,Wholesale,Large,2023-03-10,50000,60,REP043
843,Fictional Outlet 00843,East,Traditional Trade,Small,2022-12-14,5000,45,REP044
844,Fictional Outlet 00844,West,Traditional Trade,Small,2023-07-29,25000,60,REP045
845,Fictional Outlet 00845,North,Traditional Trade,Large,2022-05-01,50000,15,REP046
846,Fictional Outlet 00846,South,Traditional Trade,Medium,2023-04-29,5000,60,REP047
847,Fictional Outlet 00847,East,Wholesale,Small,2023-08-20,10000,60,REP048
848,Fictional Outlet 00848,West,Traditional Trade,Medium,2023-09-11,25000,45,REP049
849,Fictional Outlet 00849,North,Modern Trade,Small,2022-02-25,10000,60,REP050
850,Fictional Outlet 00850,South,Traditional Trade,Large,2023-06-08,10000,45,REP051
851,Fictional Outlet 00851,East,Modern Trade,Small,2022-12-22,25000,45,REP052
852,Fictional Outlet 00852,West,Modern Trade,Small,2023-09-10,50000,60,REP053
853,Fictional Outlet 00853,North,Traditional Trade,Small,2023-05-26,25000,60,REP054
854,Fictional Outlet 00854,South,Modern Trade,Small,2023-10-23,25000,15,REP055
855,Fictional Outlet 00855,East,Traditional Trade,Large,2023-11-20,25000,45,REP056
856,Fictional Outlet 00856,West,Modern Trade,Medium,2023-02-04,25000,60,REP057
857,Fictional Outlet 00857,North,Ecommerce,Small,2022-10-24,10000,60,REP058
858,Fictional Outlet 00858,South,Modern Trade,Small,2023-02-09,25000,60,REP059
859,Fictional Outlet 00859,East,Traditional Trade,Large,2022-03-22,5000,60,REP060
860,Fictional Outlet 00860,West,Wholesale,Small,2022-05-22,25000,45,REP061
861,Fictional Outlet 00861,North,Wholesale,Small,2022-12-05,50000,60,REP062
862,Fictional Outlet 00862,South,Traditional Trade,Medium,2023-03-22,5000,60,REP063
863,Fictional Outlet 00863,East,Modern Trade,Medium,2023-05-12,5000,45,REP064
864,Fictional Outlet 00864,West,Traditional Trade,Large,2022-12-28,5000,45,REP065
865,Fictional Outlet 00865,North,Traditional Trade,Small,2022-06-26,10000,30,REP066
866,Fictional Outlet 00866,South,Wholesale,Medium,2023-08-15,5000,60,REP067
867,Fictional Outlet 00867,East,Traditional Trade,Medium,2022-09-25,10000,30,REP068
868,Fictional Outlet 00868,West,Traditional Trade,Large,2023-01-15,5000,45,REP069
869,Fictional Outlet 00869,North,Traditional Trade,Small,2023-08-21,25000,60,REP070
870,Fictional Outlet 00870,South,Traditional Trade,Medium,2022-12-30,25000,30,REP071
871,Fictional Outlet 00871,East,Traditional Trade,Large,2023-05-27,5000,45,REP072
872,Fictional Outlet 00872,West,Traditional Trade,Large,2022-03-16,5000,30,REP073
873,Fictional Outlet 00873,North, WHOLESALE ,Medium,2023-07-13,50000,15,REP074
874,Fictional Outlet 00874,South,Ecommerce,Small,2023-02-01,10000,15,REP075
875,Fictional Outlet 00875,East,Modern Trade,Large,2023-08-07,50000,60,REP076
876,Fictional Outlet 00876,West,Modern Trade,Large,2023-05-07,25000,60,REP077
877,Fictional Outlet 00877,North,Ecommerce,Small,2022-09-15,25000,45,REP078
878,Fictional Outlet 00878,South,Wholesale,Medium,2022-05-13,50000,60,REP079
879,Fictional Outlet 00879,East,Traditional Trade,Small,2022-03-22,25000,60,REP080
880,Fictional Outlet 00880,West,Modern Trade,Medium,2023-04-05,5000,15,REP001
881,Fictional Outlet 00881,North,Modern Trade,Large,2023-05-19,10000,60,REP002
882,Fictional Outlet 00882,South,Traditional Trade,Medium,2023-11-29,10000,30,REP003
883,Fictional Outlet 00883,East,Traditional Trade,Small,2022-10-12,50000,30,REP004
884,Fictional Outlet 00884,West,Modern Trade,Large,2023-07-11,5000,30,REP005
885,Fictional Outlet 00885,North,Traditional Trade,Medium,2022-04-03,5000,60,REP006
886,Fictional Outlet 00886,South,Traditional Trade,Small,2023-12-19,5000,45,REP007
887,Fictional Outlet 00887,East,Traditional Trade,Large,2023-10-15,5000,30,REP008
888,Fictional Outlet 00888,West,Ecommerce,Large,2023-10-29,50000,30,REP009
889,Fictional Outlet 00889,North,Traditional Trade,Large,2022-04-29,5000,45,REP010
890,Fictional Outlet 00890,South,Traditional Trade,Small,2023-02-26,5000,45,REP011
891,Fictional Outlet 00891,East,Traditional Trade,Large,2022-05-02,50000,15,REP012
892,Fictional Outlet 00892,West,Traditional Trade,Medium,2022-08-16,25000,30,REP013
893,Fictional Outlet 00893,North,Modern Trade,Small,2022-04-22,5000,30,REP014
894,Fictional Outlet 00894,South,Traditional Trade,Large,2022-03-22,5000,45,REP015
895,Fictional Outlet 00895,East,Modern Trade,Large,2022-02-03,50000,60,REP016
896,Fictional Outlet 00896,West,Wholesale,Small,2023-04-07,25000,15,REP017
897,Fictional Outlet 00897,North,Traditional Trade,Large,2022-10-14,25000,60,REP018
898,Fictional Outlet 00898,South,Traditional Trade,Small,2022-10-30,10000,45,REP019
899,Fictional Outlet 00899,East,Traditional Trade,Small,2022-11-01,50000,30,REP020
900,Fictional Outlet 00900,West,Traditional Trade,Small,2022-01-30,50000,15,REP021
901,Fictional Outlet 00901,North,Modern Trade,Medium,2022-11-03,50000,30,REP022
902,Fictional Outlet 00902,South,Ecommerce,Large,2023-10-01,50000,30,REP023
903,Fictional Outlet 00903,East,Traditional Trade,Large,2023-05-07,25000,15,REP024
904,Fictional Outlet 00904,West,Modern Trade,Medium,2023-02-24,50000,30,
905,Fictional Outlet 00905,North,Modern Trade,Large,2022-11-19,10000,45,REP026
906,Fictional Outlet 00906,South,Modern Trade,Medium,2022-05-15,25000,60,REP027
907,Fictional Outlet 00907,East,Traditional Trade,Small,2022-05-30,25000,15,REP028
908,Fictional Outlet 00908,West,Modern Trade,Small,2022-01-27,10000,60,REP029
909,Fictional Outlet 00909,North,Traditional Trade,Small,2022-02-26,25000,45,REP030
910,Fictional Outlet 00910,South,Traditional Trade,Medium,2023-06-22,10000,15,REP031
911,Fictional Outlet 00911,East,Traditional Trade,Small,2022-11-24,10000,60,REP032
912,Fictional Outlet 00912,West,Traditional Trade,Medium,2023-07-14,5000,60,REP033
913,Fictional Outlet 00913,North,Modern Trade,Small,2022-05-27,25000,45,REP034
914,Fictional Outlet 00914,South,Modern Trade,Medium,2023-02-23,25000,15,REP035
915,Fictional Outlet 00915,East,Traditional Trade,Small,2023-05-10,10000,30,REP036
916,Fictional Outlet 00916,West,Traditional Trade,Small,2023-07-12,25000,15,REP037
917,Fictional Outlet 00917,North,Traditional Trade,Small,2023-01-20,25000,45,REP038
918,Fictional Outlet 00918,South,Modern Trade,Large,2022-05-04,10000,45,REP039
919,Fictional Outlet 00919,East,Traditional Trade,Small,2022-05-13,25000,30,REP040
920,Fictional Outlet 00920,West,Traditional Trade,Medium,2023-06-12,5000,60,REP041
921,Fictional Outlet 00921,North,Modern Trade,Large,2022-05-05,5000,45,REP042
922,Fictional Outlet 00922,South,Traditional Trade,Medium,2022-02-17,10000,45,REP043
923,Fictional Outlet 00923,East,Traditional Trade,Small,2023-12-19,10000,45,REP044
924,Fictional Outlet 00924,West,Wholesale,Small,2022-11-25,25000,60,REP045
925,Fictional Outlet 00925,North,Wholesale,Large,2022-05-05,50000,15,REP046
926,Fictional Outlet 00926,South,Modern Trade,Large,2022-06-29,5000,15,REP047
927,Fictional Outlet 00927,East,Wholesale,Small,2023-02-26,25000,60,REP048
928,Fictional Outlet 00928,West,Modern Trade,Medium,2023-06-20,10000,60,REP049
929,Fictional Outlet 00929,North,Traditional Trade,Small,2022-01-04,25000,45,REP050
930,Fictional Outlet 00930,South,Wholesale,Medium,2023-04-20,5000,60,REP051
931,Fictional Outlet 00931,East,Traditional Trade,Large,2022-12-20,5000,15,REP052
932,Fictional Outlet 00932,West,Traditional Trade,Large,2022-06-27,50000,30,REP053
933,Fictional Outlet 00933,North,Ecommerce,Small,2022-08-27,10000,15,REP054
934,Fictional Outlet 00934,South,Modern Trade,Small,2023-06-05,10000,60,REP055
935,Fictional Outlet 00935,East,Traditional Trade,Large,2022-05-19,50000,60,REP056
936,Fictional Outlet 00936,West,Traditional Trade,Small,2023-06-29,25000,45,REP057
937,Fictional Outlet 00937,North,Traditional Trade,Large,2022-12-03,5000,30,REP058
938,Fictional Outlet 00938,South,Wholesale,Medium,2023-01-07,10000,45,REP059
939,Fictional Outlet 00939,East,Wholesale,Small,2022-10-23,50000,30,REP060
940,Fictional Outlet 00940,West,Traditional Trade,Medium,2023-06-07,50000,15,REP061
941,Fictional Outlet 00941,North,Wholesale,Medium,2023-10-18,5000,15,REP062
942,Fictional Outlet 00942,South,Wholesale,Small,2022-02-22,50000,30,REP063
943,Fictional Outlet 00943,East,Traditional Trade,Medium,2022-03-17,25000,30,REP064
944,Fictional Outlet 00944,West,Traditional Trade,Medium,2023-05-06,5000,60,REP065
945,Fictional Outlet 00945,North,Wholesale,Large,2023-10-25,25000,30,REP066
946,Fictional Outlet 00946,South,Traditional Trade,Large,2022-05-05,25000,30,REP067
947,Fictional Outlet 00947,East,Traditional Trade,Large,2023-08-08,10000,30,REP068
948,Fictional Outlet 00948,West,Traditional Trade,Large,2023-11-29,5000,15,REP069
949,Fictional Outlet 00949,North,Modern Trade,Small,2023-02-20,25000,30,REP070
950,Fictional Outlet 00950,South,Wholesale,Large,2023-01-04,50000,45,REP071
951,Fictional Outlet 00951,East,Traditional Trade,Medium,2023-02-15,50000,30,REP072
952,Fictional Outlet 00952,West,Traditional Trade,Large,2022-02-15,5000,45,REP073
953,Fictional Outlet 00953,North,Traditional Trade,Large,2023-12-04,5000,60,REP074
954,Fictional Outlet 00954,South,Modern Trade,Medium,2022-07-13,10000,45,REP075
955,Fictional Outlet 00955,East,Modern Trade,Large,2023-03-14,25000,30,REP076
956,Fictional Outlet 00956,West,Traditional Trade,Medium,2022-06-02,25000,45,REP077
957,Fictional Outlet 00957,North,Modern Trade,Small,2022-06-13,10000,45,REP078
958,Fictional Outlet 00958,South,Traditional Trade,Large,2022-10-22,50000,30,REP079
959,Fictional Outlet 00959,East,Wholesale,Medium,2023-06-01,10000,60,REP080
960,Fictional Outlet 00960,West,Modern Trade,Small,2022-01-27,5000,30,REP001
961,Fictional Outlet 00961,North,Traditional Trade,Small,2022-07-09,25000,60,REP002
962,Fictional Outlet 00962,South,Traditional Trade,Medium,2022-03-27,5000,15,REP003
963,Fictional Outlet 00963,East,Wholesale,Small,2022-08-15,10000,60,REP004
964,Fictional Outlet 00964,West,Ecommerce,Medium,2022-03-10,50000,30,REP005
965,Fictional Outlet 00965,North,Traditional Trade,Medium,2023-03-16,10000,45,REP006
966,Fictional Outlet 00966,South,Traditional Trade,Medium,2022-01-13,25000,60,REP007
967,Fictional Outlet 00967,East,Wholesale,Small,2022-01-16,10000,15,REP008
968,Fictional Outlet 00968,West,Traditional Trade,Medium,2023-02-04,5000,60,REP009
969,Fictional Outlet 00969,North,Ecommerce,Medium,2022-03-07,25000,30,REP010
970,Fictional Outlet 00970,South, TRADITIONAL TRADE ,Medium,2023-11-06,5000,30,REP011
971,Fictional Outlet 00971,East,Ecommerce,Medium,2022-09-18,25000,45,REP012
972,Fictional Outlet 00972,West,Wholesale,Medium,2023-09-26,50000,45,REP013
973,Fictional Outlet 00973,North,Traditional Trade,Large,2022-12-12,25000,30,REP014
974,Fictional Outlet 00974,South,Modern Trade,Small,2023-07-27,50000,30,REP015
975,Fictional Outlet 00975,East,Modern Trade,Large,2023-01-28,5000,30,REP016
976,Fictional Outlet 00976,West,Traditional Trade,Small,2023-03-20,5000,30,REP017
977,Fictional Outlet 00977,North,Wholesale,Medium,2023-08-12,50000,60,REP018
978,Fictional Outlet 00978,South,Traditional Trade,Large,2023-06-08,50000,15,REP019
979,Fictional Outlet 00979,East,Traditional Trade,Medium,2022-01-11,25000,30,REP020
980,Fictional Outlet 00980,West,Wholesale,Small,2022-12-01,25000,45,REP021
981,Fictional Outlet 00981,North,Traditional Trade,Large,2022-03-12,25000,30,REP022
982,Fictional Outlet 00982,South,Traditional Trade,Large,2023-08-29,25000,45,REP023
983,Fictional Outlet 00983,East,Traditional Trade,Medium,2023-05-01,25000,15,REP024
984,Fictional Outlet 00984,West,Wholesale,Large,2022-04-08,50000,15,REP025
985,Fictional Outlet 00985,North,Modern Trade,Small,2022-08-03,10000,15,REP026
986,Fictional Outlet 00986,South,Modern Trade,Medium,2022-03-01,50000,30,REP027
987,Fictional Outlet 00987,East,Traditional Trade,Medium,2022-01-07,5000,30,REP028
988,Fictional Outlet 00988,West,Modern Trade,Large,2023-06-07,25000,60,REP029
989,Fictional Outlet 00989,North,Traditional Trade,Small,2023-07-05,5000,60,REP030
990,Fictional Outlet 00990,South,Modern Trade,Large,2022-12-27,25000,15,REP031
991,Fictional Outlet 00991,East,Traditional Trade,Medium,2023-10-21,10000,45,REP032
992,Fictional Outlet 00992,West,Traditional Trade,Large,2023-01-20,5000,30,REP033
993,Fictional Outlet 00993,North,Modern Trade,Small,2022-01-12,5000,15,REP034
994,Fictional Outlet 00994,South,Traditional Trade,Large,2023-12-25,10000,30,REP035
995,Fictional Outlet 00995,East,Traditional Trade,Large,2023-04-14,10000,30,REP036
996,Fictional Outlet 00996,West,Ecommerce,Medium,2023-06-18,25000,60,REP037
997,Fictional Outlet 00997,North,Modern Trade,Small,2022-04-28,10000,60,REP038
998,Fictional Outlet 00998,South,Ecommerce,Medium,2023-04-23,10000,30,REP039
999,Fictional Outlet 00999,East,Wholesale,Medium,2023-07-13,10000,45,REP040
1000,Fictional Outlet 01000,West,Modern Trade,Medium,2022-06-20,5000,30,REP041
1001,Fictional Outlet 01001,North,Traditional Trade,Large,2022-05-08,50000,60,REP042
1002,Fictional Outlet 01002,South,Wholesale,Large,2022-11-13,50000,45,REP043
1003,Fictional Outlet 01003,East,Modern Trade,Medium,2023-07-28,5000,60,REP044
1004,Fictional Outlet 01004,West,Wholesale,Large,2022-01-18,25000,15,REP045
1005,Fictional Outlet 01005,North,Traditional Trade,Large,2022-05-09,5000,45,REP046
1006,Fictional Outlet 01006,South,Traditional Trade,Large,2023-06-06,25000,30,REP047
1007,Fictional Outlet 01007,East,Modern Trade,Small,2023-02-15,25000,30,REP048
1008,Fictional Outlet 01008,West,Traditional Trade,Medium,2022-07-14,25000,45,REP049
1009,Fictional Outlet 01009,North,Traditional Trade,Small,2022-03-10,10000,30,REP050
1010,Fictional Outlet 01010,South,Traditional Trade,Medium,2023-10-25,5000,45,REP051
1011,Fictional Outlet 01011,East,Traditional Trade,Large,2023-06-07,25000,15,REP052
1012,Fictional Outlet 01012,West,Traditional Trade,Medium,2022-10-01,50000,45,REP053
1013,Fictional Outlet 01013,North,Wholesale,Large,2022-03-07,25000,15,REP054
1014,Fictional Outlet 01014,South,Traditional Trade,Small,2022-05-05,5000,30,REP055
1015,Fictional Outlet 01015,East,Modern Trade,Medium,2022-06-18,50000,60,REP056
1016,Fictional Outlet 01016,West,Ecommerce,Medium,2023-09-16,10000,45,REP057
1017,Fictional Outlet 01017,North,Traditional Trade,Small,2023-06-21,50000,15,
1018,Fictional Outlet 01018,South,Traditional Trade,Medium,2023-03-30,10000,60,REP059
1019,Fictional Outlet 01019,East,Traditional Trade,Medium,2022-10-22,50000,15,REP060
1020,Fictional Outlet 01020,West,Modern Trade,Large,2023-10-06,10000,30,REP061
1021,Fictional Outlet 01021,North,Wholesale,Small,2022-09-16,25000,30,REP062
1022,Fictional Outlet 01022,South,Wholesale,Large,2023-09-22,10000,45,REP063
1023,Fictional Outlet 01023,East,Wholesale,Medium,2022-05-06,10000,30,REP064
1024,Fictional Outlet 01024,West,Modern Trade,Small,2023-03-22,5000,15,REP065
1025,Fictional Outlet 01025,North,Modern Trade,Large,2022-10-25,25000,30,REP066
1026,Fictional Outlet 01026,South,Wholesale,Medium,2023-01-23,5000,15,REP067
1027,Fictional Outlet 01027,East,Modern Trade,Medium,2022-09-30,10000,60,REP068
1028,Fictional Outlet 01028,West,Traditional Trade,Small,2023-07-09,25000,30,REP069
1029,Fictional Outlet 01029,North,Traditional Trade,Medium,2023-04-13,50000,45,REP070
1030,Fictional Outlet 01030,South,Traditional Trade,Small,2022-01-14,50000,15,REP071
1031,Fictional Outlet 01031,East,Wholesale,Small,2022-11-02,5000,30,REP072
1032,Fictional Outlet 01032,West,Wholesale,Small,2022-09-10,25000,15,REP073
1033,Fictional Outlet 01033,North,Traditional Trade,Medium,2023-03-18,10000,30,REP074
1034,Fictional Outlet 01034,South,Wholesale,Small,2023-03-12,5000,15,REP075
1035,Fictional Outlet 01035,East,Traditional Trade,Large,2023-09-29,25000,30,REP076
1036,Fictional Outlet 01036,West,Traditional Trade,Small,2022-05-28,25000,30,REP077
1037,Fictional Outlet 01037,North,Wholesale,Medium,2023-11-25,5000,60,REP078
1038,Fictional Outlet 01038,South,Traditional Trade,Large,2023-05-10,50000,30,REP079
1039,Fictional Outlet 01039,East,Traditional Trade,Large,2022-07-04,25000,30,REP080
1040,Fictional Outlet 01040,West,Traditional Trade,Medium,2023-03-12,50000,45,REP001
1041,Fictional Outlet 01041,North,Wholesale,Large,2022-03-17,50000,60,REP002
1042,Fictional Outlet 01042,South,Traditional Trade,Large,2022-01-18,25000,60,REP003
1043,Fictional Outlet 01043,East,Traditional Trade,Small,2023-02-01,50000,45,REP004
1044,Fictional Outlet 01044,West,Modern Trade,Medium,2022-07-31,5000,30,REP005
1045,Fictional Outlet 01045,North,Wholesale,Large,2022-03-21,10000,15,REP006
1046,Fictional Outlet 01046,South,Traditional Trade,Small,2023-10-03,5000,15,REP007
1047,Fictional Outlet 01047,East,Traditional Trade,Small,2022-05-11,5000,45,REP008
1048,Fictional Outlet 01048,West,Modern Trade,Large,2022-07-05,25000,45,REP009
1049,Fictional Outlet 01049,North,Modern Trade,Medium,2023-06-15,10000,45,REP010
1050,Fictional Outlet 01050,South,Traditional Trade,Small,2023-07-02,5000,15,REP011
1051,Fictional Outlet 01051,East,Traditional Trade,Medium,2023-10-26,25000,15,REP012
1052,Fictional Outlet 01052,West,Wholesale,Medium,2023-02-07,50000,30,REP013
1053,Fictional Outlet 01053,North,Modern Trade,Medium,2022-01-31,10000,30,REP014
1054,Fictional Outlet 01054,South,Ecommerce,Medium,2023-09-10,50000,45,REP015
1055,Fictional Outlet 01055,East,Traditional Trade,Small,2023-12-04,5000,30,REP016
1056,Fictional Outlet 01056,West,Wholesale,Medium,2023-09-01,10000,45,REP017
1057,Fictional Outlet 01057,North,Modern Trade,Medium,2022-04-17,5000,15,REP018
1058,Fictional Outlet 01058,South,Modern Trade,Medium,2022-12-04,10000,15,REP019
1059,Fictional Outlet 01059,East,Wholesale,Large,2022-12-21,5000,45,REP020
1060,Fictional Outlet 01060,West,Modern Trade,Small,2023-05-10,25000,60,REP021
1061,Fictional Outlet 01061,North,Traditional Trade,Small,2022-02-02,10000,60,REP022
1062,Fictional Outlet 01062,South,Wholesale,Medium,2023-02-18,50000,60,REP023
1063,Fictional Outlet 01063,East,Modern Trade,Small,2022-02-22,10000,15,REP024
1064,Fictional Outlet 01064,West,Wholesale,Medium,2022-01-08,25000,60,REP025
1065,Fictional Outlet 01065,North,Traditional Trade,Small,2023-09-16,5000,15,REP026
1066,Fictional Outlet 01066,South,Modern Trade,Large,2023-04-27,5000,30,REP027
1067,Fictional Outlet 01067,East, TRADITIONAL TRADE ,Small,2023-04-24,50000,15,REP028
1068,Fictional Outlet 01068,West,Modern Trade,Medium,2023-10-11,5000,15,REP029
1069,Fictional Outlet 01069,North,Wholesale,Small,2023-04-15,25000,45,REP030
1070,Fictional Outlet 01070,South,Traditional Trade,Small,2023-09-29,50000,15,REP031
1071,Fictional Outlet 01071,East,Wholesale,Medium,2023-08-07,5000,60,REP032
1072,Fictional Outlet 01072,West,Traditional Trade,Large,2023-03-01,10000,60,REP033
1073,Fictional Outlet 01073,North,Traditional Trade,Medium,2022-10-30,10000,15,REP034
1074,Fictional Outlet 01074,South,Traditional Trade,Medium,2023-02-19,10000,30,REP035
1075,Fictional Outlet 01075,East,Traditional Trade,Large,2023-06-03,10000,45,REP036
1076,Fictional Outlet 01076,West,Modern Trade,Small,2022-06-14,25000,60,REP037
1077,Fictional Outlet 01077,North,Traditional Trade,Small,2022-03-04,25000,30,REP038
1078,Fictional Outlet 01078,South,Modern Trade,Small,2023-05-11,25000,60,REP039
1079,Fictional Outlet 01079,East,Modern Trade,Small,2023-11-10,5000,30,REP040
1080,Fictional Outlet 01080,West,Modern Trade,Large,2023-07-25,5000,60,REP041
1081,Fictional Outlet 01081,North,Traditional Trade,Small,2023-04-12,10000,45,REP042
1082,Fictional Outlet 01082,South,Traditional Trade,Small,2023-01-07,10000,45,REP043
1083,Fictional Outlet 01083,East,Modern Trade,Large,2023-06-10,50000,45,REP044
1084,Fictional Outlet 01084,West,Traditional Trade,Large,2022-05-21,25000,15,REP045
1085,Fictional Outlet 01085,North,Modern Trade,Large,2023-11-18,25000,15,REP046
1086,Fictional Outlet 01086,South,Wholesale,Large,2023-06-21,25000,45,REP047
1087,Fictional Outlet 01087,East,Traditional Trade,Medium,2022-05-19,50000,15,REP048
1088,Fictional Outlet 01088,West,Modern Trade,Small,2022-02-16,50000,30,REP049
1089,Fictional Outlet 01089,North,Wholesale,Medium,2022-03-28,50000,45,REP050
1090,Fictional Outlet 01090,South,Ecommerce,Medium,2022-06-18,5000,45,REP051
1091,Fictional Outlet 01091,East,Wholesale,Small,2022-04-18,25000,60,REP052
1092,Fictional Outlet 01092,West,Traditional Trade,Medium,2022-07-13,10000,30,REP053
1093,Fictional Outlet 01093,North,Modern Trade,Medium,2022-12-29,10000,45,REP054
1094,Fictional Outlet 01094,South,Wholesale,Small,2022-12-24,50000,60,REP055
1095,Fictional Outlet 01095,East,Ecommerce,Small,2022-05-30,10000,30,REP056
1096,Fictional Outlet 01096,West,Traditional Trade,Large,2022-06-23,5000,30,REP057
1097,Fictional Outlet 01097,North,Wholesale,Medium,2022-05-14,5000,30,REP058
1098,Fictional Outlet 01098,South,Wholesale,Small,2023-11-14,10000,45,REP059
1099,Fictional Outlet 01099,East,Wholesale,Large,2022-12-15,25000,15,REP060
1100,Fictional Outlet 01100,West,Modern Trade,Medium,2022-05-15,5000,30,REP061
1101,Fictional Outlet 01101,North,Wholesale,Medium,2022-03-09,5000,60,REP062
1102,Fictional Outlet 01102,South,Modern Trade,Small,2023-12-04,10000,30,REP063
1103,Fictional Outlet 01103,East,Traditional Trade,Large,2022-09-24,50000,30,REP064
1104,Fictional Outlet 01104,West,Modern Trade,Small,2023-01-05,10000,60,REP065
1105,Fictional Outlet 01105,North,Traditional Trade,Large,2022-08-08,5000,15,REP066
1106,Fictional Outlet 01106,South,Traditional Trade,Small,2023-04-07,25000,30,REP067
1107,Fictional Outlet 01107,East,Ecommerce,Small,2023-07-01,10000,15,REP068
1108,Fictional Outlet 01108,West,Traditional Trade,Medium,2023-07-01,10000,45,REP069
1109,Fictional Outlet 01109,North,Traditional Trade,Large,2023-10-01,5000,60,REP070
1110,Fictional Outlet 01110,South,Traditional Trade,Large,2022-01-16,50000,30,REP071
1111,Fictional Outlet 01111,East,Traditional Trade,Small,2022-09-22,10000,30,REP072
1112,Fictional Outlet 01112,West,Traditional Trade,Medium,2022-11-24,25000,45,REP073
1113,Fictional Outlet 01113,North,Traditional Trade,Large,2023-10-05,25000,15,REP074
1114,Fictional Outlet 01114,South,Modern Trade,Small,2022-08-10,10000,30,REP075
1115,Fictional Outlet 01115,East,Traditional Trade,Medium,2023-08-01,5000,30,REP076
1116,Fictional Outlet 01116,West,Traditional Trade,Large,2023-10-29,25000,15,REP077
1117,Fictional Outlet 01117,North,Traditional Trade,Small,2022-03-21,5000,15,REP078
1118,Fictional Outlet 01118,South,Ecommerce,Small,2023-03-20,25000,45,REP079
1119,Fictional Outlet 01119,East,Traditional Trade,Small,2022-02-19,50000,15,REP080
1120,Fictional Outlet 01120,West,Wholesale,Small,2022-01-03,10000,15,REP001
1121,Fictional Outlet 01121,North,Traditional Trade,Large,2023-06-11,5000,45,REP002
1122,Fictional Outlet 01122,South,Wholesale,Medium,2022-10-08,10000,30,REP003
1123,Fictional Outlet 01123,East,Traditional Trade,Small,2023-02-01,10000,15,REP004
1124,Fictional Outlet 01124,West,Modern Trade,Large,2023-08-18,50000,45,REP005
1125,Fictional Outlet 01125,North,Traditional Trade,Medium,2022-05-03,5000,60,REP006
1126,Fictional Outlet 01126,South,Traditional Trade,Medium,2023-02-03,10000,60,REP007
1127,Fictional Outlet 01127,East,Traditional Trade,Large,2022-11-13,10000,15,REP008
1128,Fictional Outlet 01128,West,Wholesale,Large,2022-09-27,25000,60,REP009
1129,Fictional Outlet 01129,North,Modern Trade,Large,2022-12-01,5000,45,REP010
1130,Fictional Outlet 01130,South,Modern Trade,Small,2022-01-14,25000,60,
1131,Fictional Outlet 01131,East,Traditional Trade,Medium,2022-09-20,50000,15,REP012
1132,Fictional Outlet 01132,West,Modern Trade,Small,2022-06-09,25000,60,REP013
1133,Fictional Outlet 01133,North,Traditional Trade,Small,2022-04-28,5000,60,REP014
1134,Fictional Outlet 01134,South,Traditional Trade,Small,2023-08-21,50000,60,REP015
1135,Fictional Outlet 01135,East,Wholesale,Large,2022-10-20,50000,45,REP016
1136,Fictional Outlet 01136,West,Traditional Trade,Medium,2022-06-30,5000,15,REP017
1137,Fictional Outlet 01137,North,Ecommerce,Large,2023-11-01,5000,45,REP018
1138,Fictional Outlet 01138,South,Modern Trade,Small,2022-06-10,50000,30,REP019
1139,Fictional Outlet 01139,East,Wholesale,Large,2022-08-14,10000,15,REP020
1140,Fictional Outlet 01140,West,Wholesale,Medium,2022-05-17,50000,45,REP021
1141,Fictional Outlet 01141,North,Traditional Trade,Medium,2022-05-23,10000,30,REP022
1142,Fictional Outlet 01142,South,Traditional Trade,Small,2023-09-25,5000,30,REP023
1143,Fictional Outlet 01143,East,Modern Trade,Medium,2022-06-17,10000,15,REP024
1144,Fictional Outlet 01144,West,Traditional Trade,Medium,2022-01-09,50000,15,REP025
1145,Fictional Outlet 01145,North,Traditional Trade,Small,2023-03-04,5000,45,REP026
1146,Fictional Outlet 01146,South,Traditional Trade,Large,2023-07-15,25000,60,REP027
1147,Fictional Outlet 01147,East,Traditional Trade,Medium,2023-02-05,25000,15,REP028
1148,Fictional Outlet 01148,West,Traditional Trade,Small,2022-03-09,25000,30,REP029
1149,Fictional Outlet 01149,North,Modern Trade,Large,2022-04-07,25000,60,REP030
1150,Fictional Outlet 01150,South,Traditional Trade,Small,2023-05-27,25000,45,REP031
1151,Fictional Outlet 01151,East,Traditional Trade,Large,2022-03-06,25000,30,REP032
1152,Fictional Outlet 01152,West,Traditional Trade,Large,2023-06-29,10000,15,REP033
1153,Fictional Outlet 01153,North,Modern Trade,Small,2022-06-14,25000,45,REP034
1154,Fictional Outlet 01154,South,Traditional Trade,Medium,2023-11-21,50000,60,REP035
1155,Fictional Outlet 01155,East,Traditional Trade,Large,2022-04-06,25000,30,REP036
1156,Fictional Outlet 01156,West,Modern Trade,Large,2022-11-11,25000,45,REP037
1157,Fictional Outlet 01157,North,Wholesale,Medium,2022-03-02,25000,30,REP038
1158,Fictional Outlet 01158,South,Modern Trade,Medium,2023-05-15,5000,15,REP039
1159,Fictional Outlet 01159,East,Wholesale,Small,2022-07-17,50000,60,REP040
1160,Fictional Outlet 01160,West,Modern Trade,Medium,2022-07-16,5000,60,REP041
1161,Fictional Outlet 01161,North,Traditional Trade,Small,2022-07-26,50000,45,REP042
1162,Fictional Outlet 01162,South,Wholesale,Small,2022-12-12,50000,60,REP043
1163,Fictional Outlet 01163,East,Traditional Trade,Small,2023-09-02,50000,60,REP044
1164,Fictional Outlet 01164,West, TRADITIONAL TRADE ,Small,2023-08-30,25000,15,REP045
1165,Fictional Outlet 01165,North,Wholesale,Medium,2023-01-03,25000,15,REP046
1166,Fictional Outlet 01166,South,Modern Trade,Medium,2023-04-13,5000,45,REP047
1167,Fictional Outlet 01167,East,Traditional Trade,Medium,2022-12-02,5000,45,REP048
1168,Fictional Outlet 01168,West,Wholesale,Small,2023-05-20,50000,45,REP049
1169,Fictional Outlet 01169,North,Traditional Trade,Large,2022-02-21,5000,60,REP050
1170,Fictional Outlet 01170,South,Traditional Trade,Medium,2023-01-10,5000,30,REP051
1171,Fictional Outlet 01171,East,Traditional Trade,Medium,2023-07-08,10000,15,REP052
1172,Fictional Outlet 01172,West,Traditional Trade,Large,2023-02-20,25000,30,REP053
1173,Fictional Outlet 01173,North,Traditional Trade,Medium,2022-10-24,10000,60,REP054
1174,Fictional Outlet 01174,South,Traditional Trade,Large,2022-06-15,10000,30,REP055
1175,Fictional Outlet 01175,East,Ecommerce,Medium,2022-04-02,10000,60,REP056
1176,Fictional Outlet 01176,West,Traditional Trade,Large,2022-06-28,10000,45,REP057
1177,Fictional Outlet 01177,North,Modern Trade,Small,2023-02-28,5000,45,REP058
1178,Fictional Outlet 01178,South,Wholesale,Small,2023-03-19,5000,60,REP059
1179,Fictional Outlet 01179,East,Traditional Trade,Medium,2023-03-15,25000,30,REP060
1180,Fictional Outlet 01180,West,Traditional Trade,Medium,2022-02-02,50000,15,REP061
1181,Fictional Outlet 01181,North,Wholesale,Large,2022-02-16,5000,15,REP062
1182,Fictional Outlet 01182,South,Traditional Trade,Medium,2022-09-01,25000,30,REP063
1183,Fictional Outlet 01183,East,Traditional Trade,Medium,2022-07-12,10000,15,REP064
1184,Fictional Outlet 01184,West,Modern Trade,Small,2023-01-28,5000,30,REP065
1185,Fictional Outlet 01185,North,Traditional Trade,Small,2023-08-23,10000,15,REP066
1186,Fictional Outlet 01186,South,Modern Trade,Small,2022-11-18,10000,60,REP067
1187,Fictional Outlet 01187,East,Wholesale,Medium,2023-09-29,50000,45,REP068
1188,Fictional Outlet 01188,West,Modern Trade,Medium,2023-08-20,5000,45,REP069
1189,Fictional Outlet 01189,North,Wholesale,Large,2022-11-12,25000,45,REP070
1190,Fictional Outlet 01190,South,Wholesale,Large,2023-01-20,50000,15,REP071
1191,Fictional Outlet 01191,East,Modern Trade,Large,2023-03-21,5000,60,REP072
1192,Fictional Outlet 01192,West,Ecommerce,Large,2022-10-03,25000,45,REP073
1193,Fictional Outlet 01193,North,Wholesale,Small,2022-02-11,10000,30,REP074
1194,Fictional Outlet 01194,South,Wholesale,Medium,2023-10-20,10000,60,REP075
1195,Fictional Outlet 01195,East,Traditional Trade,Medium,2023-06-18,50000,45,REP076
1196,Fictional Outlet 01196,West,Wholesale,Large,2023-02-15,5000,60,REP077
1197,Fictional Outlet 01197,North,Wholesale,Small,2022-12-20,25000,60,REP078
1198,Fictional Outlet 01198,South,Wholesale,Small,2023-01-20,10000,15,REP079
1199,Fictional Outlet 01199,East,Traditional Trade,Small,2023-12-07,50000,60,REP080
1200,Fictional Outlet 01200,West,Traditional Trade,Small,2023-07-19,25000,45,REP001
1201,Fictional Outlet 01201,North,Traditional Trade,Large,2023-01-16,5000,15,REP002
1202,Fictional Outlet 01202,South,Traditional Trade,Large,2022-07-06,10000,30,REP003
1203,Fictional Outlet 01203,East,Traditional Trade,Large,2022-03-10,50000,60,REP004
1204,Fictional Outlet 01204,West,Modern Trade,Medium,2023-02-09,25000,60,REP005
1205,Fictional Outlet 01205,North,Traditional Trade,Large,2023-04-07,25000,45,REP006
1206,Fictional Outlet 01206,South,Wholesale,Medium,2022-02-02,5000,45,REP007
1207,Fictional Outlet 01207,East,Traditional Trade,Medium,2023-02-02,10000,15,REP008
1208,Fictional Outlet 01208,West,Ecommerce,Large,2023-11-06,10000,45,REP009
1209,Fictional Outlet 01209,North,Traditional Trade,Large,2023-05-06,50000,15,REP010
1210,Fictional Outlet 01210,South,Modern Trade,Large,2022-09-18,25000,60,REP011
1211,Fictional Outlet 01211,East,Modern Trade,Medium,2023-12-21,10000,30,REP012
1212,Fictional Outlet 01212,West,Modern Trade,Large,2023-07-13,10000,15,REP013
1213,Fictional Outlet 01213,North,Wholesale,Small,2023-08-14,10000,60,REP014
1214,Fictional Outlet 01214,South,Modern Trade,Large,2022-04-11,25000,15,REP015
1215,Fictional Outlet 01215,East,Traditional Trade,Medium,2023-09-21,5000,15,REP016
1216,Fictional Outlet 01216,West,Wholesale,Large,2023-06-05,5000,30,REP017
1217,Fictional Outlet 01217,North,Traditional Trade,Small,2023-07-19,5000,45,REP018
1218,Fictional Outlet 01218,South,Traditional Trade,Small,2023-03-17,25000,45,REP019
1219,Fictional Outlet 01219,East,Traditional Trade,Large,2023-04-13,50000,30,REP020
1220,Fictional Outlet 01220,West,Modern Trade,Medium,2023-10-05,25000,15,REP021
1221,Fictional Outlet 01221,North,Modern Trade,Small,2022-09-10,10000,60,REP022
1222,Fictional Outlet 01222,South,Traditional Trade,Small,2022-06-29,50000,15,REP023
1223,Fictional Outlet 01223,East,Traditional Trade,Medium,2023-03-10,10000,60,REP024
1224,Fictional Outlet 01224,West,Wholesale,Small,2023-08-17,10000,60,REP025
1225,Fictional Outlet 01225,North,Traditional Trade,Medium,2023-06-17,5000,15,REP026
1226,Fictional Outlet 01226,South,Ecommerce,Small,2023-11-30,10000,60,REP027
1227,Fictional Outlet 01227,East,Traditional Trade,Small,2023-01-01,50000,45,REP028
1228,Fictional Outlet 01228,West,Modern Trade,Large,2023-01-21,10000,30,REP029
1229,Fictional Outlet 01229,North,Traditional Trade,Medium,2022-05-14,25000,45,REP030
1230,Fictional Outlet 01230,South,Modern Trade,Small,2022-06-28,50000,60,REP031
1231,Fictional Outlet 01231,East,Traditional Trade,Medium,2022-06-26,50000,30,REP032
1232,Fictional Outlet 01232,West,Traditional Trade,Medium,2023-01-13,50000,15,REP033
1233,Fictional Outlet 01233,North,Traditional Trade,Medium,2023-02-27,25000,60,REP034
1234,Fictional Outlet 01234,South,Wholesale,Small,2023-05-06,5000,45,REP035
1235,Fictional Outlet 01235,East,Traditional Trade,Large,2022-01-01,10000,45,REP036
1236,Fictional Outlet 01236,West,Ecommerce,Medium,2022-09-26,10000,45,REP037
1237,Fictional Outlet 01237,North,Ecommerce,Small,2022-02-05,5000,45,REP038
1238,Fictional Outlet 01238,South,Traditional Trade,Small,2023-09-05,25000,30,REP039
1239,Fictional Outlet 01239,East,Modern Trade,Small,2022-03-12,50000,30,REP040
1240,Fictional Outlet 01240,West,Traditional Trade,Large,2023-03-20,10000,30,REP041
1241,Fictional Outlet 01241,North,Wholesale,Small,2022-06-22,50000,60,REP042
1242,Fictional Outlet 01242,South,Wholesale,Small,2022-03-01,25000,45,REP043
1243,Fictional Outlet 01243,East,Modern Trade,Small,2022-03-14,5000,60,
1244,Fictional Outlet 01244,West,Traditional Trade,Small,2023-04-28,25000,15,REP045
1245,Fictional Outlet 01245,North,Traditional Trade,Small,2023-01-03,25000,45,REP046
1246,Fictional Outlet 01246,South,Traditional Trade,Small,2022-01-05,50000,30,REP047
1247,Fictional Outlet 01247,East,Traditional Trade,Medium,2022-02-18,50000,30,REP048
1248,Fictional Outlet 01248,West,Modern Trade,Small,2023-10-15,50000,60,REP049
1249,Fictional Outlet 01249,North,Wholesale,Medium,2023-04-16,50000,30,REP050
1250,Fictional Outlet 01250,South,Wholesale,Large,2022-03-14,5000,60,REP051
1251,Fictional Outlet 01251,East,Modern Trade,Medium,2022-06-07,25000,15,REP052
1252,Fictional Outlet 01252,West,Modern Trade,Medium,2023-05-23,10000,45,REP053
1253,Fictional Outlet 01253,North,Wholesale,Large,2023-06-17,50000,30,REP054
1254,Fictional Outlet 01254,South,Traditional Trade,Medium,2023-06-14,25000,45,REP055
1255,Fictional Outlet 01255,East,Traditional Trade,Medium,2023-02-14,5000,60,REP056
1256,Fictional Outlet 01256,West,Modern Trade,Large,2022-04-02,5000,15,REP057
1257,Fictional Outlet 01257,North,Traditional Trade,Small,2023-12-10,25000,60,REP058
1258,Fictional Outlet 01258,South,Modern Trade,Small,2022-11-04,25000,30,REP059
1259,Fictional Outlet 01259,East,Modern Trade,Medium,2022-10-13,5000,15,REP060
1260,Fictional Outlet 01260,West,Traditional Trade,Medium,2023-05-29,25000,15,REP061
1261,Fictional Outlet 01261,North, TRADITIONAL TRADE ,Large,2022-11-24,5000,30,REP062
1262,Fictional Outlet 01262,South,Traditional Trade,Small,2022-09-11,25000,15,REP063
1263,Fictional Outlet 01263,East,Modern Trade,Medium,2023-12-25,25000,60,REP064
1264,Fictional Outlet 01264,West,Wholesale,Small,2022-02-27,25000,30,REP065
1265,Fictional Outlet 01265,North,Traditional Trade,Large,2023-10-25,5000,45,REP066
1266,Fictional Outlet 01266,South,Traditional Trade,Medium,2023-04-10,10000,30,REP067
1267,Fictional Outlet 01267,East,Wholesale,Small,2023-09-19,25000,15,REP068
1268,Fictional Outlet 01268,West,Modern Trade,Medium,2022-11-28,5000,15,REP069
1269,Fictional Outlet 01269,North,Traditional Trade,Large,2022-02-01,25000,30,REP070
1270,Fictional Outlet 01270,South,Traditional Trade,Medium,2023-10-08,50000,45,REP071
1271,Fictional Outlet 01271,East,Modern Trade,Small,2022-04-24,5000,60,REP072
1272,Fictional Outlet 01272,West,Traditional Trade,Large,2022-05-10,50000,30,REP073
1273,Fictional Outlet 01273,North,Wholesale,Small,2022-11-21,10000,60,REP074
1274,Fictional Outlet 01274,South,Traditional Trade,Small,2023-07-30,50000,15,REP075
1275,Fictional Outlet 01275,East,Wholesale,Medium,2022-02-10,5000,60,REP076
1276,Fictional Outlet 01276,West,Traditional Trade,Medium,2022-04-24,25000,60,REP077
1277,Fictional Outlet 01277,North,Modern Trade,Large,2023-12-07,10000,60,REP078
1278,Fictional Outlet 01278,South,Traditional Trade,Medium,2022-12-09,5000,60,REP079
1279,Fictional Outlet 01279,East,Traditional Trade,Medium,2023-01-31,10000,30,REP080
1280,Fictional Outlet 01280,West,Wholesale,Large,2022-03-21,25000,15,REP001
1281,Fictional Outlet 01281,North,Ecommerce,Large,2023-12-20,10000,60,REP002
1282,Fictional Outlet 01282,South,Modern Trade,Small,2022-02-16,50000,15,REP003
1283,Fictional Outlet 01283,East,Wholesale,Large,2023-04-12,10000,45,REP004
1284,Fictional Outlet 01284,West,Traditional Trade,Large,2023-02-19,5000,15,REP005
1285,Fictional Outlet 01285,North,Wholesale,Small,2023-10-30,5000,60,REP006
1286,Fictional Outlet 01286,South,Modern Trade,Medium,2022-02-22,10000,45,REP007
1287,Fictional Outlet 01287,East,Traditional Trade,Large,2022-02-10,5000,15,REP008
1288,Fictional Outlet 01288,West,Wholesale,Medium,2022-04-02,50000,45,REP009
1289,Fictional Outlet 01289,North,Traditional Trade,Medium,2022-03-16,5000,30,REP010
1290,Fictional Outlet 01290,South,Modern Trade,Small,2022-04-14,50000,15,REP011
1291,Fictional Outlet 01291,East,Traditional Trade,Medium,2022-11-06,50000,30,REP012
1292,Fictional Outlet 01292,West,Wholesale,Small,2023-10-15,10000,60,REP013
1293,Fictional Outlet 01293,North,Traditional Trade,Medium,2022-07-01,5000,60,REP014
1294,Fictional Outlet 01294,South,Traditional Trade,Medium,2023-01-29,25000,45,REP015
1295,Fictional Outlet 01295,East,Traditional Trade,Large,2023-07-06,5000,15,REP016
1296,Fictional Outlet 01296,West,Modern Trade,Small,2022-12-28,5000,30,REP017
1297,Fictional Outlet 01297,North,Traditional Trade,Medium,2023-03-10,5000,30,REP018
1298,Fictional Outlet 01298,South,Traditional Trade,Medium,2023-01-30,25000,30,REP019
1299,Fictional Outlet 01299,East,Modern Trade,Large,2022-08-22,10000,45,REP020
1300,Fictional Outlet 01300,West,Ecommerce,Large,2023-09-01,5000,60,REP021
1301,Fictional Outlet 01301,North,Traditional Trade,Large,2023-04-10,10000,30,REP022
1302,Fictional Outlet 01302,South,Modern Trade,Small,2022-02-24,10000,60,REP023
1303,Fictional Outlet 01303,East,Traditional Trade,Medium,2022-08-09,5000,45,REP024
1304,Fictional Outlet 01304,West,Wholesale,Small,2022-02-18,10000,45,REP025
1305,Fictional Outlet 01305,North,Modern Trade,Large,2022-01-23,5000,60,REP026
1306,Fictional Outlet 01306,South,Wholesale,Large,2022-09-30,5000,15,REP027
1307,Fictional Outlet 01307,East,Traditional Trade,Small,2022-10-30,50000,30,REP028
1308,Fictional Outlet 01308,West,Wholesale,Small,2022-01-17,25000,45,REP029
1309,Fictional Outlet 01309,North,Traditional Trade,Small,2022-09-27,50000,15,REP030
1310,Fictional Outlet 01310,South,Ecommerce,Large,2023-05-08,25000,30,REP031
1311,Fictional Outlet 01311,East,Wholesale,Large,2022-12-09,50000,60,REP032
1312,Fictional Outlet 01312,West,Ecommerce,Large,2023-05-10,10000,15,REP033
1313,Fictional Outlet 01313,North,Traditional Trade,Medium,2023-03-08,25000,45,REP034
1314,Fictional Outlet 01314,South,Modern Trade,Large,2023-07-21,50000,15,REP035
1315,Fictional Outlet 01315,East,Traditional Trade,Small,2022-05-24,5000,30,REP036
1316,Fictional Outlet 01316,West,Traditional Trade,Medium,2023-05-05,25000,45,REP037
1317,Fictional Outlet 01317,North,Wholesale,Small,2022-11-18,10000,30,REP038
1318,Fictional Outlet 01318,South,Traditional Trade,Small,2023-05-21,5000,30,REP039
1319,Fictional Outlet 01319,East,Traditional Trade,Large,2023-06-04,50000,15,REP040
1320,Fictional Outlet 01320,West,Traditional Trade,Medium,2022-05-23,5000,30,REP041
1321,Fictional Outlet 01321,North,Wholesale,Small,2023-08-19,5000,15,REP042
1322,Fictional Outlet 01322,South,Traditional Trade,Large,2023-07-16,50000,15,REP043
1323,Fictional Outlet 01323,East,Traditional Trade,Large,2023-12-26,10000,15,REP044
1324,Fictional Outlet 01324,West,Modern Trade,Small,2022-06-08,25000,15,REP045
1325,Fictional Outlet 01325,North,Traditional Trade,Medium,2022-12-26,10000,15,REP046
1326,Fictional Outlet 01326,South,Traditional Trade,Small,2023-03-16,5000,45,REP047
1327,Fictional Outlet 01327,East,Ecommerce,Small,2022-10-11,10000,30,REP048
1328,Fictional Outlet 01328,West,Traditional Trade,Small,2023-10-20,50000,45,REP049
1329,Fictional Outlet 01329,North,Modern Trade,Medium,2023-06-28,10000,60,REP050
1330,Fictional Outlet 01330,South,Modern Trade,Small,2022-11-19,50000,45,REP051
1331,Fictional Outlet 01331,East,Traditional Trade,Large,2022-06-21,10000,15,REP052
1332,Fictional Outlet 01332,West,Traditional Trade,Small,2023-12-17,25000,15,REP053
1333,Fictional Outlet 01333,North,Traditional Trade,Small,2023-04-12,5000,30,REP054
1334,Fictional Outlet 01334,South,Ecommerce,Small,2023-01-11,25000,30,REP055
1335,Fictional Outlet 01335,East,Traditional Trade,Medium,2022-05-03,10000,60,REP056
1336,Fictional Outlet 01336,West,Traditional Trade,Large,2023-12-08,5000,60,REP057
1337,Fictional Outlet 01337,North,Traditional Trade,Large,2023-06-28,25000,60,REP058
1338,Fictional Outlet 01338,South,Traditional Trade,Large,2023-03-07,25000,45,REP059
1339,Fictional Outlet 01339,East,Traditional Trade,Medium,2023-01-27,5000,60,REP060
1340,Fictional Outlet 01340,West,Wholesale,Small,2022-04-07,25000,45,REP061
1341,Fictional Outlet 01341,North,Traditional Trade,Medium,2023-11-13,25000,15,REP062
1342,Fictional Outlet 01342,South,Traditional Trade,Medium,2022-01-09,5000,45,REP063
1343,Fictional Outlet 01343,East,Wholesale,Medium,2023-06-30,25000,60,REP064
1344,Fictional Outlet 01344,West,Modern Trade,Small,2022-05-30,50000,30,REP065
1345,Fictional Outlet 01345,North,Ecommerce,Medium,2023-01-14,5000,45,REP066
1346,Fictional Outlet 01346,South,Wholesale,Large,2022-07-07,50000,45,REP067
1347,Fictional Outlet 01347,East,Traditional Trade,Small,2022-05-18,50000,30,REP068
1348,Fictional Outlet 01348,West,Modern Trade,Medium,2022-01-09,25000,45,REP069
1349,Fictional Outlet 01349,North,Traditional Trade,Small,2022-09-15,50000,45,REP070
1350,Fictional Outlet 01350,South,Traditional Trade,Small,2023-04-19,25000,45,REP071
1351,Fictional Outlet 01351,East,Traditional Trade,Medium,2023-12-22,50000,60,REP072
1352,Fictional Outlet 01352,West,Modern Trade,Small,2023-11-19,5000,60,REP073
1353,Fictional Outlet 01353,North,Traditional Trade,Medium,2022-08-26,10000,45,REP074
1354,Fictional Outlet 01354,South,Traditional Trade,Small,2022-12-17,50000,60,REP075
1355,Fictional Outlet 01355,East,Traditional Trade,Large,2023-08-12,10000,45,REP076
1356,Fictional Outlet 01356,West,Traditional Trade,Large,2023-09-26,50000,30,
1357,Fictional Outlet 01357,North,Ecommerce,Small,2023-09-17,5000,15,REP078
1358,Fictional Outlet 01358,South, MODERN TRADE ,Medium,2022-03-22,5000,45,REP079
1359,Fictional Outlet 01359,East,Traditional Trade,Small,2022-09-09,10000,30,REP080
1360,Fictional Outlet 01360,West,Modern Trade,Small,2022-11-10,5000,60,REP001
1361,Fictional Outlet 01361,North,Wholesale,Large,2023-03-10,25000,60,REP002
1362,Fictional Outlet 01362,South,Modern Trade,Medium,2023-09-22,5000,45,REP003
1363,Fictional Outlet 01363,East,Wholesale,Small,2022-06-06,5000,15,REP004
1364,Fictional Outlet 01364,West,Wholesale,Small,2022-06-11,50000,60,REP005
1365,Fictional Outlet 01365,North,Traditional Trade,Small,2022-02-21,50000,15,REP006
1366,Fictional Outlet 01366,South,Traditional Trade,Medium,2023-02-14,25000,15,REP007
1367,Fictional Outlet 01367,East,Traditional Trade,Medium,2022-09-16,25000,60,REP008
1368,Fictional Outlet 01368,West,Ecommerce,Large,2023-12-07,10000,60,REP009
1369,Fictional Outlet 01369,North,Ecommerce,Large,2022-03-03,10000,30,REP010
1370,Fictional Outlet 01370,South,Traditional Trade,Small,2023-08-07,5000,45,REP011
1371,Fictional Outlet 01371,East,Modern Trade,Small,2023-01-29,5000,60,REP012
1372,Fictional Outlet 01372,West,Traditional Trade,Medium,2022-10-23,10000,30,REP013
1373,Fictional Outlet 01373,North,Traditional Trade,Medium,2022-12-13,50000,60,REP014
1374,Fictional Outlet 01374,South,Modern Trade,Small,2022-01-20,5000,30,REP015
1375,Fictional Outlet 01375,East,Traditional Trade,Large,2022-05-08,50000,60,REP016
1376,Fictional Outlet 01376,West,Wholesale,Small,2023-02-01,5000,45,REP017
1377,Fictional Outlet 01377,North,Wholesale,Small,2022-11-09,50000,30,REP018
1378,Fictional Outlet 01378,South,Ecommerce,Medium,2022-03-15,5000,30,REP019
1379,Fictional Outlet 01379,East,Wholesale,Large,2022-09-12,25000,30,REP020
1380,Fictional Outlet 01380,West,Modern Trade,Large,2023-01-06,10000,30,REP021
1381,Fictional Outlet 01381,North,Wholesale,Small,2023-02-19,25000,30,REP022
1382,Fictional Outlet 01382,South,Traditional Trade,Large,2023-11-14,50000,45,REP023
1383,Fictional Outlet 01383,East,Traditional Trade,Small,2023-02-15,5000,45,REP024
1384,Fictional Outlet 01384,West,Traditional Trade,Small,2023-10-15,50000,60,REP025
1385,Fictional Outlet 01385,North,Modern Trade,Medium,2022-10-31,5000,45,REP026
1386,Fictional Outlet 01386,South,Modern Trade,Medium,2022-05-07,10000,60,REP027
1387,Fictional Outlet 01387,East,Traditional Trade,Large,2023-01-31,5000,60,REP028
1388,Fictional Outlet 01388,West,Modern Trade,Small,2022-01-07,5000,60,REP029
1389,Fictional Outlet 01389,North,Traditional Trade,Medium,2023-06-15,50000,30,REP030
1390,Fictional Outlet 01390,South,Wholesale,Small,2022-08-27,10000,60,REP031
1391,Fictional Outlet 01391,East,Traditional Trade,Large,2023-09-06,25000,60,REP032
1392,Fictional Outlet 01392,West,Modern Trade,Medium,2023-08-16,25000,15,REP033
1393,Fictional Outlet 01393,North,Modern Trade,Medium,2023-04-24,10000,15,REP034
1394,Fictional Outlet 01394,South,Traditional Trade,Small,2022-04-14,25000,45,REP035
1395,Fictional Outlet 01395,East,Traditional Trade,Large,2022-03-12,25000,60,REP036
1396,Fictional Outlet 01396,West,Traditional Trade,Medium,2023-07-05,10000,45,REP037
1397,Fictional Outlet 01397,North,Traditional Trade,Large,2023-12-28,50000,60,REP038
1398,Fictional Outlet 01398,South,Modern Trade,Medium,2023-04-23,25000,45,REP039
1399,Fictional Outlet 01399,East,Modern Trade,Large,2023-03-04,50000,45,REP040
1400,Fictional Outlet 01400,West,Traditional Trade,Large,2022-03-25,50000,45,REP041
1401,Fictional Outlet 01401,North,Traditional Trade,Large,2023-03-05,25000,45,REP042
1402,Fictional Outlet 01402,South,Traditional Trade,Large,2022-08-18,25000,45,REP043
1403,Fictional Outlet 01403,East,Modern Trade,Small,2022-06-11,50000,60,REP044
1404,Fictional Outlet 01404,West,Traditional Trade,Small,2023-02-18,25000,30,REP045
1405,Fictional Outlet 01405,North,Wholesale,Medium,2023-12-15,25000,45,REP046
1406,Fictional Outlet 01406,South,Traditional Trade,Medium,2022-05-28,50000,45,REP047
1407,Fictional Outlet 01407,East,Modern Trade,Medium,2022-04-19,50000,60,REP048
1408,Fictional Outlet 01408,West,Wholesale,Small,2023-06-26,5000,60,REP049
1409,Fictional Outlet 01409,North,Traditional Trade,Large,2022-09-11,50000,30,REP050
1410,Fictional Outlet 01410,South,Wholesale,Medium,2023-08-07,50000,45,REP051
1411,Fictional Outlet 01411,East,Modern Trade,Large,2023-07-20,10000,15,REP052
1412,Fictional Outlet 01412,West,Modern Trade,Large,2023-03-01,10000,45,REP053
1413,Fictional Outlet 01413,North,Traditional Trade,Large,2023-07-16,50000,60,REP054
1414,Fictional Outlet 01414,South,Wholesale,Large,2022-08-27,5000,45,REP055
1415,Fictional Outlet 01415,East,Traditional Trade,Large,2022-03-31,10000,30,REP056
1416,Fictional Outlet 01416,West,Traditional Trade,Medium,2022-09-13,50000,60,REP057
1417,Fictional Outlet 01417,North,Traditional Trade,Medium,2023-03-18,50000,30,REP058
1418,Fictional Outlet 01418,South,Modern Trade,Large,2022-12-17,25000,30,REP059
1419,Fictional Outlet 01419,East,Traditional Trade,Large,2023-04-27,10000,45,REP060
1420,Fictional Outlet 01420,West,Traditional Trade,Large,2023-05-26,25000,60,REP061
1421,Fictional Outlet 01421,North,Traditional Trade,Small,2022-01-20,5000,30,REP062
1422,Fictional Outlet 01422,South,Traditional Trade,Medium,2023-09-30,25000,60,REP063
1423,Fictional Outlet 01423,East,Traditional Trade,Small,2022-12-17,25000,15,REP064
1424,Fictional Outlet 01424,West,Modern Trade,Medium,2023-06-06,5000,60,REP065
1425,Fictional Outlet 01425,North,Wholesale,Small,2023-04-13,25000,30,REP066
1426,Fictional Outlet 01426,South,Traditional Trade,Large,2023-02-04,5000,45,REP067
1427,Fictional Outlet 01427,East,Traditional Trade,Small,2023-03-03,10000,45,REP068
1428,Fictional Outlet 01428,West,Traditional Trade,Large,2022-05-28,10000,45,REP069
1429,Fictional Outlet 01429,North,Ecommerce,Large,2023-11-16,10000,60,REP070
1430,Fictional Outlet 01430,South,Modern Trade,Small,2023-03-26,25000,60,REP071
1431,Fictional Outlet 01431,East,Ecommerce,Small,2022-03-21,25000,15,REP072
1432,Fictional Outlet 01432,West,Modern Trade,Medium,2023-12-27,5000,30,REP073
1433,Fictional Outlet 01433,North,Traditional Trade,Medium,2023-07-24,50000,30,REP074
1434,Fictional Outlet 01434,South,Traditional Trade,Medium,2023-03-30,25000,30,REP075
1435,Fictional Outlet 01435,East,Traditional Trade,Small,2023-10-01,5000,30,REP076
1436,Fictional Outlet 01436,West,Modern Trade,Medium,2022-12-26,25000,60,REP077
1437,Fictional Outlet 01437,North,Modern Trade,Small,2023-09-24,5000,30,REP078
1438,Fictional Outlet 01438,South,Wholesale,Small,2023-10-21,25000,60,REP079
1439,Fictional Outlet 01439,East,Ecommerce,Large,2023-08-28,25000,45,REP080
1440,Fictional Outlet 01440,West,Traditional Trade,Medium,2022-10-06,25000,15,REP001
1441,Fictional Outlet 01441,North,Wholesale,Large,2023-05-13,10000,15,REP002
1442,Fictional Outlet 01442,South,Modern Trade,Medium,2022-05-13,25000,45,REP003
1443,Fictional Outlet 01443,East,Modern Trade,Medium,2023-09-18,25000,60,REP004
1444,Fictional Outlet 01444,West,Modern Trade,Large,2022-07-28,25000,60,REP005
1445,Fictional Outlet 01445,North,Traditional Trade,Small,2022-01-27,5000,60,REP006
1446,Fictional Outlet 01446,South,Traditional Trade,Medium,2022-02-16,25000,15,REP007
1447,Fictional Outlet 01447,East,Traditional Trade,Small,2022-04-15,10000,30,REP008
1448,Fictional Outlet 01448,West,Wholesale,Small,2022-10-26,10000,15,REP009
1449,Fictional Outlet 01449,North,Modern Trade,Large,2022-06-21,25000,15,REP010
1450,Fictional Outlet 01450,South,Modern Trade,Small,2023-05-08,25000,60,REP011
1451,Fictional Outlet 01451,East,Traditional Trade,Small,2022-10-05,10000,45,REP012
1452,Fictional Outlet 01452,West,Traditional Trade,Medium,2023-02-13,50000,15,REP013
1453,Fictional Outlet 01453,North,Wholesale,Small,2022-07-19,5000,60,REP014
1454,Fictional Outlet 01454,South,Traditional Trade,Medium,2023-11-07,25000,60,REP015
1455,Fictional Outlet 01455,East, TRADITIONAL TRADE ,Large,2022-05-19,5000,15,REP016
1456,Fictional Outlet 01456,West,Modern Trade,Large,2022-11-05,10000,60,REP017
1457,Fictional Outlet 01457,North,Traditional Trade,Large,2023-11-06,10000,60,REP018
1458,Fictional Outlet 01458,South,Traditional Trade,Large,2023-10-14,10000,60,REP019
1459,Fictional Outlet 01459,East,Wholesale,Small,2023-04-20,25000,30,REP020
1460,Fictional Outlet 01460,West,Traditional Trade,Small,2022-04-27,10000,60,REP021
1461,Fictional Outlet 01461,North,Traditional Trade,Medium,2022-08-29,50000,45,REP022
1462,Fictional Outlet 01462,South,Traditional Trade,Medium,2023-08-31,25000,30,REP023
1463,Fictional Outlet 01463,East,Traditional Trade,Large,2023-05-28,5000,15,REP024
1464,Fictional Outlet 01464,West,Wholesale,Small,2022-11-24,5000,60,REP025
1465,Fictional Outlet 01465,North,Ecommerce,Small,2022-12-12,50000,60,REP026
1466,Fictional Outlet 01466,South,Modern Trade,Large,2022-09-23,10000,30,REP027
1467,Fictional Outlet 01467,East,Modern Trade,Large,2022-04-10,5000,45,REP028
1468,Fictional Outlet 01468,West,Traditional Trade,Medium,2022-02-20,10000,45,REP029
1469,Fictional Outlet 01469,North,Wholesale,Medium,2022-11-13,5000,60,
1470,Fictional Outlet 01470,South,Traditional Trade,Large,2022-12-21,50000,45,REP031
1471,Fictional Outlet 01471,East,Modern Trade,Small,2022-05-28,50000,30,REP032
1472,Fictional Outlet 01472,West,Traditional Trade,Medium,2023-02-08,5000,30,REP033
1473,Fictional Outlet 01473,North,Traditional Trade,Medium,2023-10-09,25000,45,REP034
1474,Fictional Outlet 01474,South,Traditional Trade,Small,2022-05-04,25000,15,REP035
1475,Fictional Outlet 01475,East,Modern Trade,Small,2022-03-13,50000,60,REP036
1476,Fictional Outlet 01476,West,Traditional Trade,Large,2023-07-20,25000,60,REP037
1477,Fictional Outlet 01477,North,Traditional Trade,Large,2022-08-17,50000,60,REP038
1478,Fictional Outlet 01478,South,Wholesale,Large,2023-05-18,25000,15,REP039
1479,Fictional Outlet 01479,East,Wholesale,Large,2022-08-04,5000,15,REP040
1480,Fictional Outlet 01480,West,Traditional Trade,Small,2023-09-12,25000,30,REP041
1481,Fictional Outlet 01481,North,Traditional Trade,Large,2023-07-16,5000,60,REP042
1482,Fictional Outlet 01482,South,Wholesale,Large,2022-11-02,25000,45,REP043
1483,Fictional Outlet 01483,East,Modern Trade,Medium,2023-08-26,25000,45,REP044
1484,Fictional Outlet 01484,West,Modern Trade,Large,2022-06-01,50000,30,REP045
1485,Fictional Outlet 01485,North,Traditional Trade,Large,2022-02-20,25000,15,REP046
1486,Fictional Outlet 01486,South,Traditional Trade,Small,2022-03-12,10000,15,REP047
1487,Fictional Outlet 01487,East,Wholesale,Large,2022-11-20,5000,15,REP048
1488,Fictional Outlet 01488,West,Traditional Trade,Medium,2022-03-14,5000,30,REP049
1489,Fictional Outlet 01489,North,Traditional Trade,Small,2023-09-17,25000,60,REP050
1490,Fictional Outlet 01490,South,Traditional Trade,Small,2022-02-23,5000,45,REP051
1491,Fictional Outlet 01491,East,Traditional Trade,Small,2023-05-10,10000,45,REP052
1492,Fictional Outlet 01492,West,Traditional Trade,Large,2022-08-07,50000,30,REP053
1493,Fictional Outlet 01493,North,Traditional Trade,Small,2022-06-14,25000,45,REP054
1494,Fictional Outlet 01494,South,Traditional Trade,Small,2023-04-22,5000,30,REP055
1495,Fictional Outlet 01495,East,Modern Trade,Medium,2022-04-25,50000,30,REP056
1496,Fictional Outlet 01496,West,Ecommerce,Large,2023-10-25,5000,45,REP057
1497,Fictional Outlet 01497,North,Modern Trade,Medium,2022-10-21,25000,60,REP058
1498,Fictional Outlet 01498,South,Traditional Trade,Large,2022-06-09,5000,45,REP059
1499,Fictional Outlet 01499,East,Modern Trade,Medium,2023-04-11,25000,15,REP060
1500,Fictional Outlet 01500,West,Traditional Trade,Small,2023-03-05,5000,30,REP061
1501,Fictional Outlet 01501,North,Traditional Trade,Medium,2022-07-15,25000,30,REP062
1502,Fictional Outlet 01502,South,Traditional Trade,Large,2023-06-23,10000,15,REP063
1503,Fictional Outlet 01503,East,Traditional Trade,Large,2022-11-13,50000,15,REP064
1504,Fictional Outlet 01504,West,Traditional Trade,Medium,2022-01-21,10000,30,REP065
1505,Fictional Outlet 01505,North,Modern Trade,Medium,2023-06-19,10000,60,REP066
1506,Fictional Outlet 01506,South,Ecommerce,Medium,2022-12-28,10000,30,REP067
1507,Fictional Outlet 01507,East,Wholesale,Medium,2022-11-27,50000,30,REP068
1508,Fictional Outlet 01508,West,Wholesale,Small,2022-12-18,25000,30,REP069
1509,Fictional Outlet 01509,North,Wholesale,Medium,2023-03-13,25000,15,REP070
1510,Fictional Outlet 01510,South,Modern Trade,Medium,2023-06-18,10000,15,REP071
1511,Fictional Outlet 01511,East,Traditional Trade,Medium,2022-06-07,25000,30,REP072
1512,Fictional Outlet 01512,West,Wholesale,Small,2023-01-31,10000,15,REP073
1513,Fictional Outlet 01513,North,Traditional Trade,Medium,2022-09-19,25000,15,REP074
1514,Fictional Outlet 01514,South,Traditional Trade,Large,2022-10-11,50000,45,REP075
1515,Fictional Outlet 01515,East,Traditional Trade,Small,2022-06-26,25000,45,REP076
1516,Fictional Outlet 01516,West,Modern Trade,Large,2022-05-06,25000,15,REP077
1517,Fictional Outlet 01517,North,Modern Trade,Medium,2023-11-25,5000,45,REP078
1518,Fictional Outlet 01518,South,Modern Trade,Small,2023-09-09,10000,30,REP079
1519,Fictional Outlet 01519,East,Modern Trade,Large,2023-09-01,5000,15,REP080
1520,Fictional Outlet 01520,West,Traditional Trade,Large,2023-09-01,5000,30,REP001
1521,Fictional Outlet 01521,North,Traditional Trade,Large,2022-06-26,10000,15,REP002
1522,Fictional Outlet 01522,South,Modern Trade,Small,2023-01-21,5000,60,REP003
1523,Fictional Outlet 01523,East,Wholesale,Large,2022-09-26,50000,45,REP004
1524,Fictional Outlet 01524,West,Wholesale,Medium,2023-04-16,25000,30,REP005
1525,Fictional Outlet 01525,North,Wholesale,Large,2022-05-01,5000,30,REP006
1526,Fictional Outlet 01526,South,Traditional Trade,Small,2022-09-14,25000,45,REP007
1527,Fictional Outlet 01527,East,Wholesale,Large,2022-01-12,50000,30,REP008
1528,Fictional Outlet 01528,West,Traditional Trade,Medium,2023-12-19,25000,15,REP009
1529,Fictional Outlet 01529,North,Wholesale,Medium,2023-04-23,10000,45,REP010
1530,Fictional Outlet 01530,South,Modern Trade,Medium,2023-01-12,50000,45,REP011
1531,Fictional Outlet 01531,East,Traditional Trade,Large,2023-11-14,50000,60,REP012
1532,Fictional Outlet 01532,West,Traditional Trade,Large,2022-12-23,50000,15,REP013
1533,Fictional Outlet 01533,North,Traditional Trade,Small,2022-10-20,50000,60,REP014
1534,Fictional Outlet 01534,South,Traditional Trade,Medium,2022-10-11,50000,60,REP015
1535,Fictional Outlet 01535,East,Modern Trade,Medium,2022-10-19,25000,45,REP016
1536,Fictional Outlet 01536,West,Traditional Trade,Medium,2022-07-13,5000,45,REP017
1537,Fictional Outlet 01537,North,Traditional Trade,Large,2022-06-08,50000,30,REP018
1538,Fictional Outlet 01538,South,Traditional Trade,Medium,2022-08-03,5000,60,REP019
1539,Fictional Outlet 01539,East,Wholesale,Large,2023-07-06,50000,60,REP020
1540,Fictional Outlet 01540,West,Modern Trade,Medium,2022-08-23,10000,45,REP021
1541,Fictional Outlet 01541,North,Traditional Trade,Medium,2022-06-26,5000,45,REP022
1542,Fictional Outlet 01542,South,Traditional Trade,Large,2022-09-07,25000,45,REP023
1543,Fictional Outlet 01543,East,Ecommerce,Small,2022-02-14,25000,60,REP024
1544,Fictional Outlet 01544,West,Modern Trade,Medium,2022-10-09,10000,45,REP025
1545,Fictional Outlet 01545,North,Modern Trade,Small,2022-09-30,25000,45,REP026
1546,Fictional Outlet 01546,South,Ecommerce,Medium,2023-09-23,25000,30,REP027
1547,Fictional Outlet 01547,East,Modern Trade,Small,2023-10-25,50000,15,REP028
1548,Fictional Outlet 01548,West,Traditional Trade,Medium,2022-12-25,10000,30,REP029
1549,Fictional Outlet 01549,North,Traditional Trade,Small,2023-01-06,25000,60,REP030
1550,Fictional Outlet 01550,South,Ecommerce,Small,2022-01-05,5000,60,REP031
1551,Fictional Outlet 01551,East,Ecommerce,Small,2022-09-19,5000,30,REP032
1552,Fictional Outlet 01552,West, WHOLESALE ,Small,2023-04-22,25000,30,REP033
1553,Fictional Outlet 01553,North,Wholesale,Medium,2022-10-12,5000,60,REP034
1554,Fictional Outlet 01554,South,Traditional Trade,Medium,2022-12-10,10000,30,REP035
1555,Fictional Outlet 01555,East,Modern Trade,Large,2022-05-09,5000,60,REP036
1556,Fictional Outlet 01556,West,Traditional Trade,Medium,2023-10-10,50000,30,REP037
1557,Fictional Outlet 01557,North,Wholesale,Large,2023-06-15,25000,45,REP038
1558,Fictional Outlet 01558,South,Wholesale,Large,2022-09-09,10000,60,REP039
1559,Fictional Outlet 01559,East,Traditional Trade,Large,2022-01-17,50000,45,REP040
1560,Fictional Outlet 01560,West,Traditional Trade,Small,2023-10-20,25000,15,REP041
1561,Fictional Outlet 01561,North,Traditional Trade,Medium,2022-02-21,5000,15,REP042
1562,Fictional Outlet 01562,South,Modern Trade,Small,2023-10-23,10000,60,REP043
1563,Fictional Outlet 01563,East,Traditional Trade,Large,2022-05-29,50000,60,REP044
1564,Fictional Outlet 01564,West,Modern Trade,Large,2022-09-29,5000,60,REP045
1565,Fictional Outlet 01565,North,Ecommerce,Large,2023-09-19,10000,45,REP046
1566,Fictional Outlet 01566,South,Traditional Trade,Small,2022-10-23,50000,30,REP047
1567,Fictional Outlet 01567,East,Wholesale,Medium,2023-10-23,25000,45,REP048
1568,Fictional Outlet 01568,West,Traditional Trade,Small,2023-08-08,10000,30,REP049
1569,Fictional Outlet 01569,North,Modern Trade,Medium,2022-08-21,25000,45,REP050
1570,Fictional Outlet 01570,South,Traditional Trade,Small,2023-12-16,50000,30,REP051
1571,Fictional Outlet 01571,East,Wholesale,Small,2023-08-07,10000,60,REP052
1572,Fictional Outlet 01572,West,Traditional Trade,Small,2022-06-06,5000,60,REP053
1573,Fictional Outlet 01573,North,Traditional Trade,Large,2022-10-15,10000,60,REP054
1574,Fictional Outlet 01574,South,Traditional Trade,Small,2023-01-27,5000,15,REP055
1575,Fictional Outlet 01575,East,Traditional Trade,Medium,2023-06-07,50000,30,REP056
1576,Fictional Outlet 01576,West,Traditional Trade,Large,2022-07-25,10000,60,REP057
1577,Fictional Outlet 01577,North,Wholesale,Medium,2023-01-27,25000,30,REP058
1578,Fictional Outlet 01578,South,Wholesale,Large,2022-06-08,25000,15,REP059
1579,Fictional Outlet 01579,East,Traditional Trade,Medium,2022-09-04,50000,45,REP060
1580,Fictional Outlet 01580,West,Wholesale,Medium,2023-10-23,5000,15,REP061
1581,Fictional Outlet 01581,North,Traditional Trade,Large,2023-08-29,50000,60,REP062
1582,Fictional Outlet 01582,South,Ecommerce,Medium,2023-11-29,10000,15,
1583,Fictional Outlet 01583,East,Traditional Trade,Small,2022-09-12,25000,15,REP064
1584,Fictional Outlet 01584,West,Traditional Trade,Medium,2022-07-08,25000,30,REP065
1585,Fictional Outlet 01585,North,Traditional Trade,Small,2022-02-01,10000,60,REP066
1586,Fictional Outlet 01586,South,Wholesale,Small,2023-04-01,10000,30,REP067
1587,Fictional Outlet 01587,East,Modern Trade,Large,2023-06-21,10000,15,REP068
1588,Fictional Outlet 01588,West,Traditional Trade,Medium,2023-10-24,10000,60,REP069
1589,Fictional Outlet 01589,North,Wholesale,Large,2022-08-03,10000,45,REP070
1590,Fictional Outlet 01590,South,Wholesale,Large,2023-01-25,25000,45,REP071
1591,Fictional Outlet 01591,East,Traditional Trade,Medium,2022-11-30,10000,60,REP072
1592,Fictional Outlet 01592,West,Modern Trade,Small,2023-11-13,25000,60,REP073
1593,Fictional Outlet 01593,North,Traditional Trade,Large,2023-04-11,10000,45,REP074
1594,Fictional Outlet 01594,South,Wholesale,Medium,2023-07-16,10000,15,REP075
1595,Fictional Outlet 01595,East,Traditional Trade,Small,2022-03-07,25000,60,REP076
1596,Fictional Outlet 01596,West,Wholesale,Large,2023-06-18,50000,45,REP077
1597,Fictional Outlet 01597,North,Traditional Trade,Large,2023-11-16,10000,60,REP078
1598,Fictional Outlet 01598,South,Traditional Trade,Medium,2022-04-15,5000,60,REP079
1599,Fictional Outlet 01599,East,Traditional Trade,Large,2023-09-06,10000,15,REP080
1600,Fictional Outlet 01600,West,Wholesale,Large,2022-10-25,25000,60,REP001
1601,Fictional Outlet 01601,North,Traditional Trade,Medium,2022-06-16,10000,60,REP002
1602,Fictional Outlet 01602,South,Wholesale,Large,2023-03-01,5000,60,REP003
1603,Fictional Outlet 01603,East,Traditional Trade,Medium,2022-09-29,10000,60,REP004
1604,Fictional Outlet 01604,West,Modern Trade,Medium,2022-02-19,50000,15,REP005
1605,Fictional Outlet 01605,North,Traditional Trade,Medium,2022-06-23,25000,45,REP006
1606,Fictional Outlet 01606,South,Traditional Trade,Large,2022-06-05,25000,15,REP007
1607,Fictional Outlet 01607,East,Modern Trade,Small,2023-05-20,50000,30,REP008
1608,Fictional Outlet 01608,West,Traditional Trade,Large,2023-12-26,10000,60,REP009
1609,Fictional Outlet 01609,North,Traditional Trade,Medium,2022-01-10,10000,45,REP010
1610,Fictional Outlet 01610,South,Ecommerce,Medium,2023-05-17,25000,15,REP011
1611,Fictional Outlet 01611,East,Traditional Trade,Large,2023-01-06,5000,45,REP012
1612,Fictional Outlet 01612,West,Traditional Trade,Small,2023-10-30,10000,30,REP013
1613,Fictional Outlet 01613,North,Traditional Trade,Medium,2023-01-28,5000,60,REP014
1614,Fictional Outlet 01614,South,Traditional Trade,Large,2023-12-18,10000,45,REP015
1615,Fictional Outlet 01615,East,Traditional Trade,Medium,2023-03-10,25000,30,REP016
1616,Fictional Outlet 01616,West,Wholesale,Medium,2023-02-16,10000,30,REP017
1617,Fictional Outlet 01617,North,Wholesale,Large,2022-06-18,5000,30,REP018
1618,Fictional Outlet 01618,South,Traditional Trade,Medium,2023-08-25,10000,45,REP019
1619,Fictional Outlet 01619,East,Modern Trade,Medium,2022-11-30,50000,15,REP020
1620,Fictional Outlet 01620,West,Traditional Trade,Small,2022-05-25,10000,60,REP021
1621,Fictional Outlet 01621,North,Traditional Trade,Large,2023-06-19,50000,30,REP022
1622,Fictional Outlet 01622,South,Ecommerce,Large,2022-04-27,5000,45,REP023
1623,Fictional Outlet 01623,East,Traditional Trade,Small,2023-02-24,50000,30,REP024
1624,Fictional Outlet 01624,West,Traditional Trade,Large,2023-04-10,10000,60,REP025
1625,Fictional Outlet 01625,North,Traditional Trade,Medium,2022-01-05,50000,30,REP026
1626,Fictional Outlet 01626,South,Ecommerce,Medium,2023-05-06,50000,60,REP027
1627,Fictional Outlet 01627,East,Traditional Trade,Large,2022-10-25,5000,15,REP028
1628,Fictional Outlet 01628,West,Traditional Trade,Medium,2023-04-05,50000,45,REP029
1629,Fictional Outlet 01629,North,Wholesale,Small,2022-02-19,25000,15,REP030
1630,Fictional Outlet 01630,South,Traditional Trade,Small,2022-02-08,50000,30,REP031
1631,Fictional Outlet 01631,East,Wholesale,Large,2023-05-11,10000,60,REP032
1632,Fictional Outlet 01632,West,Modern Trade,Small,2022-04-18,25000,30,REP033
1633,Fictional Outlet 01633,North,Traditional Trade,Small,2023-01-03,50000,45,REP034
1634,Fictional Outlet 01634,South,Traditional Trade,Medium,2022-09-10,25000,45,REP035
1635,Fictional Outlet 01635,East,Modern Trade,Medium,2022-12-28,25000,15,REP036
1636,Fictional Outlet 01636,West,Traditional Trade,Small,2023-02-07,25000,15,REP037
1637,Fictional Outlet 01637,North,Wholesale,Large,2023-11-08,50000,45,REP038
1638,Fictional Outlet 01638,South,Modern Trade,Small,2023-11-10,5000,45,REP039
1639,Fictional Outlet 01639,East,Modern Trade,Large,2023-02-02,10000,60,REP040
1640,Fictional Outlet 01640,West,Ecommerce,Large,2022-11-17,5000,45,REP041
1641,Fictional Outlet 01641,North,Traditional Trade,Large,2023-09-30,50000,15,REP042
1642,Fictional Outlet 01642,South,Traditional Trade,Medium,2022-10-21,10000,30,REP043
1643,Fictional Outlet 01643,East,Modern Trade,Medium,2022-06-03,5000,45,REP044
1644,Fictional Outlet 01644,West,Traditional Trade,Large,2023-04-09,25000,30,REP045
1645,Fictional Outlet 01645,North,Traditional Trade,Small,2023-11-11,10000,30,REP046
1646,Fictional Outlet 01646,South,Traditional Trade,Large,2022-10-02,10000,45,REP047
1647,Fictional Outlet 01647,East,Traditional Trade,Medium,2022-10-14,50000,60,REP048
1648,Fictional Outlet 01648,West,Traditional Trade,Small,2023-12-08,25000,15,REP049
1649,Fictional Outlet 01649,North, TRADITIONAL TRADE ,Medium,2023-04-02,5000,30,REP050
1650,Fictional Outlet 01650,South,Wholesale,Small,2022-10-21,10000,45,REP051
1651,Fictional Outlet 01651,East,Modern Trade,Medium,2022-09-03,25000,15,REP052
1652,Fictional Outlet 01652,West,Traditional Trade,Medium,2022-03-25,10000,15,REP053
1653,Fictional Outlet 01653,North,Traditional Trade,Medium,2023-04-25,25000,60,REP054
1654,Fictional Outlet 01654,South,Traditional Trade,Large,2022-03-13,50000,60,REP055
1655,Fictional Outlet 01655,East,Traditional Trade,Large,2022-10-25,25000,30,REP056
1656,Fictional Outlet 01656,West,Wholesale,Medium,2023-10-01,50000,15,REP057
1657,Fictional Outlet 01657,North,Traditional Trade,Medium,2022-01-27,25000,45,REP058
1658,Fictional Outlet 01658,South,Traditional Trade,Medium,2023-01-05,25000,45,REP059
1659,Fictional Outlet 01659,East,Modern Trade,Medium,2023-11-22,10000,15,REP060
1660,Fictional Outlet 01660,West,Traditional Trade,Small,2022-08-09,50000,60,REP061
1661,Fictional Outlet 01661,North,Modern Trade,Small,2023-09-26,50000,45,REP062
1662,Fictional Outlet 01662,South,Traditional Trade,Large,2022-12-21,10000,15,REP063
1663,Fictional Outlet 01663,East,Modern Trade,Medium,2023-09-24,50000,45,REP064
1664,Fictional Outlet 01664,West,Modern Trade,Medium,2023-06-15,5000,30,REP065
1665,Fictional Outlet 01665,North,Traditional Trade,Small,2023-11-22,5000,30,REP066
1666,Fictional Outlet 01666,South,Ecommerce,Large,2023-01-26,50000,15,REP067
1667,Fictional Outlet 01667,East,Traditional Trade,Small,2023-10-29,10000,15,REP068
1668,Fictional Outlet 01668,West,Traditional Trade,Large,2023-05-15,10000,15,REP069
1669,Fictional Outlet 01669,North,Wholesale,Small,2023-01-09,10000,15,REP070
1670,Fictional Outlet 01670,South,Traditional Trade,Medium,2023-07-18,10000,45,REP071
1671,Fictional Outlet 01671,East,Traditional Trade,Small,2023-04-03,50000,60,REP072
1672,Fictional Outlet 01672,West,Traditional Trade,Medium,2023-01-20,10000,15,REP073
1673,Fictional Outlet 01673,North,Traditional Trade,Medium,2022-01-03,25000,60,REP074
1674,Fictional Outlet 01674,South,Traditional Trade,Small,2022-04-21,5000,60,REP075
1675,Fictional Outlet 01675,East,Modern Trade,Large,2023-01-10,10000,60,REP076
1676,Fictional Outlet 01676,West,Wholesale,Medium,2023-02-08,50000,30,REP077
1677,Fictional Outlet 01677,North,Traditional Trade,Medium,2023-09-14,10000,30,REP078
1678,Fictional Outlet 01678,South,Ecommerce,Large,2022-12-27,5000,45,REP079
1679,Fictional Outlet 01679,East,Traditional Trade,Small,2023-08-18,5000,60,REP080
1680,Fictional Outlet 01680,West,Traditional Trade,Small,2023-09-25,25000,60,REP001
1681,Fictional Outlet 01681,North,Modern Trade,Medium,2022-05-30,50000,15,REP002
1682,Fictional Outlet 01682,South,Traditional Trade,Large,2023-06-02,25000,30,REP003
1683,Fictional Outlet 01683,East,Traditional Trade,Small,2023-01-24,25000,30,REP004
1684,Fictional Outlet 01684,West,Wholesale,Small,2022-07-11,10000,45,REP005
1685,Fictional Outlet 01685,North,Wholesale,Large,2022-08-03,50000,15,REP006
1686,Fictional Outlet 01686,South,Traditional Trade,Medium,2023-10-24,25000,30,REP007
1687,Fictional Outlet 01687,East,Traditional Trade,Small,2023-07-01,50000,15,REP008
1688,Fictional Outlet 01688,West,Modern Trade,Large,2022-06-18,10000,30,REP009
1689,Fictional Outlet 01689,North,Traditional Trade,Small,2022-08-23,5000,15,REP010
1690,Fictional Outlet 01690,South,Modern Trade,Medium,2022-12-05,5000,60,REP011
1691,Fictional Outlet 01691,East,Modern Trade,Small,2023-08-25,5000,15,REP012
1692,Fictional Outlet 01692,West,Traditional Trade,Small,2022-12-10,25000,45,REP013
1693,Fictional Outlet 01693,North,Traditional Trade,Small,2023-08-30,10000,60,REP014
1694,Fictional Outlet 01694,South,Ecommerce,Medium,2023-03-10,25000,30,REP015
1695,Fictional Outlet 01695,East,Wholesale,Medium,2023-06-14,5000,30,
1696,Fictional Outlet 01696,West,Traditional Trade,Small,2023-06-11,50000,45,REP017
1697,Fictional Outlet 01697,North,Traditional Trade,Large,2023-10-07,10000,45,REP018
1698,Fictional Outlet 01698,South,Traditional Trade,Small,2023-11-12,25000,30,REP019
1699,Fictional Outlet 01699,East,Traditional Trade,Medium,2022-03-31,25000,60,REP020
1700,Fictional Outlet 01700,West,Traditional Trade,Large,2022-03-17,50000,15,REP021
1701,Fictional Outlet 01701,North,Ecommerce,Small,2023-09-24,50000,15,REP022
1702,Fictional Outlet 01702,South,Traditional Trade,Medium,2023-07-04,5000,45,REP023
1703,Fictional Outlet 01703,East,Traditional Trade,Medium,2022-03-05,5000,30,REP024
1704,Fictional Outlet 01704,West,Traditional Trade,Medium,2023-10-19,10000,15,REP025
1705,Fictional Outlet 01705,North,Traditional Trade,Large,2022-05-07,10000,45,REP026
1706,Fictional Outlet 01706,South,Traditional Trade,Large,2022-06-17,50000,45,REP027
1707,Fictional Outlet 01707,East,Modern Trade,Medium,2023-08-07,50000,30,REP028
1708,Fictional Outlet 01708,West,Traditional Trade,Large,2022-12-31,25000,15,REP029
1709,Fictional Outlet 01709,North,Ecommerce,Medium,2023-01-13,25000,15,REP030
1710,Fictional Outlet 01710,South,Traditional Trade,Small,2022-01-19,10000,15,REP031
1711,Fictional Outlet 01711,East,Modern Trade,Medium,2023-10-20,50000,45,REP032
1712,Fictional Outlet 01712,West,Modern Trade,Medium,2023-10-19,50000,15,REP033
1713,Fictional Outlet 01713,North,Wholesale,Large,2022-08-06,10000,45,REP034
1714,Fictional Outlet 01714,South,Wholesale,Medium,2023-11-15,50000,45,REP035
1715,Fictional Outlet 01715,East,Wholesale,Large,2022-10-01,25000,45,REP036
1716,Fictional Outlet 01716,West,Modern Trade,Small,2023-11-08,10000,45,REP037
1717,Fictional Outlet 01717,North,Traditional Trade,Small,2023-01-06,10000,45,REP038
1718,Fictional Outlet 01718,South,Traditional Trade,Medium,2023-01-05,10000,15,REP039
1719,Fictional Outlet 01719,East,Wholesale,Large,2023-11-20,5000,45,REP040
1720,Fictional Outlet 01720,West,Traditional Trade,Medium,2022-01-25,10000,45,REP041
1721,Fictional Outlet 01721,North,Traditional Trade,Medium,2023-08-20,50000,60,REP042
1722,Fictional Outlet 01722,South,Wholesale,Small,2023-05-09,25000,15,REP043
1723,Fictional Outlet 01723,East,Modern Trade,Medium,2023-10-30,50000,60,REP044
1724,Fictional Outlet 01724,West,Wholesale,Small,2023-05-15,25000,45,REP045
1725,Fictional Outlet 01725,North,Wholesale,Medium,2022-08-29,10000,45,REP046
1726,Fictional Outlet 01726,South,Wholesale,Small,2022-11-19,5000,45,REP047
1727,Fictional Outlet 01727,East,Traditional Trade,Large,2022-03-03,10000,15,REP048
1728,Fictional Outlet 01728,West,Modern Trade,Large,2022-12-11,25000,15,REP049
1729,Fictional Outlet 01729,North,Wholesale,Medium,2022-10-20,10000,45,REP050
1730,Fictional Outlet 01730,South,Traditional Trade,Medium,2022-06-08,5000,60,REP051
1731,Fictional Outlet 01731,East,Modern Trade,Large,2022-05-12,25000,30,REP052
1732,Fictional Outlet 01732,West,Traditional Trade,Small,2022-12-27,10000,45,REP053
1733,Fictional Outlet 01733,North,Modern Trade,Small,2023-05-03,5000,15,REP054
1734,Fictional Outlet 01734,South,Traditional Trade,Large,2023-04-26,25000,45,REP055
1735,Fictional Outlet 01735,East,Modern Trade,Small,2023-09-06,10000,45,REP056
1736,Fictional Outlet 01736,West,Wholesale,Large,2023-01-19,10000,60,REP057
1737,Fictional Outlet 01737,North,Wholesale,Medium,2022-08-19,25000,15,REP058
1738,Fictional Outlet 01738,South,Traditional Trade,Medium,2022-04-05,10000,15,REP059
1739,Fictional Outlet 01739,East,Traditional Trade,Large,2023-01-24,50000,15,REP060
1740,Fictional Outlet 01740,West,Traditional Trade,Small,2023-02-27,50000,15,REP061
1741,Fictional Outlet 01741,North,Modern Trade,Small,2023-04-05,25000,30,REP062
1742,Fictional Outlet 01742,South,Modern Trade,Large,2023-05-03,5000,60,REP063
1743,Fictional Outlet 01743,East,Traditional Trade,Small,2022-01-01,50000,60,REP064
1744,Fictional Outlet 01744,West,Traditional Trade,Large,2023-05-19,5000,45,REP065
1745,Fictional Outlet 01745,North,Wholesale,Medium,2023-02-19,5000,45,REP066
1746,Fictional Outlet 01746,South, WHOLESALE ,Medium,2022-03-04,10000,60,REP067
1747,Fictional Outlet 01747,East,Traditional Trade,Medium,2023-04-17,50000,15,REP068
1748,Fictional Outlet 01748,West,Traditional Trade,Medium,2022-12-20,5000,15,REP069
1749,Fictional Outlet 01749,North,Traditional Trade,Small,2022-10-21,25000,15,REP070
1750,Fictional Outlet 01750,South,Traditional Trade,Small,2023-06-08,10000,45,REP071
1751,Fictional Outlet 01751,East,Wholesale,Medium,2023-11-04,50000,45,REP072
1752,Fictional Outlet 01752,West,Traditional Trade,Small,2022-01-19,10000,30,REP073
1753,Fictional Outlet 01753,North,Wholesale,Small,2022-10-19,50000,30,REP074
1754,Fictional Outlet 01754,South,Traditional Trade,Large,2023-03-27,5000,30,REP075
1755,Fictional Outlet 01755,East,Traditional Trade,Large,2022-10-25,5000,60,REP076
1756,Fictional Outlet 01756,West,Traditional Trade,Medium,2023-07-29,25000,60,REP077
1757,Fictional Outlet 01757,North,Modern Trade,Medium,2023-12-28,10000,60,REP078
1758,Fictional Outlet 01758,South,Traditional Trade,Large,2023-03-21,5000,30,REP079
1759,Fictional Outlet 01759,East,Ecommerce,Small,2022-06-19,25000,60,REP080
1760,Fictional Outlet 01760,West,Traditional Trade,Large,2023-12-12,25000,15,REP001
1761,Fictional Outlet 01761,North,Modern Trade,Large,2022-08-02,50000,60,REP002
1762,Fictional Outlet 01762,South,Wholesale,Large,2023-05-26,5000,60,REP003
1763,Fictional Outlet 01763,East,Wholesale,Small,2022-12-06,50000,30,REP004
1764,Fictional Outlet 01764,West,Traditional Trade,Large,2023-09-20,25000,60,REP005
1765,Fictional Outlet 01765,North,Traditional Trade,Small,2023-04-02,25000,15,REP006
1766,Fictional Outlet 01766,South,Traditional Trade,Small,2023-08-07,50000,60,REP007
1767,Fictional Outlet 01767,East,Traditional Trade,Large,2022-02-27,5000,60,REP008
1768,Fictional Outlet 01768,West,Wholesale,Medium,2022-03-30,5000,30,REP009
1769,Fictional Outlet 01769,North,Traditional Trade,Small,2022-05-18,50000,45,REP010
1770,Fictional Outlet 01770,South,Modern Trade,Small,2023-01-24,10000,45,REP011
1771,Fictional Outlet 01771,East,Wholesale,Large,2023-11-03,10000,60,REP012
1772,Fictional Outlet 01772,West,Traditional Trade,Small,2022-11-17,10000,30,REP013
1773,Fictional Outlet 01773,North,Modern Trade,Medium,2022-10-04,5000,60,REP014
1774,Fictional Outlet 01774,South,Wholesale,Small,2022-11-21,50000,45,REP015
1775,Fictional Outlet 01775,East,Modern Trade,Medium,2022-06-10,50000,45,REP016
1776,Fictional Outlet 01776,West,Traditional Trade,Medium,2022-11-28,50000,15,REP017
1777,Fictional Outlet 01777,North,Traditional Trade,Large,2023-07-10,5000,15,REP018
1778,Fictional Outlet 01778,South,Modern Trade,Medium,2023-03-24,10000,60,REP019
1779,Fictional Outlet 01779,East,Traditional Trade,Medium,2022-05-11,25000,45,REP020
1780,Fictional Outlet 01780,West,Wholesale,Small,2023-08-02,5000,15,REP021
1781,Fictional Outlet 01781,North,Traditional Trade,Large,2023-01-13,25000,45,REP022
1782,Fictional Outlet 01782,South,Traditional Trade,Medium,2023-07-26,50000,60,REP023
1783,Fictional Outlet 01783,East,Modern Trade,Small,2022-12-16,50000,30,REP024
1784,Fictional Outlet 01784,West,Modern Trade,Medium,2023-01-09,50000,45,REP025
1785,Fictional Outlet 01785,North,Modern Trade,Medium,2022-09-14,25000,15,REP026
1786,Fictional Outlet 01786,South,Traditional Trade,Large,2023-02-11,5000,45,REP027
1787,Fictional Outlet 01787,East,Traditional Trade,Large,2022-02-28,25000,45,REP028
1788,Fictional Outlet 01788,West,Wholesale,Medium,2023-06-13,10000,30,REP029
1789,Fictional Outlet 01789,North,Traditional Trade,Large,2022-02-14,50000,30,REP030
1790,Fictional Outlet 01790,South,Traditional Trade,Small,2022-11-25,50000,30,REP031
1791,Fictional Outlet 01791,East,Traditional Trade,Small,2022-03-23,5000,60,REP032
1792,Fictional Outlet 01792,West,Traditional Trade,Large,2022-08-07,10000,60,REP033
1793,Fictional Outlet 01793,North,Wholesale,Medium,2022-06-28,5000,60,REP034
1794,Fictional Outlet 01794,South,Modern Trade,Small,2023-05-05,50000,30,REP035
1795,Fictional Outlet 01795,East,Traditional Trade,Small,2022-05-19,5000,15,REP036
1796,Fictional Outlet 01796,West,Traditional Trade,Small,2022-10-25,25000,45,REP037
1797,Fictional Outlet 01797,North,Traditional Trade,Small,2022-01-09,10000,45,REP038
1798,Fictional Outlet 01798,South,Traditional Trade,Medium,2023-12-10,10000,45,REP039
1799,Fictional Outlet 01799,East,Wholesale,Small,2023-12-12,10000,15,REP040
1800,Fictional Outlet 01800,West,Wholesale,Large,2022-02-12,25000,60,REP041
1801,Fictional Outlet 01801,North,Traditional Trade,Large,2022-01-10,25000,45,REP042
1802,Fictional Outlet 01802,South,Traditional Trade,Medium,2023-09-05,50000,30,REP043
1803,Fictional Outlet 01803,East,Traditional Trade,Medium,2022-06-08,25000,60,REP044
1804,Fictional Outlet 01804,West,Wholesale,Medium,2022-02-01,50000,45,REP045
1805,Fictional Outlet 01805,North,Modern Trade,Small,2022-12-14,5000,45,REP046
1806,Fictional Outlet 01806,South,Traditional Trade,Small,2023-05-26,25000,60,REP047
1807,Fictional Outlet 01807,East,Traditional Trade,Small,2022-11-05,10000,30,REP048
1808,Fictional Outlet 01808,West,Modern Trade,Large,2023-11-18,50000,15,
1809,Fictional Outlet 01809,North,Traditional Trade,Small,2022-09-13,5000,45,REP050
1810,Fictional Outlet 01810,South,Traditional Trade,Small,2022-01-01,10000,15,REP051
1811,Fictional Outlet 01811,East,Wholesale,Small,2023-01-07,50000,60,REP052
1812,Fictional Outlet 01812,West,Traditional Trade,Medium,2023-07-15,10000,45,REP053
1813,Fictional Outlet 01813,North,Traditional Trade,Small,2023-07-05,10000,30,REP054
1814,Fictional Outlet 01814,South,Wholesale,Small,2022-07-30,5000,45,REP055
1815,Fictional Outlet 01815,East,Modern Trade,Small,2022-01-17,5000,30,REP056
1816,Fictional Outlet 01816,West,Traditional Trade,Large,2022-07-17,10000,30,REP057
1817,Fictional Outlet 01817,North,Traditional Trade,Medium,2023-10-20,10000,60,REP058
1818,Fictional Outlet 01818,South,Traditional Trade,Medium,2023-12-03,25000,60,REP059
1819,Fictional Outlet 01819,East,Traditional Trade,Large,2023-04-16,25000,45,REP060
1820,Fictional Outlet 01820,West,Traditional Trade,Small,2022-03-04,10000,45,REP061
1821,Fictional Outlet 01821,North,Wholesale,Small,2023-06-15,5000,60,REP062
1822,Fictional Outlet 01822,South,Traditional Trade,Large,2023-05-18,25000,30,REP063
1823,Fictional Outlet 01823,East,Modern Trade,Large,2022-11-23,10000,15,REP064
1824,Fictional Outlet 01824,West,Wholesale,Small,2023-08-20,5000,30,REP065
1825,Fictional Outlet 01825,North,Traditional Trade,Small,2022-03-16,5000,30,REP066
1826,Fictional Outlet 01826,South,Modern Trade,Small,2023-03-23,25000,15,REP067
1827,Fictional Outlet 01827,East,Traditional Trade,Large,2022-04-02,10000,45,REP068
1828,Fictional Outlet 01828,West,Modern Trade,Small,2023-11-18,50000,15,REP069
1829,Fictional Outlet 01829,North,Wholesale,Medium,2022-10-09,10000,15,REP070
1830,Fictional Outlet 01830,South,Traditional Trade,Small,2023-01-12,50000,15,REP071
1831,Fictional Outlet 01831,East,Traditional Trade,Large,2023-11-08,50000,15,REP072
1832,Fictional Outlet 01832,West,Traditional Trade,Small,2022-04-14,5000,30,REP073
1833,Fictional Outlet 01833,North,Wholesale,Medium,2022-09-22,50000,30,REP074
1834,Fictional Outlet 01834,South,Traditional Trade,Large,2022-10-14,50000,30,REP075
1835,Fictional Outlet 01835,East,Modern Trade,Small,2023-12-07,25000,15,REP076
1836,Fictional Outlet 01836,West,Traditional Trade,Small,2022-03-11,5000,15,REP077
1837,Fictional Outlet 01837,North,Modern Trade,Medium,2023-06-08,5000,30,REP078
1838,Fictional Outlet 01838,South,Wholesale,Small,2023-10-09,50000,30,REP079
1839,Fictional Outlet 01839,East,Modern Trade,Medium,2023-12-12,50000,30,REP080
1840,Fictional Outlet 01840,West,Ecommerce,Large,2023-12-24,25000,15,REP001
1841,Fictional Outlet 01841,North,Modern Trade,Large,2023-05-22,25000,15,REP002
1842,Fictional Outlet 01842,South,Ecommerce,Small,2023-03-19,5000,30,REP003
1843,Fictional Outlet 01843,East, ECOMMERCE ,Small,2023-05-04,5000,45,REP004
1844,Fictional Outlet 01844,West,Traditional Trade,Large,2022-02-16,10000,45,REP005
1845,Fictional Outlet 01845,North,Wholesale,Medium,2022-12-02,5000,15,REP006
1846,Fictional Outlet 01846,South,Traditional Trade,Large,2022-10-05,25000,45,REP007
1847,Fictional Outlet 01847,East,Wholesale,Small,2023-06-07,25000,60,REP008
1848,Fictional Outlet 01848,West,Traditional Trade,Medium,2023-06-14,10000,15,REP009
1849,Fictional Outlet 01849,North,Modern Trade,Small,2023-05-28,5000,15,REP010
1850,Fictional Outlet 01850,South,Wholesale,Medium,2022-06-17,25000,45,REP011
1851,Fictional Outlet 01851,East,Traditional Trade,Large,2022-12-25,25000,15,REP012
1852,Fictional Outlet 01852,West,Traditional Trade,Large,2022-04-18,10000,30,REP013
1853,Fictional Outlet 01853,North,Traditional Trade,Small,2023-05-17,10000,45,REP014
1854,Fictional Outlet 01854,South,Traditional Trade,Small,2022-11-13,5000,45,REP015
1855,Fictional Outlet 01855,East,Modern Trade,Medium,2022-07-23,25000,30,REP016
1856,Fictional Outlet 01856,West,Traditional Trade,Small,2023-11-26,5000,60,REP017
1857,Fictional Outlet 01857,North,Modern Trade,Small,2023-04-22,25000,60,REP018
1858,Fictional Outlet 01858,South,Modern Trade,Large,2023-11-11,25000,45,REP019
1859,Fictional Outlet 01859,East,Traditional Trade,Small,2022-03-29,5000,45,REP020
1860,Fictional Outlet 01860,West,Traditional Trade,Medium,2022-02-08,25000,30,REP021
1861,Fictional Outlet 01861,North,Ecommerce,Medium,2023-02-16,50000,30,REP022
1862,Fictional Outlet 01862,South,Traditional Trade,Medium,2022-05-18,50000,15,REP023
1863,Fictional Outlet 01863,East,Modern Trade,Small,2022-07-05,25000,45,REP024
1864,Fictional Outlet 01864,West,Traditional Trade,Small,2022-09-03,10000,30,REP025
1865,Fictional Outlet 01865,North,Traditional Trade,Medium,2022-03-29,5000,15,REP026
1866,Fictional Outlet 01866,South,Traditional Trade,Large,2022-03-22,5000,60,REP027
1867,Fictional Outlet 01867,East,Traditional Trade,Small,2023-08-29,25000,60,REP028
1868,Fictional Outlet 01868,West,Wholesale,Medium,2023-11-23,5000,30,REP029
1869,Fictional Outlet 01869,North,Traditional Trade,Large,2023-08-19,10000,60,REP030
1870,Fictional Outlet 01870,South,Traditional Trade,Small,2023-04-09,50000,15,REP031
1871,Fictional Outlet 01871,East,Traditional Trade,Small,2022-08-01,5000,30,REP032
1872,Fictional Outlet 01872,West,Traditional Trade,Medium,2023-12-28,50000,45,REP033
1873,Fictional Outlet 01873,North,Modern Trade,Large,2022-04-19,50000,30,REP034
1874,Fictional Outlet 01874,South,Traditional Trade,Large,2022-09-01,25000,15,REP035
1875,Fictional Outlet 01875,East,Traditional Trade,Small,2022-09-20,25000,30,REP036
1876,Fictional Outlet 01876,West,Traditional Trade,Medium,2023-11-02,5000,30,REP037
1877,Fictional Outlet 01877,North,Wholesale,Large,2023-09-13,25000,45,REP038
1878,Fictional Outlet 01878,South,Traditional Trade,Small,2022-03-28,25000,15,REP039
1879,Fictional Outlet 01879,East,Traditional Trade,Large,2022-11-06,50000,15,REP040
1880,Fictional Outlet 01880,West,Wholesale,Medium,2022-07-30,5000,15,REP041
1881,Fictional Outlet 01881,North,Wholesale,Small,2023-11-30,50000,30,REP042
1882,Fictional Outlet 01882,South,Modern Trade,Large,2023-08-23,10000,30,REP043
1883,Fictional Outlet 01883,East,Ecommerce,Large,2023-07-14,10000,60,REP044
1884,Fictional Outlet 01884,West,Modern Trade,Medium,2023-11-20,50000,60,REP045
1885,Fictional Outlet 01885,North,Traditional Trade,Medium,2023-03-28,25000,30,REP046
1886,Fictional Outlet 01886,South,Traditional Trade,Medium,2023-07-15,10000,30,REP047
1887,Fictional Outlet 01887,East,Wholesale,Medium,2023-05-23,25000,60,REP048
1888,Fictional Outlet 01888,West,Wholesale,Medium,2022-03-01,10000,30,REP049
1889,Fictional Outlet 01889,North,Traditional Trade,Small,2022-05-23,5000,60,REP050
1890,Fictional Outlet 01890,South,Traditional Trade,Medium,2022-11-17,5000,15,REP051
1891,Fictional Outlet 01891,East,Traditional Trade,Large,2022-01-25,50000,60,REP052
1892,Fictional Outlet 01892,West,Modern Trade,Medium,2022-08-27,25000,60,REP053
1893,Fictional Outlet 01893,North,Wholesale,Large,2023-09-28,50000,30,REP054
1894,Fictional Outlet 01894,South,Traditional Trade,Large,2022-09-08,25000,30,REP055
1895,Fictional Outlet 01895,East,Wholesale,Large,2022-02-14,25000,60,REP056
1896,Fictional Outlet 01896,West,Modern Trade,Medium,2023-06-13,50000,45,REP057
1897,Fictional Outlet 01897,North,Modern Trade,Large,2022-12-13,5000,60,REP058
1898,Fictional Outlet 01898,South,Traditional Trade,Large,2022-01-01,5000,30,REP059
1899,Fictional Outlet 01899,East,Modern Trade,Large,2023-02-07,25000,15,REP060
1900,Fictional Outlet 01900,West,Traditional Trade,Large,2023-05-09,50000,60,REP061
1901,Fictional Outlet 01901,North,Traditional Trade,Large,2023-07-03,50000,30,REP062
1902,Fictional Outlet 01902,South,Traditional Trade,Large,2022-08-29,50000,30,REP063
1903,Fictional Outlet 01903,East,Traditional Trade,Small,2022-01-12,50000,45,REP064
1904,Fictional Outlet 01904,West,Traditional Trade,Large,2023-06-19,50000,60,REP065
1905,Fictional Outlet 01905,North,Modern Trade,Large,2022-04-27,25000,60,REP066
1906,Fictional Outlet 01906,South,Traditional Trade,Small,2022-07-03,10000,45,REP067
1907,Fictional Outlet 01907,East,Traditional Trade,Large,2022-09-11,5000,15,REP068
1908,Fictional Outlet 01908,West,Modern Trade,Medium,2023-05-27,50000,15,REP069
1909,Fictional Outlet 01909,North,Modern Trade,Medium,2022-07-04,5000,30,REP070
1910,Fictional Outlet 01910,South,Traditional Trade,Large,2023-03-13,25000,15,REP071
1911,Fictional Outlet 01911,East,Traditional Trade,Medium,2023-06-22,10000,15,REP072
1912,Fictional Outlet 01912,West,Ecommerce,Small,2022-02-28,50000,45,REP073
1913,Fictional Outlet 01913,North,Wholesale,Medium,2023-04-22,10000,15,REP074
1914,Fictional Outlet 01914,South,Traditional Trade,Medium,2023-12-01,10000,15,REP075
1915,Fictional Outlet 01915,East,Traditional Trade,Large,2022-08-31,25000,15,REP076
1916,Fictional Outlet 01916,West,Modern Trade,Large,2022-10-11,10000,15,REP077
1917,Fictional Outlet 01917,North,Modern Trade,Small,2023-09-01,5000,45,REP078
1918,Fictional Outlet 01918,South,Wholesale,Small,2022-01-13,10000,30,REP079
1919,Fictional Outlet 01919,East,Wholesale,Large,2022-03-11,25000,30,REP080
1920,Fictional Outlet 01920,West,Traditional Trade,Small,2023-04-03,5000,30,REP001
1921,Fictional Outlet 01921,North,Wholesale,Small,2022-11-03,5000,60,
1922,Fictional Outlet 01922,South,Traditional Trade,Medium,2022-09-25,25000,45,REP003
1923,Fictional Outlet 01923,East,Traditional Trade,Medium,2022-10-14,5000,15,REP004
1924,Fictional Outlet 01924,West,Traditional Trade,Large,2023-02-26,50000,30,REP005
1925,Fictional Outlet 01925,North,Wholesale,Medium,2023-07-28,10000,45,REP006
1926,Fictional Outlet 01926,South,Ecommerce,Large,2022-09-28,10000,15,REP007
1927,Fictional Outlet 01927,East,Traditional Trade,Medium,2022-04-10,50000,15,REP008
1928,Fictional Outlet 01928,West,Traditional Trade,Small,2023-04-16,25000,15,REP009
1929,Fictional Outlet 01929,North,Traditional Trade,Medium,2023-10-21,5000,30,REP010
1930,Fictional Outlet 01930,South,Modern Trade,Large,2023-11-06,5000,45,REP011
1931,Fictional Outlet 01931,East,Modern Trade,Medium,2023-09-04,50000,60,REP012
1932,Fictional Outlet 01932,West,Traditional Trade,Large,2023-04-21,25000,30,REP013
1933,Fictional Outlet 01933,North,Modern Trade,Medium,2023-11-13,10000,45,REP014
1934,Fictional Outlet 01934,South,Traditional Trade,Small,2022-02-15,25000,45,REP015
1935,Fictional Outlet 01935,East,Wholesale,Medium,2022-10-24,5000,30,REP016
1936,Fictional Outlet 01936,West,Ecommerce,Small,2023-02-19,5000,30,REP017
1937,Fictional Outlet 01937,North,Wholesale,Large,2023-07-27,25000,45,REP018
1938,Fictional Outlet 01938,South,Modern Trade,Small,2023-10-24,25000,30,REP019
1939,Fictional Outlet 01939,East,Traditional Trade,Small,2023-02-01,5000,15,REP020
1940,Fictional Outlet 01940,West, TRADITIONAL TRADE ,Large,2022-06-03,10000,60,REP021
1941,Fictional Outlet 01941,North,Modern Trade,Small,2022-09-06,25000,45,REP022
1942,Fictional Outlet 01942,South,Traditional Trade,Small,2023-12-09,50000,30,REP023
1943,Fictional Outlet 01943,East,Traditional Trade,Medium,2022-07-19,5000,45,REP024
1944,Fictional Outlet 01944,West,Traditional Trade,Large,2023-09-22,10000,45,REP025
1945,Fictional Outlet 01945,North,Traditional Trade,Medium,2022-08-16,50000,60,REP026
1946,Fictional Outlet 01946,South,Wholesale,Large,2023-09-09,50000,45,REP027
1947,Fictional Outlet 01947,East,Traditional Trade,Large,2022-09-03,5000,60,REP028
1948,Fictional Outlet 01948,West,Traditional Trade,Small,2022-08-26,10000,30,REP029
1949,Fictional Outlet 01949,North,Wholesale,Small,2022-01-25,5000,30,REP030
1950,Fictional Outlet 01950,South,Traditional Trade,Small,2023-10-13,25000,45,REP031
1951,Fictional Outlet 01951,East,Traditional Trade,Large,2023-05-21,10000,45,REP032
1952,Fictional Outlet 01952,West,Traditional Trade,Large,2023-11-26,10000,30,REP033
1953,Fictional Outlet 01953,North,Traditional Trade,Small,2023-10-07,10000,30,REP034
1954,Fictional Outlet 01954,South,Traditional Trade,Small,2023-08-13,5000,60,REP035
1955,Fictional Outlet 01955,East,Wholesale,Large,2022-12-19,50000,60,REP036
1956,Fictional Outlet 01956,West,Modern Trade,Large,2023-04-23,10000,15,REP037
1957,Fictional Outlet 01957,North,Ecommerce,Large,2022-02-08,50000,60,REP038
1958,Fictional Outlet 01958,South,Traditional Trade,Medium,2022-08-13,5000,15,REP039
1959,Fictional Outlet 01959,East,Traditional Trade,Medium,2023-09-30,10000,60,REP040
1960,Fictional Outlet 01960,West,Traditional Trade,Medium,2022-01-23,10000,15,REP041
1961,Fictional Outlet 01961,North,Modern Trade,Large,2023-12-02,25000,45,REP042
1962,Fictional Outlet 01962,South,Traditional Trade,Small,2022-12-05,50000,15,REP043
1963,Fictional Outlet 01963,East,Traditional Trade,Small,2023-04-03,5000,60,REP044
1964,Fictional Outlet 01964,West,Traditional Trade,Medium,2023-05-28,25000,60,REP045
1965,Fictional Outlet 01965,North,Modern Trade,Large,2022-11-18,50000,15,REP046
1966,Fictional Outlet 01966,South,Modern Trade,Small,2022-08-20,10000,45,REP047
1967,Fictional Outlet 01967,East,Traditional Trade,Medium,2023-04-12,10000,60,REP048
1968,Fictional Outlet 01968,West,Traditional Trade,Medium,2022-05-11,50000,15,REP049
1969,Fictional Outlet 01969,North,Traditional Trade,Large,2022-07-02,5000,45,REP050
1970,Fictional Outlet 01970,South,Traditional Trade,Large,2022-12-09,25000,60,REP051
1971,Fictional Outlet 01971,East,Modern Trade,Large,2023-03-20,25000,60,REP052
1972,Fictional Outlet 01972,West,Traditional Trade,Medium,2022-03-15,50000,15,REP053
1973,Fictional Outlet 01973,North,Traditional Trade,Large,2023-05-24,50000,45,REP054
1974,Fictional Outlet 01974,South,Modern Trade,Large,2023-12-27,50000,45,REP055
1975,Fictional Outlet 01975,East,Traditional Trade,Large,2023-02-01,50000,15,REP056
1976,Fictional Outlet 01976,West,Traditional Trade,Small,2022-03-18,5000,15,REP057
1977,Fictional Outlet 01977,North,Traditional Trade,Large,2023-06-04,50000,30,REP058
1978,Fictional Outlet 01978,South,Traditional Trade,Large,2023-09-18,10000,15,REP059
1979,Fictional Outlet 01979,East,Traditional Trade,Large,2023-06-07,10000,15,REP060
1980,Fictional Outlet 01980,West,Modern Trade,Small,2022-05-21,5000,15,REP061
1981,Fictional Outlet 01981,North,Traditional Trade,Large,2023-10-11,10000,30,REP062
1982,Fictional Outlet 01982,South,Modern Trade,Small,2023-02-17,10000,30,REP063
1983,Fictional Outlet 01983,East,Traditional Trade,Large,2023-02-12,50000,15,REP064
1984,Fictional Outlet 01984,West,Modern Trade,Large,2022-09-11,25000,30,REP065
1985,Fictional Outlet 01985,North,Modern Trade,Medium,2022-08-31,5000,30,REP066
1986,Fictional Outlet 01986,South,Ecommerce,Small,2022-08-02,25000,15,REP067
1987,Fictional Outlet 01987,East,Traditional Trade,Medium,2022-05-27,10000,45,REP068
1988,Fictional Outlet 01988,West,Traditional Trade,Medium,2023-03-13,10000,60,REP069
1989,Fictional Outlet 01989,North,Traditional Trade,Small,2023-10-24,25000,15,REP070
1990,Fictional Outlet 01990,South,Modern Trade,Medium,2023-10-05,10000,15,REP071
1991,Fictional Outlet 01991,East,Traditional Trade,Small,2023-06-03,5000,60,REP072
1992,Fictional Outlet 01992,West,Modern Trade,Small,2022-05-18,50000,30,REP073
1993,Fictional Outlet 01993,North,Traditional Trade,Medium,2022-02-15,10000,30,REP074
1994,Fictional Outlet 01994,South,Traditional Trade,Small,2023-10-20,10000,45,REP075
1995,Fictional Outlet 01995,East,Traditional Trade,Large,2022-02-13,50000,45,REP076
1996,Fictional Outlet 01996,West,Traditional Trade,Small,2023-05-14,25000,15,REP077
1997,Fictional Outlet 01997,North,Wholesale,Small,2023-12-31,50000,15,REP078
1998,Fictional Outlet 01998,South,Traditional Trade,Large,2022-12-08,50000,15,REP079
1999,Fictional Outlet 01999,East,Traditional Trade,Small,2022-03-08,10000,45,REP080
2000,Fictional Outlet 02000,West,Ecommerce,Medium,2022-12-01,50000,30,REP001
2001,Fictional Outlet 02001,North,Modern Trade,Medium,2023-09-19,5000,60,REP002
2002,Fictional Outlet 02002,South,Traditional Trade,Small,2023-02-13,5000,15,REP003
2003,Fictional Outlet 02003,East,Traditional Trade,Large,2022-03-01,25000,60,REP004
2004,Fictional Outlet 02004,West,Modern Trade,Medium,2022-03-07,5000,45,REP005
2005,Fictional Outlet 02005,North,Wholesale,Large,2023-05-04,5000,15,REP006
2006,Fictional Outlet 02006,South,Traditional Trade,Medium,2023-08-02,5000,30,REP007
2007,Fictional Outlet 02007,East,Traditional Trade,Small,2022-06-01,50000,15,REP008
2008,Fictional Outlet 02008,West,Traditional Trade,Small,2022-11-21,25000,60,REP009
2009,Fictional Outlet 02009,North,Traditional Trade,Medium,2023-05-29,10000,30,REP010
2010,Fictional Outlet 02010,South,Traditional Trade,Small,2023-12-17,25000,45,REP011
2011,Fictional Outlet 02011,East,Modern Trade,Large,2022-06-14,50000,45,REP012
2012,Fictional Outlet 02012,West,Traditional Trade,Medium,2023-10-21,50000,60,REP013
2013,Fictional Outlet 02013,North,Modern Trade,Large,2023-09-18,5000,45,REP014
2014,Fictional Outlet 02014,South,Wholesale,Medium,2022-05-09,5000,60,REP015
2015,Fictional Outlet 02015,East,Wholesale,Small,2023-12-11,10000,15,REP016
2016,Fictional Outlet 02016,West,Traditional Trade,Large,2022-09-03,10000,30,REP017
2017,Fictional Outlet 02017,North,Traditional Trade,Medium,2023-12-07,5000,60,REP018
2018,Fictional Outlet 02018,South,Ecommerce,Large,2023-02-09,50000,30,REP019
2019,Fictional Outlet 02019,East,Wholesale,Medium,2022-05-08,25000,15,REP020
2020,Fictional Outlet 02020,West,Traditional Trade,Large,2022-12-26,25000,45,REP021
2021,Fictional Outlet 02021,North,Traditional Trade,Large,2023-05-24,50000,45,REP022
2022,Fictional Outlet 02022,South,Wholesale,Large,2023-01-20,25000,15,REP023
2023,Fictional Outlet 02023,East,Traditional Trade,Medium,2022-04-26,10000,60,REP024
2024,Fictional Outlet 02024,West,Traditional Trade,Medium,2023-05-22,25000,15,REP025
2025,Fictional Outlet 02025,North,Traditional Trade,Large,2023-05-20,25000,45,REP026
2026,Fictional Outlet 02026,South,Traditional Trade,Large,2022-05-17,10000,30,REP027
2027,Fictional Outlet 02027,East,Traditional Trade,Large,2022-04-18,50000,30,REP028
2028,Fictional Outlet 02028,West,Modern Trade,Large,2022-08-15,25000,45,REP029
2029,Fictional Outlet 02029,North,Modern Trade,Small,2022-08-03,5000,15,REP030
2030,Fictional Outlet 02030,South,Traditional Trade,Large,2022-12-27,25000,60,REP031
2031,Fictional Outlet 02031,East,Wholesale,Large,2022-11-29,50000,45,REP032
2032,Fictional Outlet 02032,West,Traditional Trade,Large,2022-12-31,10000,30,REP033
2033,Fictional Outlet 02033,North,Traditional Trade,Small,2023-11-10,5000,15,REP034
2034,Fictional Outlet 02034,South,Traditional Trade,Medium,2022-03-28,25000,60,
2035,Fictional Outlet 02035,East,Traditional Trade,Large,2022-02-06,50000,45,REP036
2036,Fictional Outlet 02036,West,Traditional Trade,Small,2022-04-05,5000,60,REP037
2037,Fictional Outlet 02037,North, WHOLESALE ,Medium,2022-10-09,50000,30,REP038
2038,Fictional Outlet 02038,South,Traditional Trade,Medium,2023-03-14,5000,30,REP039
2039,Fictional Outlet 02039,East,Ecommerce,Medium,2022-09-29,5000,30,REP040
2040,Fictional Outlet 02040,West,Traditional Trade,Small,2023-11-16,10000,30,REP041
2041,Fictional Outlet 02041,North,Traditional Trade,Small,2023-11-28,10000,30,REP042
2042,Fictional Outlet 02042,South,Modern Trade,Small,2022-02-13,50000,30,REP043
2043,Fictional Outlet 02043,East,Traditional Trade,Small,2023-03-26,10000,15,REP044
2044,Fictional Outlet 02044,West,Traditional Trade,Small,2023-04-07,25000,45,REP045
2045,Fictional Outlet 02045,North,Ecommerce,Large,2023-08-26,10000,60,REP046
2046,Fictional Outlet 02046,South,Traditional Trade,Small,2022-05-05,50000,30,REP047
2047,Fictional Outlet 02047,East,Wholesale,Large,2022-12-02,10000,60,REP048
2048,Fictional Outlet 02048,West,Modern Trade,Medium,2023-06-07,50000,30,REP049
2049,Fictional Outlet 02049,North,Traditional Trade,Medium,2023-12-20,5000,15,REP050
2050,Fictional Outlet 02050,South,Traditional Trade,Large,2023-01-24,10000,60,REP051
2051,Fictional Outlet 02051,East,Traditional Trade,Small,2022-03-08,50000,30,REP052
2052,Fictional Outlet 02052,West,Traditional Trade,Large,2023-02-10,50000,15,REP053
2053,Fictional Outlet 02053,North,Traditional Trade,Large,2022-07-28,50000,15,REP054
2054,Fictional Outlet 02054,South,Traditional Trade,Small,2022-08-24,5000,15,REP055
2055,Fictional Outlet 02055,East,Modern Trade,Large,2022-01-17,10000,30,REP056
2056,Fictional Outlet 02056,West,Wholesale,Large,2023-09-06,5000,15,REP057
2057,Fictional Outlet 02057,North,Traditional Trade,Medium,2022-03-12,5000,60,REP058
2058,Fictional Outlet 02058,South,Wholesale,Large,2022-12-31,50000,15,REP059
2059,Fictional Outlet 02059,East,Traditional Trade,Small,2022-05-05,25000,45,REP060
2060,Fictional Outlet 02060,West,Traditional Trade,Small,2023-08-16,25000,15,REP061
2061,Fictional Outlet 02061,North,Traditional Trade,Medium,2023-08-31,50000,60,REP062
2062,Fictional Outlet 02062,South,Wholesale,Medium,2022-06-01,5000,45,REP063
2063,Fictional Outlet 02063,East,Traditional Trade,Medium,2022-05-19,25000,15,REP064
2064,Fictional Outlet 02064,West,Traditional Trade,Small,2023-10-29,25000,60,REP065
2065,Fictional Outlet 02065,North,Traditional Trade,Small,2022-04-12,25000,60,REP066
2066,Fictional Outlet 02066,South,Traditional Trade,Large,2022-09-02,10000,45,REP067
2067,Fictional Outlet 02067,East,Wholesale,Small,2022-09-20,25000,45,REP068
2068,Fictional Outlet 02068,West,Traditional Trade,Small,2023-05-21,25000,45,REP069
2069,Fictional Outlet 02069,North,Traditional Trade,Large,2023-06-09,5000,45,REP070
2070,Fictional Outlet 02070,South,Wholesale,Small,2023-05-06,10000,30,REP071
2071,Fictional Outlet 02071,East,Traditional Trade,Large,2023-07-02,25000,60,REP072
2072,Fictional Outlet 02072,West,Traditional Trade,Medium,2022-10-30,5000,15,REP073
2073,Fictional Outlet 02073,North,Modern Trade,Large,2022-05-18,10000,60,REP074
2074,Fictional Outlet 02074,South,Traditional Trade,Medium,2023-02-10,5000,30,REP075
2075,Fictional Outlet 02075,East,Modern Trade,Small,2023-06-01,50000,15,REP076
2076,Fictional Outlet 02076,West,Traditional Trade,Small,2023-06-28,5000,30,REP077
2077,Fictional Outlet 02077,North,Traditional Trade,Medium,2023-12-01,10000,60,REP078
2078,Fictional Outlet 02078,South,Ecommerce,Large,2023-10-10,10000,30,REP079
2079,Fictional Outlet 02079,East,Modern Trade,Medium,2022-08-01,25000,15,REP080
2080,Fictional Outlet 02080,West,Modern Trade,Medium,2023-11-21,5000,30,REP001
2081,Fictional Outlet 02081,North,Traditional Trade,Large,2023-07-08,25000,45,REP002
2082,Fictional Outlet 02082,South,Modern Trade,Large,2022-12-22,50000,15,REP003
2083,Fictional Outlet 02083,East,Wholesale,Small,2022-03-28,25000,45,REP004
2084,Fictional Outlet 02084,West,Wholesale,Small,2023-07-17,10000,15,REP005
2085,Fictional Outlet 02085,North,Traditional Trade,Large,2023-02-08,10000,15,REP006
2086,Fictional Outlet 02086,South,Traditional Trade,Small,2023-12-19,25000,30,REP007
2087,Fictional Outlet 02087,East,Traditional Trade,Small,2023-11-26,25000,60,REP008
2088,Fictional Outlet 02088,West,Ecommerce,Large,2022-03-27,50000,45,REP009
2089,Fictional Outlet 02089,North,Traditional Trade,Small,2022-09-04,25000,45,REP010
2090,Fictional Outlet 02090,South,Traditional Trade,Small,2023-12-30,50000,30,REP011
2091,Fictional Outlet 02091,East,Ecommerce,Small,2022-04-08,25000,30,REP012
2092,Fictional Outlet 02092,West,Traditional Trade,Large,2023-03-22,25000,30,REP013
2093,Fictional Outlet 02093,North,Wholesale,Small,2023-08-27,5000,60,REP014
2094,Fictional Outlet 02094,South,Traditional Trade,Large,2023-01-14,5000,45,REP015
2095,Fictional Outlet 02095,East,Traditional Trade,Small,2023-04-23,50000,15,REP016
2096,Fictional Outlet 02096,West,Modern Trade,Medium,2022-09-24,50000,15,REP017
2097,Fictional Outlet 02097,North,Modern Trade,Large,2023-02-21,50000,45,REP018
2098,Fictional Outlet 02098,South,Traditional Trade,Large,2022-09-17,5000,15,REP019
2099,Fictional Outlet 02099,East,Traditional Trade,Medium,2022-06-13,25000,30,REP020
2100,Fictional Outlet 02100,West,Wholesale,Medium,2022-07-25,5000,60,REP021
2101,Fictional Outlet 02101,North,Modern Trade,Medium,2023-06-27,5000,15,REP022
2102,Fictional Outlet 02102,South,Traditional Trade,Large,2023-03-30,25000,30,REP023
2103,Fictional Outlet 02103,East,Traditional Trade,Large,2022-07-12,50000,45,REP024
2104,Fictional Outlet 02104,West,Modern Trade,Medium,2023-03-04,10000,45,REP025
2105,Fictional Outlet 02105,North,Traditional Trade,Small,2022-02-06,10000,60,REP026
2106,Fictional Outlet 02106,South,Traditional Trade,Large,2023-11-28,5000,45,REP027
2107,Fictional Outlet 02107,East,Traditional Trade,Small,2023-07-02,5000,60,REP028
2108,Fictional Outlet 02108,West,Modern Trade,Small,2022-08-16,25000,45,REP029
2109,Fictional Outlet 02109,North,Traditional Trade,Medium,2022-10-09,5000,30,REP030
2110,Fictional Outlet 02110,South,Modern Trade,Large,2022-11-13,10000,60,REP031
2111,Fictional Outlet 02111,East,Wholesale,Large,2023-10-15,25000,45,REP032
2112,Fictional Outlet 02112,West,Modern Trade,Medium,2023-08-30,25000,15,REP033
2113,Fictional Outlet 02113,North,Ecommerce,Medium,2023-11-11,50000,45,REP034
2114,Fictional Outlet 02114,South,Traditional Trade,Medium,2023-05-01,10000,45,REP035
2115,Fictional Outlet 02115,East,Wholesale,Small,2023-01-06,25000,15,REP036
2116,Fictional Outlet 02116,West,Traditional Trade,Medium,2023-02-18,10000,45,REP037
2117,Fictional Outlet 02117,North,Ecommerce,Medium,2022-01-30,10000,15,REP038
2118,Fictional Outlet 02118,South,Ecommerce,Medium,2023-02-11,5000,45,REP039
2119,Fictional Outlet 02119,East,Traditional Trade,Large,2023-12-12,50000,60,REP040
2120,Fictional Outlet 02120,West,Traditional Trade,Small,2022-10-11,10000,45,REP041
2121,Fictional Outlet 02121,North,Modern Trade,Small,2022-07-31,25000,60,REP042
2122,Fictional Outlet 02122,South,Wholesale,Large,2022-07-12,5000,60,REP043
2123,Fictional Outlet 02123,East,Traditional Trade,Small,2022-07-26,5000,15,REP044
2124,Fictional Outlet 02124,West,Traditional Trade,Small,2023-03-21,25000,45,REP045
2125,Fictional Outlet 02125,North,Traditional Trade,Small,2022-05-25,10000,15,REP046
2126,Fictional Outlet 02126,South,Traditional Trade,Medium,2023-08-29,5000,60,REP047
2127,Fictional Outlet 02127,East,Traditional Trade,Medium,2023-08-11,25000,15,REP048
2128,Fictional Outlet 02128,West,Traditional Trade,Small,2022-01-28,25000,45,REP049
2129,Fictional Outlet 02129,North,Wholesale,Small,2022-08-16,25000,15,REP050
2130,Fictional Outlet 02130,South,Modern Trade,Small,2022-10-04,50000,30,REP051
2131,Fictional Outlet 02131,East,Modern Trade,Medium,2022-09-05,5000,45,REP052
2132,Fictional Outlet 02132,West,Traditional Trade,Large,2022-07-29,10000,60,REP053
2133,Fictional Outlet 02133,North,Modern Trade,Medium,2023-11-16,50000,60,REP054
2134,Fictional Outlet 02134,South, WHOLESALE ,Large,2022-02-11,50000,45,REP055
2135,Fictional Outlet 02135,East,Traditional Trade,Medium,2023-06-13,50000,60,REP056
2136,Fictional Outlet 02136,West,Traditional Trade,Large,2023-06-07,50000,45,REP057
2137,Fictional Outlet 02137,North,Modern Trade,Large,2023-09-13,50000,45,REP058
2138,Fictional Outlet 02138,South,Modern Trade,Medium,2022-02-13,25000,15,REP059
2139,Fictional Outlet 02139,East,Ecommerce,Small,2023-12-07,10000,60,REP060
2140,Fictional Outlet 02140,West,Modern Trade,Medium,2022-11-27,50000,15,REP061
2141,Fictional Outlet 02141,North,Ecommerce,Medium,2023-06-16,50000,45,REP062
2142,Fictional Outlet 02142,South,Traditional Trade,Large,2023-05-16,25000,60,REP063
2143,Fictional Outlet 02143,East,Modern Trade,Medium,2022-11-19,50000,60,REP064
2144,Fictional Outlet 02144,West,Wholesale,Medium,2022-01-12,25000,45,REP065
2145,Fictional Outlet 02145,North,Traditional Trade,Medium,2022-07-09,25000,15,REP066
2146,Fictional Outlet 02146,South,Wholesale,Medium,2023-07-13,25000,30,REP067
2147,Fictional Outlet 02147,East,Wholesale,Medium,2022-04-20,50000,60,
2148,Fictional Outlet 02148,West,Traditional Trade,Small,2023-08-23,50000,30,REP069
2149,Fictional Outlet 02149,North,Wholesale,Large,2022-05-13,5000,30,REP070
2150,Fictional Outlet 02150,South,Traditional Trade,Large,2023-01-12,5000,45,REP071
2151,Fictional Outlet 02151,East,Traditional Trade,Large,2022-09-23,50000,15,REP072
2152,Fictional Outlet 02152,West,Traditional Trade,Large,2023-08-03,10000,15,REP073
2153,Fictional Outlet 02153,North,Wholesale,Small,2022-11-22,50000,15,REP074
2154,Fictional Outlet 02154,South,Traditional Trade,Small,2023-08-26,10000,30,REP075
2155,Fictional Outlet 02155,East,Traditional Trade,Large,2022-01-08,50000,15,REP076
2156,Fictional Outlet 02156,West,Wholesale,Medium,2023-10-12,5000,30,REP077
2157,Fictional Outlet 02157,North,Modern Trade,Medium,2022-09-26,50000,15,REP078
2158,Fictional Outlet 02158,South,Modern Trade,Large,2022-09-19,10000,30,REP079
2159,Fictional Outlet 02159,East,Traditional Trade,Small,2022-12-17,10000,60,REP080
2160,Fictional Outlet 02160,West,Traditional Trade,Small,2022-09-27,25000,45,REP001
2161,Fictional Outlet 02161,North,Traditional Trade,Small,2022-06-17,5000,45,REP002
2162,Fictional Outlet 02162,South,Wholesale,Large,2022-09-20,5000,30,REP003
2163,Fictional Outlet 02163,East,Traditional Trade,Medium,2023-07-20,25000,60,REP004
2164,Fictional Outlet 02164,West,Traditional Trade,Large,2022-12-04,5000,30,REP005
2165,Fictional Outlet 02165,North,Traditional Trade,Small,2023-04-13,5000,30,REP006
2166,Fictional Outlet 02166,South,Traditional Trade,Medium,2023-10-08,10000,30,REP007
2167,Fictional Outlet 02167,East,Traditional Trade,Large,2023-03-31,5000,60,REP008
2168,Fictional Outlet 02168,West,Traditional Trade,Small,2023-09-24,50000,30,REP009
2169,Fictional Outlet 02169,North,Traditional Trade,Small,2022-01-14,5000,45,REP010
2170,Fictional Outlet 02170,South,Modern Trade,Medium,2022-06-27,10000,60,REP011
2171,Fictional Outlet 02171,East,Traditional Trade,Small,2023-12-23,5000,60,REP012
2172,Fictional Outlet 02172,West,Traditional Trade,Medium,2022-01-29,50000,45,REP013
2173,Fictional Outlet 02173,North,Modern Trade,Medium,2022-08-06,10000,15,REP014
2174,Fictional Outlet 02174,South,Traditional Trade,Medium,2022-12-15,25000,45,REP015
2175,Fictional Outlet 02175,East,Wholesale,Medium,2023-10-25,10000,30,REP016
2176,Fictional Outlet 02176,West,Modern Trade,Small,2022-01-06,10000,45,REP017
2177,Fictional Outlet 02177,North,Traditional Trade,Small,2023-08-25,5000,60,REP018
2178,Fictional Outlet 02178,South,Traditional Trade,Medium,2022-02-05,25000,45,REP019
2179,Fictional Outlet 02179,East,Traditional Trade,Large,2023-10-05,10000,30,REP020
2180,Fictional Outlet 02180,West,Wholesale,Small,2023-01-21,25000,45,REP021
2181,Fictional Outlet 02181,North,Traditional Trade,Medium,2023-02-19,25000,15,REP022
2182,Fictional Outlet 02182,South,Wholesale,Medium,2022-11-01,50000,45,REP023
2183,Fictional Outlet 02183,East,Traditional Trade,Medium,2022-09-21,25000,30,REP024
2184,Fictional Outlet 02184,West,Traditional Trade,Medium,2022-12-19,50000,60,REP025
2185,Fictional Outlet 02185,North,Traditional Trade,Medium,2023-01-05,10000,45,REP026
2186,Fictional Outlet 02186,South,Wholesale,Large,2022-11-20,10000,30,REP027
2187,Fictional Outlet 02187,East,Traditional Trade,Medium,2022-02-12,25000,60,REP028
2188,Fictional Outlet 02188,West,Traditional Trade,Small,2023-12-31,25000,60,REP029
2189,Fictional Outlet 02189,North,Traditional Trade,Large,2023-12-01,10000,30,REP030
2190,Fictional Outlet 02190,South,Ecommerce,Large,2022-07-06,10000,60,REP031
2191,Fictional Outlet 02191,East,Traditional Trade,Large,2023-07-11,25000,45,REP032
2192,Fictional Outlet 02192,West,Modern Trade,Large,2023-08-26,10000,15,REP033
2193,Fictional Outlet 02193,North,Modern Trade,Large,2023-04-11,50000,45,REP034
2194,Fictional Outlet 02194,South,Traditional Trade,Small,2023-04-30,50000,60,REP035
2195,Fictional Outlet 02195,East,Modern Trade,Large,2022-03-19,5000,15,REP036
2196,Fictional Outlet 02196,West,Traditional Trade,Small,2023-03-17,25000,15,REP037
2197,Fictional Outlet 02197,North,Traditional Trade,Large,2023-12-15,5000,30,REP038
2198,Fictional Outlet 02198,South,Traditional Trade,Medium,2023-09-09,50000,15,REP039
2199,Fictional Outlet 02199,East,Modern Trade,Medium,2022-05-01,25000,15,REP040
2200,Fictional Outlet 02200,West,Traditional Trade,Large,2023-01-29,10000,15,REP041
2201,Fictional Outlet 02201,North,Traditional Trade,Medium,2023-06-11,25000,30,REP042
2202,Fictional Outlet 02202,South,Traditional Trade,Large,2023-09-24,25000,45,REP043
2203,Fictional Outlet 02203,East,Wholesale,Small,2023-09-08,10000,15,REP044
2204,Fictional Outlet 02204,West,Ecommerce,Large,2022-07-19,5000,60,REP045
2205,Fictional Outlet 02205,North,Modern Trade,Large,2023-05-29,50000,15,REP046
2206,Fictional Outlet 02206,South,Traditional Trade,Small,2023-02-23,50000,15,REP047
2207,Fictional Outlet 02207,East,Traditional Trade,Medium,2023-07-01,10000,60,REP048
2208,Fictional Outlet 02208,West,Wholesale,Medium,2023-11-09,10000,60,REP049
2209,Fictional Outlet 02209,North,Modern Trade,Large,2022-09-12,5000,30,REP050
2210,Fictional Outlet 02210,South,Traditional Trade,Medium,2023-01-06,50000,60,REP051
2211,Fictional Outlet 02211,East,Modern Trade,Small,2023-03-18,50000,60,REP052
2212,Fictional Outlet 02212,West,Wholesale,Medium,2023-10-04,5000,15,REP053
2213,Fictional Outlet 02213,North,Modern Trade,Small,2022-03-02,25000,15,REP054
2214,Fictional Outlet 02214,South,Traditional Trade,Large,2023-01-05,10000,30,REP055
2215,Fictional Outlet 02215,East,Traditional Trade,Medium,2023-05-07,50000,60,REP056
2216,Fictional Outlet 02216,West,Traditional Trade,Medium,2022-12-14,25000,15,REP057
2217,Fictional Outlet 02217,North,Modern Trade,Medium,2023-05-31,25000,30,REP058
2218,Fictional Outlet 02218,South,Traditional Trade,Small,2023-12-13,5000,60,REP059
2219,Fictional Outlet 02219,East,Traditional Trade,Medium,2022-01-28,10000,30,REP060
2220,Fictional Outlet 02220,West,Traditional Trade,Large,2023-04-15,25000,15,REP061
2221,Fictional Outlet 02221,North,Traditional Trade,Small,2023-11-08,50000,45,REP062
2222,Fictional Outlet 02222,South,Modern Trade,Large,2022-08-17,10000,30,REP063
2223,Fictional Outlet 02223,East,Modern Trade,Medium,2023-02-25,5000,60,REP064
2224,Fictional Outlet 02224,West,Traditional Trade,Medium,2022-08-02,10000,60,REP065
2225,Fictional Outlet 02225,North,Modern Trade,Medium,2023-12-21,5000,15,REP066
2226,Fictional Outlet 02226,South,Wholesale,Large,2023-02-22,50000,45,REP067
2227,Fictional Outlet 02227,East,Traditional Trade,Small,2022-10-15,5000,30,REP068
2228,Fictional Outlet 02228,West,Modern Trade,Small,2023-05-16,50000,15,REP069
2229,Fictional Outlet 02229,North,Traditional Trade,Small,2023-05-17,25000,60,REP070
2230,Fictional Outlet 02230,South,Modern Trade,Small,2023-08-22,25000,45,REP071
2231,Fictional Outlet 02231,East, MODERN TRADE ,Small,2023-06-13,5000,60,REP072
2232,Fictional Outlet 02232,West,Traditional Trade,Medium,2023-03-08,50000,15,REP073
2233,Fictional Outlet 02233,North,Wholesale,Small,2023-06-10,50000,30,REP074
2234,Fictional Outlet 02234,South,Traditional Trade,Small,2023-07-21,5000,45,REP075
2235,Fictional Outlet 02235,East,Wholesale,Large,2022-06-15,25000,45,REP076
2236,Fictional Outlet 02236,West,Traditional Trade,Large,2022-03-07,10000,45,REP077
2237,Fictional Outlet 02237,North,Modern Trade,Large,2023-12-13,25000,45,REP078
2238,Fictional Outlet 02238,South,Modern Trade,Medium,2023-07-26,50000,15,REP079
2239,Fictional Outlet 02239,East,Traditional Trade,Large,2023-04-08,50000,60,REP080
2240,Fictional Outlet 02240,West,Wholesale,Large,2023-09-01,25000,30,REP001
2241,Fictional Outlet 02241,North,Traditional Trade,Large,2023-09-07,25000,30,REP002
2242,Fictional Outlet 02242,South,Modern Trade,Small,2022-06-29,5000,45,REP003
2243,Fictional Outlet 02243,East,Modern Trade,Medium,2022-06-01,25000,60,REP004
2244,Fictional Outlet 02244,West,Traditional Trade,Small,2022-01-20,10000,45,REP005
2245,Fictional Outlet 02245,North,Traditional Trade,Small,2022-11-16,5000,30,REP006
2246,Fictional Outlet 02246,South,Modern Trade,Small,2023-01-16,5000,30,REP007
2247,Fictional Outlet 02247,East,Wholesale,Medium,2022-11-15,50000,60,REP008
2248,Fictional Outlet 02248,West,Traditional Trade,Large,2022-03-18,5000,15,REP009
2249,Fictional Outlet 02249,North,Modern Trade,Small,2022-12-04,10000,15,REP010
2250,Fictional Outlet 02250,South,Traditional Trade,Small,2023-02-22,5000,15,REP011
2251,Fictional Outlet 02251,East,Modern Trade,Small,2023-06-26,25000,60,REP012
2252,Fictional Outlet 02252,West,Wholesale,Small,2023-06-26,5000,60,REP013
2253,Fictional Outlet 02253,North,Modern Trade,Medium,2023-01-08,5000,30,REP014
2254,Fictional Outlet 02254,South,Modern Trade,Large,2022-02-04,10000,45,REP015
2255,Fictional Outlet 02255,East,Traditional Trade,Medium,2023-08-19,10000,60,REP016
2256,Fictional Outlet 02256,West,Modern Trade,Small,2022-10-31,10000,15,REP017
2257,Fictional Outlet 02257,North,Traditional Trade,Small,2022-11-16,25000,15,REP018
2258,Fictional Outlet 02258,South,Modern Trade,Large,2023-06-15,5000,15,REP019
2259,Fictional Outlet 02259,East,Traditional Trade,Medium,2022-09-12,5000,30,REP020
2260,Fictional Outlet 02260,West,Traditional Trade,Small,2023-05-20,10000,45,
2261,Fictional Outlet 02261,North,Traditional Trade,Large,2023-02-11,50000,30,REP022
2262,Fictional Outlet 02262,South,Traditional Trade,Large,2023-07-22,5000,60,REP023
2263,Fictional Outlet 02263,East,Traditional Trade,Medium,2022-11-12,25000,60,REP024
2264,Fictional Outlet 02264,West,Modern Trade,Small,2022-04-07,5000,30,REP025
2265,Fictional Outlet 02265,North,Wholesale,Medium,2022-08-02,10000,30,REP026
2266,Fictional Outlet 02266,South,Wholesale,Large,2022-08-21,10000,15,REP027
2267,Fictional Outlet 02267,East,Traditional Trade,Medium,2022-03-24,50000,45,REP028
2268,Fictional Outlet 02268,West,Wholesale,Large,2022-11-28,10000,15,REP029
2269,Fictional Outlet 02269,North,Modern Trade,Large,2023-05-10,50000,60,REP030
2270,Fictional Outlet 02270,South,Traditional Trade,Large,2023-05-23,5000,15,REP031
2271,Fictional Outlet 02271,East,Traditional Trade,Medium,2022-03-29,50000,45,REP032
2272,Fictional Outlet 02272,West,Wholesale,Medium,2022-05-19,25000,45,REP033
2273,Fictional Outlet 02273,North,Modern Trade,Large,2023-07-31,25000,45,REP034
2274,Fictional Outlet 02274,South,Modern Trade,Small,2022-12-19,5000,30,REP035
2275,Fictional Outlet 02275,East,Traditional Trade,Small,2022-12-09,50000,45,REP036
2276,Fictional Outlet 02276,West,Wholesale,Large,2023-09-12,25000,30,REP037
2277,Fictional Outlet 02277,North,Traditional Trade,Medium,2023-12-22,5000,30,REP038
2278,Fictional Outlet 02278,South,Ecommerce,Medium,2022-02-05,50000,60,REP039
2279,Fictional Outlet 02279,East,Traditional Trade,Medium,2022-10-18,50000,60,REP040
2280,Fictional Outlet 02280,West,Wholesale,Medium,2022-07-18,10000,60,REP041
2281,Fictional Outlet 02281,North,Traditional Trade,Medium,2022-02-03,10000,45,REP042
2282,Fictional Outlet 02282,South,Traditional Trade,Large,2023-04-16,10000,15,REP043
2283,Fictional Outlet 02283,East,Modern Trade,Medium,2023-12-03,25000,30,REP044
2284,Fictional Outlet 02284,West,Wholesale,Small,2022-10-28,50000,15,REP045
2285,Fictional Outlet 02285,North,Traditional Trade,Large,2023-03-23,50000,30,REP046
2286,Fictional Outlet 02286,South,Traditional Trade,Large,2023-05-02,50000,60,REP047
2287,Fictional Outlet 02287,East,Traditional Trade,Large,2022-10-31,5000,15,REP048
2288,Fictional Outlet 02288,West,Traditional Trade,Large,2022-09-11,25000,15,REP049
2289,Fictional Outlet 02289,North,Traditional Trade,Small,2023-02-18,5000,45,REP050
2290,Fictional Outlet 02290,South,Traditional Trade,Large,2023-10-02,25000,60,REP051
2291,Fictional Outlet 02291,East,Traditional Trade,Small,2023-12-16,10000,30,REP052
2292,Fictional Outlet 02292,West,Traditional Trade,Medium,2022-11-02,10000,30,REP053
2293,Fictional Outlet 02293,North,Traditional Trade,Large,2022-04-20,50000,45,REP054
2294,Fictional Outlet 02294,South,Modern Trade,Small,2022-01-28,25000,45,REP055
2295,Fictional Outlet 02295,East,Wholesale,Medium,2022-03-05,25000,45,REP056
2296,Fictional Outlet 02296,West,Traditional Trade,Large,2023-02-28,5000,60,REP057
2297,Fictional Outlet 02297,North,Traditional Trade,Small,2023-07-21,5000,30,REP058
2298,Fictional Outlet 02298,South,Traditional Trade,Small,2023-05-30,50000,30,REP059
2299,Fictional Outlet 02299,East,Traditional Trade,Small,2023-11-16,5000,15,REP060
2300,Fictional Outlet 02300,West,Traditional Trade,Small,2023-08-30,5000,45,REP061
2301,Fictional Outlet 02301,North,Traditional Trade,Medium,2023-03-20,25000,45,REP062
2302,Fictional Outlet 02302,South,Traditional Trade,Medium,2023-11-02,50000,15,REP063
2303,Fictional Outlet 02303,East,Modern Trade,Small,2022-02-01,25000,45,REP064
2304,Fictional Outlet 02304,West,Traditional Trade,Small,2023-03-08,5000,30,REP065
2305,Fictional Outlet 02305,North,Modern Trade,Medium,2023-07-21,25000,60,REP066
2306,Fictional Outlet 02306,South,Traditional Trade,Small,2022-04-24,5000,45,REP067
2307,Fictional Outlet 02307,East,Traditional Trade,Large,2023-12-15,5000,45,REP068
2308,Fictional Outlet 02308,West,Wholesale,Large,2022-11-13,25000,60,REP069
2309,Fictional Outlet 02309,North,Traditional Trade,Small,2023-04-30,25000,60,REP070
2310,Fictional Outlet 02310,South,Ecommerce,Small,2022-06-05,50000,15,REP071
2311,Fictional Outlet 02311,East,Traditional Trade,Small,2022-08-15,10000,60,REP072
2312,Fictional Outlet 02312,West,Traditional Trade,Large,2023-09-18,5000,15,REP073
2313,Fictional Outlet 02313,North,Traditional Trade,Medium,2023-09-30,10000,45,REP074
2314,Fictional Outlet 02314,South,Traditional Trade,Large,2023-06-17,5000,60,REP075
2315,Fictional Outlet 02315,East,Wholesale,Large,2023-08-14,50000,15,REP076
2316,Fictional Outlet 02316,West,Modern Trade,Large,2022-09-28,5000,60,REP077
2317,Fictional Outlet 02317,North,Traditional Trade,Medium,2022-12-11,25000,30,REP078
2318,Fictional Outlet 02318,South,Traditional Trade,Small,2022-04-23,5000,15,REP079
2319,Fictional Outlet 02319,East,Traditional Trade,Medium,2023-03-26,25000,60,REP080
2320,Fictional Outlet 02320,West,Traditional Trade,Small,2022-11-02,5000,15,REP001
2321,Fictional Outlet 02321,North,Modern Trade,Small,2023-08-14,25000,15,REP002
2322,Fictional Outlet 02322,South,Traditional Trade,Small,2023-12-21,5000,15,REP003
2323,Fictional Outlet 02323,East,Wholesale,Large,2022-08-06,25000,30,REP004
2324,Fictional Outlet 02324,West,Traditional Trade,Medium,2023-07-01,10000,60,REP005
2325,Fictional Outlet 02325,North,Traditional Trade,Medium,2022-02-26,25000,15,REP006
2326,Fictional Outlet 02326,South,Wholesale,Small,2023-08-13,10000,45,REP007
2327,Fictional Outlet 02327,East,Wholesale,Small,2022-03-20,10000,15,REP008
2328,Fictional Outlet 02328,West, TRADITIONAL TRADE ,Medium,2023-11-03,50000,45,REP009
2329,Fictional Outlet 02329,North,Traditional Trade,Medium,2022-08-03,10000,45,REP010
2330,Fictional Outlet 02330,South,Ecommerce,Large,2023-10-24,25000,15,REP011
2331,Fictional Outlet 02331,East,Ecommerce,Small,2023-12-19,5000,30,REP012
2332,Fictional Outlet 02332,West,Wholesale,Small,2022-10-21,50000,45,REP013
2333,Fictional Outlet 02333,North,Traditional Trade,Small,2023-06-29,50000,30,REP014
2334,Fictional Outlet 02334,South,Ecommerce,Medium,2022-06-12,10000,45,REP015
2335,Fictional Outlet 02335,East,Traditional Trade,Medium,2023-09-21,25000,30,REP016
2336,Fictional Outlet 02336,West,Traditional Trade,Small,2023-11-02,10000,30,REP017
2337,Fictional Outlet 02337,North,Traditional Trade,Large,2023-08-02,10000,60,REP018
2338,Fictional Outlet 02338,South,Modern Trade,Medium,2023-03-22,25000,45,REP019
2339,Fictional Outlet 02339,East,Modern Trade,Small,2023-11-22,5000,60,REP020
2340,Fictional Outlet 02340,West,Traditional Trade,Small,2022-05-28,5000,45,REP021
2341,Fictional Outlet 02341,North,Ecommerce,Medium,2022-01-29,10000,45,REP022
2342,Fictional Outlet 02342,South,Traditional Trade,Small,2023-06-08,10000,15,REP023
2343,Fictional Outlet 02343,East,Traditional Trade,Medium,2022-10-06,5000,30,REP024
2344,Fictional Outlet 02344,West,Ecommerce,Large,2023-06-11,10000,15,REP025
2345,Fictional Outlet 02345,North,Wholesale,Large,2022-09-18,50000,15,REP026
2346,Fictional Outlet 02346,South,Traditional Trade,Large,2022-10-20,50000,30,REP027
2347,Fictional Outlet 02347,East,Traditional Trade,Medium,2022-08-18,10000,30,REP028
2348,Fictional Outlet 02348,West,Traditional Trade,Large,2023-10-25,5000,45,REP029
2349,Fictional Outlet 02349,North,Ecommerce,Medium,2023-02-23,10000,30,REP030
2350,Fictional Outlet 02350,South,Traditional Trade,Small,2022-09-30,50000,45,REP031
2351,Fictional Outlet 02351,East,Traditional Trade,Large,2023-06-25,10000,15,REP032
2352,Fictional Outlet 02352,West,Traditional Trade,Small,2022-01-16,5000,30,REP033
2353,Fictional Outlet 02353,North,Traditional Trade,Small,2022-06-13,50000,45,REP034
2354,Fictional Outlet 02354,South,Wholesale,Medium,2023-02-01,10000,60,REP035
2355,Fictional Outlet 02355,East,Modern Trade,Small,2023-12-07,25000,60,REP036
2356,Fictional Outlet 02356,West,Traditional Trade,Large,2023-07-22,25000,45,REP037
2357,Fictional Outlet 02357,North,Ecommerce,Small,2023-10-04,25000,30,REP038
2358,Fictional Outlet 02358,South,Modern Trade,Large,2023-03-07,25000,60,REP039
2359,Fictional Outlet 02359,East,Traditional Trade,Large,2023-01-01,50000,15,REP040
2360,Fictional Outlet 02360,West,Wholesale,Large,2022-12-14,50000,15,REP041
2361,Fictional Outlet 02361,North,Traditional Trade,Small,2023-04-05,5000,15,REP042
2362,Fictional Outlet 02362,South,Traditional Trade,Medium,2022-01-14,5000,60,REP043
2363,Fictional Outlet 02363,East,Traditional Trade,Medium,2023-11-26,50000,30,REP044
2364,Fictional Outlet 02364,West,Traditional Trade,Small,2023-08-16,10000,30,REP045
2365,Fictional Outlet 02365,North,Modern Trade,Small,2022-12-15,10000,45,REP046
2366,Fictional Outlet 02366,South,Traditional Trade,Large,2023-05-28,10000,60,REP047
2367,Fictional Outlet 02367,East,Wholesale,Large,2023-04-12,50000,45,REP048
2368,Fictional Outlet 02368,West,Wholesale,Medium,2023-03-10,25000,30,REP049
2369,Fictional Outlet 02369,North,Traditional Trade,Small,2022-05-09,25000,45,REP050
2370,Fictional Outlet 02370,South,Traditional Trade,Medium,2023-09-09,50000,45,REP051
2371,Fictional Outlet 02371,East,Modern Trade,Large,2022-06-17,5000,15,REP052
2372,Fictional Outlet 02372,West,Modern Trade,Small,2022-03-26,25000,45,REP053
2373,Fictional Outlet 02373,North,Ecommerce,Large,2023-10-20,5000,15,
2374,Fictional Outlet 02374,South,Modern Trade,Large,2022-07-30,25000,15,REP055
2375,Fictional Outlet 02375,East,Traditional Trade,Large,2022-03-13,50000,60,REP056
2376,Fictional Outlet 02376,West,Wholesale,Small,2023-02-12,50000,30,REP057
2377,Fictional Outlet 02377,North,Modern Trade,Medium,2023-09-07,25000,30,REP058
2378,Fictional Outlet 02378,South,Modern Trade,Small,2023-04-09,10000,30,REP059
2379,Fictional Outlet 02379,East,Traditional Trade,Small,2023-02-14,25000,15,REP060
2380,Fictional Outlet 02380,West,Traditional Trade,Small,2023-06-19,10000,15,REP061
2381,Fictional Outlet 02381,North,Traditional Trade,Large,2022-04-02,50000,30,REP062
2382,Fictional Outlet 02382,South,Wholesale,Small,2022-10-27,10000,30,REP063
2383,Fictional Outlet 02383,East,Traditional Trade,Small,2023-09-19,25000,60,REP064
2384,Fictional Outlet 02384,West,Wholesale,Medium,2022-10-10,5000,45,REP065
2385,Fictional Outlet 02385,North,Modern Trade,Small,2022-09-09,10000,60,REP066
2386,Fictional Outlet 02386,South,Ecommerce,Large,2023-10-23,5000,15,REP067
2387,Fictional Outlet 02387,East,Wholesale,Medium,2023-09-06,50000,45,REP068
2388,Fictional Outlet 02388,West,Traditional Trade,Small,2023-10-09,25000,30,REP069
2389,Fictional Outlet 02389,North,Traditional Trade,Large,2022-10-05,5000,30,REP070
2390,Fictional Outlet 02390,South,Traditional Trade,Large,2023-11-11,10000,45,REP071
2391,Fictional Outlet 02391,East,Modern Trade,Large,2022-11-24,25000,30,REP072
2392,Fictional Outlet 02392,West,Traditional Trade,Small,2023-08-08,50000,60,REP073
2393,Fictional Outlet 02393,North,Wholesale,Small,2023-04-25,5000,45,REP074
2394,Fictional Outlet 02394,South,Traditional Trade,Medium,2022-01-01,25000,30,REP075
2395,Fictional Outlet 02395,East,Traditional Trade,Small,2022-05-02,10000,60,REP076
2396,Fictional Outlet 02396,West,Traditional Trade,Small,2022-11-23,10000,30,REP077
2397,Fictional Outlet 02397,North,Traditional Trade,Small,2023-10-18,25000,30,REP078
2398,Fictional Outlet 02398,South,Traditional Trade,Medium,2023-02-02,10000,30,REP079
2399,Fictional Outlet 02399,East,Traditional Trade,Small,2023-06-19,5000,15,REP080
2400,Fictional Outlet 02400,West,Wholesale,Large,2022-06-03,25000,60,REP001
2401,Fictional Outlet 02401,North,Traditional Trade,Medium,2023-06-29,10000,60,REP002
2402,Fictional Outlet 02402,South,Traditional Trade,Small,2022-02-23,5000,45,REP003
2403,Fictional Outlet 02403,East,Traditional Trade,Small,2022-03-02,5000,45,REP004
2404,Fictional Outlet 02404,West,Modern Trade,Medium,2023-07-01,50000,45,REP005
2405,Fictional Outlet 02405,North,Ecommerce,Medium,2023-08-19,25000,30,REP006
2406,Fictional Outlet 02406,South,Wholesale,Medium,2022-02-14,10000,60,REP007
2407,Fictional Outlet 02407,East,Traditional Trade,Medium,2023-01-24,50000,30,REP008
2408,Fictional Outlet 02408,West,Traditional Trade,Small,2023-05-21,10000,60,REP009
2409,Fictional Outlet 02409,North,Wholesale,Medium,2023-09-24,5000,45,REP010
2410,Fictional Outlet 02410,South,Traditional Trade,Large,2023-01-03,50000,15,REP011
2411,Fictional Outlet 02411,East,Traditional Trade,Medium,2023-12-21,25000,30,REP012
2412,Fictional Outlet 02412,West,Traditional Trade,Large,2023-08-01,5000,60,REP013
2413,Fictional Outlet 02413,North,Traditional Trade,Small,2022-07-15,10000,30,REP014
2414,Fictional Outlet 02414,South,Traditional Trade,Small,2023-07-16,50000,60,REP015
2415,Fictional Outlet 02415,East,Modern Trade,Medium,2022-07-02,50000,60,REP016
2416,Fictional Outlet 02416,West,Wholesale,Small,2023-01-15,5000,60,REP017
2417,Fictional Outlet 02417,North,Modern Trade,Medium,2023-06-27,50000,15,REP018
2418,Fictional Outlet 02418,South,Modern Trade,Medium,2022-09-11,5000,30,REP019
2419,Fictional Outlet 02419,East,Traditional Trade,Small,2022-12-02,50000,60,REP020
2420,Fictional Outlet 02420,West,Modern Trade,Medium,2023-10-04,5000,15,REP021
2421,Fictional Outlet 02421,North,Traditional Trade,Small,2023-06-20,5000,60,REP022
2422,Fictional Outlet 02422,South,Wholesale,Large,2023-05-27,25000,45,REP023
2423,Fictional Outlet 02423,East,Modern Trade,Small,2022-02-01,10000,45,REP024
2424,Fictional Outlet 02424,West,Traditional Trade,Small,2022-01-07,5000,15,REP025
2425,Fictional Outlet 02425,North, TRADITIONAL TRADE ,Medium,2022-09-13,5000,60,REP026
2426,Fictional Outlet 02426,South,Traditional Trade,Large,2022-03-13,50000,30,REP027
2427,Fictional Outlet 02427,East,Wholesale,Medium,2022-03-06,50000,30,REP028
2428,Fictional Outlet 02428,West,Traditional Trade,Medium,2022-10-24,5000,15,REP029
2429,Fictional Outlet 02429,North,Traditional Trade,Large,2023-10-20,25000,30,REP030
2430,Fictional Outlet 02430,South,Traditional Trade,Large,2022-05-03,25000,15,REP031
2431,Fictional Outlet 02431,East,Modern Trade,Large,2023-02-12,25000,45,REP032
2432,Fictional Outlet 02432,West,Modern Trade,Medium,2022-10-04,5000,30,REP033
2433,Fictional Outlet 02433,North,Traditional Trade,Medium,2022-10-03,5000,45,REP034
2434,Fictional Outlet 02434,South,Wholesale,Small,2022-03-11,5000,60,REP035
2435,Fictional Outlet 02435,East,Wholesale,Large,2023-05-10,5000,60,REP036
2436,Fictional Outlet 02436,West,Modern Trade,Large,2022-06-19,50000,30,REP037
2437,Fictional Outlet 02437,North,Wholesale,Small,2022-10-21,50000,15,REP038
2438,Fictional Outlet 02438,South,Traditional Trade,Large,2022-08-26,50000,30,REP039
2439,Fictional Outlet 02439,East,Traditional Trade,Small,2023-03-12,50000,30,REP040
2440,Fictional Outlet 02440,West,Wholesale,Small,2022-12-08,5000,60,REP041
2441,Fictional Outlet 02441,North,Wholesale,Medium,2022-02-21,25000,60,REP042
2442,Fictional Outlet 02442,South,Wholesale,Large,2022-08-09,5000,60,REP043
2443,Fictional Outlet 02443,East,Traditional Trade,Small,2022-06-24,10000,45,REP044
2444,Fictional Outlet 02444,West,Traditional Trade,Medium,2022-10-14,50000,30,REP045
2445,Fictional Outlet 02445,North,Modern Trade,Medium,2022-05-06,5000,30,REP046
2446,Fictional Outlet 02446,South,Wholesale,Large,2023-09-19,10000,30,REP047
2447,Fictional Outlet 02447,East,Traditional Trade,Small,2022-01-17,50000,45,REP048
2448,Fictional Outlet 02448,West,Traditional Trade,Medium,2022-05-28,5000,15,REP049
2449,Fictional Outlet 02449,North,Traditional Trade,Small,2023-08-16,50000,45,REP050
2450,Fictional Outlet 02450,South,Traditional Trade,Medium,2023-09-17,10000,45,REP051
2451,Fictional Outlet 02451,East,Traditional Trade,Large,2023-09-18,25000,60,REP052
2452,Fictional Outlet 02452,West,Wholesale,Small,2023-01-12,25000,30,REP053
2453,Fictional Outlet 02453,North,Modern Trade,Large,2023-03-25,50000,45,REP054
2454,Fictional Outlet 02454,South,Modern Trade,Large,2023-12-22,10000,15,REP055
2455,Fictional Outlet 02455,East,Traditional Trade,Medium,2022-06-13,10000,15,REP056
2456,Fictional Outlet 02456,West,Traditional Trade,Medium,2023-12-28,25000,30,REP057
2457,Fictional Outlet 02457,North,Ecommerce,Small,2023-12-14,25000,60,REP058
2458,Fictional Outlet 02458,South,Traditional Trade,Large,2023-02-10,5000,60,REP059
2459,Fictional Outlet 02459,East,Traditional Trade,Large,2022-12-08,25000,60,REP060
2460,Fictional Outlet 02460,West,Modern Trade,Large,2022-09-02,10000,45,REP061
2461,Fictional Outlet 02461,North,Modern Trade,Small,2023-07-22,25000,15,REP062
2462,Fictional Outlet 02462,South,Modern Trade,Medium,2023-06-26,10000,30,REP063
2463,Fictional Outlet 02463,East,Traditional Trade,Large,2022-08-24,5000,45,REP064
2464,Fictional Outlet 02464,West,Traditional Trade,Small,2022-01-23,25000,30,REP065
2465,Fictional Outlet 02465,North,Ecommerce,Small,2023-09-10,10000,15,REP066
2466,Fictional Outlet 02466,South,Modern Trade,Large,2023-10-28,10000,30,REP067
2467,Fictional Outlet 02467,East,Traditional Trade,Small,2022-04-01,50000,45,REP068
2468,Fictional Outlet 02468,West,Modern Trade,Medium,2022-11-26,25000,45,REP069
2469,Fictional Outlet 02469,North,Traditional Trade,Large,2023-10-05,25000,60,REP070
2470,Fictional Outlet 02470,South,Traditional Trade,Small,2022-08-15,5000,15,REP071
2471,Fictional Outlet 02471,East,Traditional Trade,Large,2022-04-17,25000,15,REP072
2472,Fictional Outlet 02472,West,Traditional Trade,Medium,2022-07-17,5000,15,REP073
2473,Fictional Outlet 02473,North,Wholesale,Large,2023-11-15,25000,60,REP074
2474,Fictional Outlet 02474,South,Traditional Trade,Large,2022-05-26,5000,45,REP075
2475,Fictional Outlet 02475,East,Wholesale,Large,2022-07-17,25000,60,REP076
2476,Fictional Outlet 02476,West,Traditional Trade,Large,2022-03-08,10000,30,REP077
2477,Fictional Outlet 02477,North,Traditional Trade,Medium,2022-11-07,5000,15,REP078
2478,Fictional Outlet 02478,South,Wholesale,Large,2022-02-23,25000,45,REP079
2479,Fictional Outlet 02479,East,Modern Trade,Small,2023-05-08,10000,15,REP080
2480,Fictional Outlet 02480,West,Traditional Trade,Small,2022-09-27,10000,60,REP001
2481,Fictional Outlet 02481,North,Traditional Trade,Small,2022-09-13,10000,60,REP002
2482,Fictional Outlet 02482,South,Traditional Trade,Medium,2022-04-08,10000,60,REP003
2483,Fictional Outlet 02483,East,Modern Trade,Small,2022-08-14,50000,60,REP004
2484,Fictional Outlet 02484,West,Wholesale,Large,2023-08-06,50000,60,REP005
2485,Fictional Outlet 02485,North,Traditional Trade,Medium,2023-09-15,25000,15,REP006
2486,Fictional Outlet 02486,South,Traditional Trade,Large,2023-03-28,5000,15,
2487,Fictional Outlet 02487,East,Wholesale,Small,2022-01-21,25000,45,REP008
2488,Fictional Outlet 02488,West,Wholesale,Large,2022-04-24,5000,15,REP009
2489,Fictional Outlet 02489,North,Traditional Trade,Large,2022-04-06,5000,45,REP010
2490,Fictional Outlet 02490,South,Wholesale,Medium,2022-04-01,25000,45,REP011
2491,Fictional Outlet 02491,East,Wholesale,Large,2022-06-18,10000,15,REP012
2492,Fictional Outlet 02492,West,Modern Trade,Medium,2023-11-19,25000,45,REP013
2493,Fictional Outlet 02493,North,Traditional Trade,Medium,2022-04-01,5000,30,REP014
2494,Fictional Outlet 02494,South,Modern Trade,Medium,2023-01-26,5000,30,REP015
2495,Fictional Outlet 02495,East,Traditional Trade,Small,2022-12-04,5000,15,REP016
2496,Fictional Outlet 02496,West,Wholesale,Large,2023-09-02,50000,60,REP017
2497,Fictional Outlet 02497,North,Wholesale,Small,2022-06-23,10000,15,REP018
2498,Fictional Outlet 02498,South,Wholesale,Small,2022-05-14,5000,60,REP019
2499,Fictional Outlet 02499,East,Traditional Trade,Medium,2022-03-11,50000,45,REP020
2500,Fictional Outlet 02500,West,Wholesale,Small,2022-08-21,25000,60,REP021
2501,Fictional Outlet 02501,North,Wholesale,Small,2023-01-21,10000,60,REP022
2502,Fictional Outlet 02502,South,Modern Trade,Medium,2023-11-19,25000,45,REP023
2503,Fictional Outlet 02503,East,Traditional Trade,Medium,2023-11-18,5000,45,REP024
2504,Fictional Outlet 02504,West,Traditional Trade,Medium,2022-04-14,10000,60,REP025
2505,Fictional Outlet 02505,North,Ecommerce,Large,2022-11-08,10000,15,REP026
2506,Fictional Outlet 02506,South,Traditional Trade,Small,2022-11-08,25000,60,REP027
2507,Fictional Outlet 02507,East,Ecommerce,Large,2023-04-21,50000,60,REP028
2508,Fictional Outlet 02508,West,Traditional Trade,Small,2023-01-15,5000,30,REP029
2509,Fictional Outlet 02509,North,Traditional Trade,Medium,2023-04-06,25000,15,REP030
2510,Fictional Outlet 02510,South,Traditional Trade,Small,2022-06-10,5000,15,REP031
2511,Fictional Outlet 02511,East,Modern Trade,Medium,2022-06-28,50000,45,REP032
2512,Fictional Outlet 02512,West,Traditional Trade,Small,2023-08-16,50000,60,REP033
2513,Fictional Outlet 02513,North,Traditional Trade,Large,2023-02-15,50000,30,REP034
2514,Fictional Outlet 02514,South,Modern Trade,Large,2022-12-28,5000,60,REP035
2515,Fictional Outlet 02515,East,Traditional Trade,Medium,2023-01-11,5000,15,REP036
2516,Fictional Outlet 02516,West,Traditional Trade,Medium,2023-03-22,10000,60,REP037
2517,Fictional Outlet 02517,North,Traditional Trade,Small,2023-08-13,50000,15,REP038
2518,Fictional Outlet 02518,South,Traditional Trade,Medium,2023-02-11,10000,60,REP039
2519,Fictional Outlet 02519,East,Traditional Trade,Large,2023-02-06,10000,45,REP040
2520,Fictional Outlet 02520,West,Modern Trade,Large,2023-12-14,50000,60,REP041
2521,Fictional Outlet 02521,North,Wholesale,Small,2023-07-25,25000,15,REP042
2522,Fictional Outlet 02522,South, TRADITIONAL TRADE ,Medium,2022-07-20,5000,30,REP043
2523,Fictional Outlet 02523,East,Wholesale,Medium,2022-03-10,25000,60,REP044
2524,Fictional Outlet 02524,West,Traditional Trade,Medium,2022-06-21,50000,30,REP045
2525,Fictional Outlet 02525,North,Traditional Trade,Medium,2023-05-19,50000,45,REP046
2526,Fictional Outlet 02526,South,Traditional Trade,Medium,2023-11-01,5000,30,REP047
2527,Fictional Outlet 02527,East,Traditional Trade,Medium,2023-03-06,10000,30,REP048
2528,Fictional Outlet 02528,West,Modern Trade,Medium,2023-06-17,5000,45,REP049
2529,Fictional Outlet 02529,North,Modern Trade,Small,2023-04-29,10000,45,REP050
2530,Fictional Outlet 02530,South,Traditional Trade,Small,2022-10-08,5000,15,REP051
2531,Fictional Outlet 02531,East,Traditional Trade,Small,2022-05-08,5000,45,REP052
2532,Fictional Outlet 02532,West,Traditional Trade,Small,2023-06-05,10000,60,REP053
2533,Fictional Outlet 02533,North,Modern Trade,Small,2023-03-31,25000,45,REP054
2534,Fictional Outlet 02534,South,Wholesale,Medium,2023-05-10,10000,45,REP055
2535,Fictional Outlet 02535,East,Wholesale,Small,2022-12-20,25000,45,REP056
2536,Fictional Outlet 02536,West,Wholesale,Large,2022-12-21,5000,60,REP057
2537,Fictional Outlet 02537,North,Traditional Trade,Small,2023-10-09,25000,60,REP058
2538,Fictional Outlet 02538,South,Traditional Trade,Large,2023-03-26,50000,60,REP059
2539,Fictional Outlet 02539,East,Traditional Trade,Small,2023-04-09,50000,30,REP060
2540,Fictional Outlet 02540,West,Traditional Trade,Small,2022-08-10,50000,60,REP061
2541,Fictional Outlet 02541,North,Traditional Trade,Large,2022-02-03,10000,45,REP062
2542,Fictional Outlet 02542,South,Traditional Trade,Large,2023-03-14,25000,30,REP063
2543,Fictional Outlet 02543,East,Traditional Trade,Medium,2023-03-10,5000,45,REP064
2544,Fictional Outlet 02544,West,Traditional Trade,Large,2022-01-20,5000,45,REP065
2545,Fictional Outlet 02545,North,Traditional Trade,Medium,2022-02-03,50000,30,REP066
2546,Fictional Outlet 02546,South,Wholesale,Small,2022-03-23,5000,45,REP067
2547,Fictional Outlet 02547,East,Modern Trade,Large,2023-03-16,5000,15,REP068
2548,Fictional Outlet 02548,West,Traditional Trade,Large,2022-02-04,25000,30,REP069
2549,Fictional Outlet 02549,North,Modern Trade,Large,2022-12-29,10000,15,REP070
2550,Fictional Outlet 02550,South,Traditional Trade,Large,2022-06-24,5000,30,REP071
2551,Fictional Outlet 02551,East,Wholesale,Small,2023-12-30,50000,45,REP072
2552,Fictional Outlet 02552,West,Modern Trade,Medium,2022-08-31,50000,60,REP073
2553,Fictional Outlet 02553,North,Traditional Trade,Medium,2022-07-18,25000,45,REP074
2554,Fictional Outlet 02554,South,Ecommerce,Medium,2022-04-02,25000,45,REP075
2555,Fictional Outlet 02555,East,Traditional Trade,Medium,2023-02-02,5000,45,REP076
2556,Fictional Outlet 02556,West,Traditional Trade,Large,2022-04-11,10000,60,REP077
2557,Fictional Outlet 02557,North,Traditional Trade,Large,2023-03-27,25000,30,REP078
2558,Fictional Outlet 02558,South,Modern Trade,Large,2022-08-06,25000,15,REP079
2559,Fictional Outlet 02559,East,Wholesale,Medium,2023-04-05,10000,15,REP080
2560,Fictional Outlet 02560,West,Wholesale,Large,2023-04-23,50000,45,REP001
2561,Fictional Outlet 02561,North,Traditional Trade,Large,2023-06-18,5000,60,REP002
2562,Fictional Outlet 02562,South,Traditional Trade,Small,2023-06-09,25000,60,REP003
2563,Fictional Outlet 02563,East,Traditional Trade,Large,2023-10-27,50000,45,REP004
2564,Fictional Outlet 02564,West,Modern Trade,Small,2022-02-03,25000,60,REP005
2565,Fictional Outlet 02565,North,Modern Trade,Medium,2023-09-23,10000,15,REP006
2566,Fictional Outlet 02566,South,Traditional Trade,Small,2023-11-18,10000,30,REP007
2567,Fictional Outlet 02567,East,Traditional Trade,Small,2023-11-17,25000,30,REP008
2568,Fictional Outlet 02568,West,Traditional Trade,Large,2022-12-05,50000,60,REP009
2569,Fictional Outlet 02569,North,Traditional Trade,Medium,2023-04-29,5000,60,REP010
2570,Fictional Outlet 02570,South,Traditional Trade,Medium,2022-06-01,5000,45,REP011
2571,Fictional Outlet 02571,East,Traditional Trade,Small,2023-11-13,10000,30,REP012
2572,Fictional Outlet 02572,West,Modern Trade,Large,2022-01-30,5000,60,REP013
2573,Fictional Outlet 02573,North,Modern Trade,Small,2022-12-30,50000,45,REP014
2574,Fictional Outlet 02574,South,Traditional Trade,Large,2023-01-28,10000,30,REP015
2575,Fictional Outlet 02575,East,Traditional Trade,Large,2023-10-16,5000,60,REP016
2576,Fictional Outlet 02576,West,Traditional Trade,Medium,2023-04-13,50000,30,REP017
2577,Fictional Outlet 02577,North,Modern Trade,Medium,2023-02-14,5000,15,REP018
2578,Fictional Outlet 02578,South,Traditional Trade,Small,2022-10-13,50000,30,REP019
2579,Fictional Outlet 02579,East,Wholesale,Medium,2023-09-11,25000,30,REP020
2580,Fictional Outlet 02580,West,Ecommerce,Large,2023-09-04,5000,45,REP021
2581,Fictional Outlet 02581,North,Traditional Trade,Large,2023-10-16,5000,60,REP022
2582,Fictional Outlet 02582,South,Traditional Trade,Large,2023-04-29,5000,60,REP023
2583,Fictional Outlet 02583,East,Traditional Trade,Medium,2023-02-03,25000,60,REP024
2584,Fictional Outlet 02584,West,Modern Trade,Small,2023-09-07,5000,60,REP025
2585,Fictional Outlet 02585,North,Traditional Trade,Large,2023-12-01,10000,60,REP026
2586,Fictional Outlet 02586,South,Traditional Trade,Small,2022-08-30,10000,30,REP027
2587,Fictional Outlet 02587,East,Traditional Trade,Small,2022-03-26,50000,30,REP028
2588,Fictional Outlet 02588,West,Traditional Trade,Medium,2023-01-13,10000,60,REP029
2589,Fictional Outlet 02589,North,Traditional Trade,Large,2023-08-15,5000,15,REP030
2590,Fictional Outlet 02590,South,Traditional Trade,Medium,2023-01-17,5000,30,REP031
2591,Fictional Outlet 02591,East,Traditional Trade,Large,2023-03-16,5000,30,REP032
2592,Fictional Outlet 02592,West,Traditional Trade,Small,2022-04-29,25000,60,REP033
2593,Fictional Outlet 02593,North,Traditional Trade,Small,2023-07-17,10000,45,REP034
2594,Fictional Outlet 02594,South,Traditional Trade,Small,2022-12-30,50000,15,REP035
2595,Fictional Outlet 02595,East,Modern Trade,Medium,2023-08-16,5000,15,REP036
2596,Fictional Outlet 02596,West,Modern Trade,Medium,2022-11-16,25000,30,REP037
2597,Fictional Outlet 02597,North,Traditional Trade,Large,2022-06-01,10000,15,REP038
2598,Fictional Outlet 02598,South,Modern Trade,Large,2023-06-13,10000,15,REP039
2599,Fictional Outlet 02599,East,Traditional Trade,Medium,2022-09-02,50000,60,
2600,Fictional Outlet 02600,West,Modern Trade,Medium,2022-02-05,10000,30,REP041
2601,Fictional Outlet 02601,North,Wholesale,Medium,2022-03-30,5000,45,REP042
2602,Fictional Outlet 02602,South,Ecommerce,Small,2022-06-19,25000,30,REP043
2603,Fictional Outlet 02603,East,Modern Trade,Small,2023-10-31,10000,15,REP044
2604,Fictional Outlet 02604,West,Traditional Trade,Small,2022-05-30,5000,15,REP045
2605,Fictional Outlet 02605,North,Traditional Trade,Large,2023-10-02,10000,15,REP046
2606,Fictional Outlet 02606,South,Traditional Trade,Small,2022-12-23,10000,45,REP047
2607,Fictional Outlet 02607,East,Traditional Trade,Medium,2022-02-07,5000,45,REP048
2608,Fictional Outlet 02608,West,Traditional Trade,Large,2023-01-24,25000,30,REP049
2609,Fictional Outlet 02609,North,Wholesale,Medium,2022-09-28,5000,30,REP050
2610,Fictional Outlet 02610,South,Wholesale,Medium,2022-01-23,5000,45,REP051
2611,Fictional Outlet 02611,East,Traditional Trade,Small,2022-03-16,50000,15,REP052
2612,Fictional Outlet 02612,West,Modern Trade,Small,2023-09-03,25000,60,REP053
2613,Fictional Outlet 02613,North,Traditional Trade,Large,2022-12-02,25000,30,REP054
2614,Fictional Outlet 02614,South,Traditional Trade,Large,2022-05-24,5000,45,REP055
2615,Fictional Outlet 02615,East,Traditional Trade,Large,2022-05-09,25000,30,REP056
2616,Fictional Outlet 02616,West,Traditional Trade,Medium,2022-09-11,10000,15,REP057
2617,Fictional Outlet 02617,North,Modern Trade,Small,2023-08-09,25000,60,REP058
2618,Fictional Outlet 02618,South,Traditional Trade,Small,2023-07-28,50000,60,REP059
2619,Fictional Outlet 02619,East, TRADITIONAL TRADE ,Large,2023-10-13,25000,30,REP060
2620,Fictional Outlet 02620,West,Traditional Trade,Medium,2022-05-18,25000,45,REP061
2621,Fictional Outlet 02621,North,Traditional Trade,Small,2022-03-13,5000,30,REP062
2622,Fictional Outlet 02622,South,Traditional Trade,Medium,2022-06-26,10000,30,REP063
2623,Fictional Outlet 02623,East,Modern Trade,Large,2022-12-15,25000,15,REP064
2624,Fictional Outlet 02624,West,Modern Trade,Medium,2022-03-05,25000,45,REP065
2625,Fictional Outlet 02625,North,Traditional Trade,Small,2023-02-12,10000,60,REP066
2626,Fictional Outlet 02626,South,Wholesale,Small,2022-10-19,5000,15,REP067
2627,Fictional Outlet 02627,East,Traditional Trade,Medium,2023-02-06,50000,30,REP068
2628,Fictional Outlet 02628,West,Traditional Trade,Medium,2023-12-04,10000,60,REP069
2629,Fictional Outlet 02629,North,Wholesale,Medium,2022-10-27,25000,30,REP070
2630,Fictional Outlet 02630,South,Traditional Trade,Small,2023-05-04,50000,60,REP071
2631,Fictional Outlet 02631,East,Ecommerce,Medium,2022-09-25,25000,15,REP072
2632,Fictional Outlet 02632,West,Wholesale,Large,2023-09-15,10000,30,REP073
2633,Fictional Outlet 02633,North,Modern Trade,Small,2022-01-01,50000,15,REP074
2634,Fictional Outlet 02634,South,Traditional Trade,Large,2023-12-26,5000,45,REP075
2635,Fictional Outlet 02635,East,Traditional Trade,Medium,2023-11-05,50000,60,REP076
2636,Fictional Outlet 02636,West,Traditional Trade,Medium,2023-01-12,50000,15,REP077
2637,Fictional Outlet 02637,North,Traditional Trade,Small,2023-12-27,25000,15,REP078
2638,Fictional Outlet 02638,South,Modern Trade,Large,2023-05-24,5000,60,REP079
2639,Fictional Outlet 02639,East,Traditional Trade,Medium,2022-10-25,5000,30,REP080
2640,Fictional Outlet 02640,West,Modern Trade,Large,2022-08-19,25000,15,REP001
2641,Fictional Outlet 02641,North,Traditional Trade,Medium,2022-12-05,5000,60,REP002
2642,Fictional Outlet 02642,South,Traditional Trade,Large,2023-09-21,5000,60,REP003
2643,Fictional Outlet 02643,East,Wholesale,Small,2023-05-02,25000,45,REP004
2644,Fictional Outlet 02644,West,Wholesale,Medium,2023-02-24,50000,30,REP005
2645,Fictional Outlet 02645,North,Traditional Trade,Medium,2022-04-29,50000,30,REP006
2646,Fictional Outlet 02646,South,Modern Trade,Medium,2023-11-27,50000,30,REP007
2647,Fictional Outlet 02647,East,Traditional Trade,Large,2022-08-01,50000,60,REP008
2648,Fictional Outlet 02648,West,Traditional Trade,Medium,2023-08-16,10000,45,REP009
2649,Fictional Outlet 02649,North,Traditional Trade,Large,2023-07-11,25000,15,REP010
2650,Fictional Outlet 02650,South,Traditional Trade,Large,2022-12-05,10000,15,REP011
2651,Fictional Outlet 02651,East,Traditional Trade,Small,2023-12-02,5000,60,REP012
2652,Fictional Outlet 02652,West,Modern Trade,Large,2023-03-14,5000,60,REP013
2653,Fictional Outlet 02653,North,Ecommerce,Medium,2023-11-16,10000,30,REP014
2654,Fictional Outlet 02654,South,Traditional Trade,Large,2022-11-30,25000,60,REP015
2655,Fictional Outlet 02655,East,Traditional Trade,Medium,2022-09-02,25000,15,REP016
2656,Fictional Outlet 02656,West,Traditional Trade,Large,2022-10-29,50000,15,REP017
2657,Fictional Outlet 02657,North,Traditional Trade,Large,2022-12-30,10000,60,REP018
2658,Fictional Outlet 02658,South,Traditional Trade,Small,2022-05-21,5000,45,REP019
2659,Fictional Outlet 02659,East,Wholesale,Large,2023-08-14,10000,30,REP020
2660,Fictional Outlet 02660,West,Modern Trade,Large,2022-03-09,5000,45,REP021
2661,Fictional Outlet 02661,North,Wholesale,Large,2022-03-21,25000,60,REP022
2662,Fictional Outlet 02662,South,Traditional Trade,Small,2023-05-13,25000,45,REP023
2663,Fictional Outlet 02663,East,Modern Trade,Large,2023-07-02,50000,45,REP024
2664,Fictional Outlet 02664,West,Traditional Trade,Medium,2023-09-29,10000,45,REP025
2665,Fictional Outlet 02665,North,Wholesale,Large,2023-10-31,25000,60,REP026
2666,Fictional Outlet 02666,South,Wholesale,Large,2023-07-13,25000,30,REP027
2667,Fictional Outlet 02667,East,Traditional Trade,Large,2023-08-28,50000,60,REP028
2668,Fictional Outlet 02668,West,Wholesale,Large,2022-01-09,25000,15,REP029
2669,Fictional Outlet 02669,North,Wholesale,Small,2023-08-27,50000,45,REP030
2670,Fictional Outlet 02670,South,Traditional Trade,Small,2022-11-08,50000,30,REP031
2671,Fictional Outlet 02671,East,Modern Trade,Medium,2023-05-19,10000,30,REP032
2672,Fictional Outlet 02672,West,Traditional Trade,Large,2022-06-21,25000,15,REP033
2673,Fictional Outlet 02673,North,Ecommerce,Medium,2022-09-13,50000,60,REP034
2674,Fictional Outlet 02674,South,Modern Trade,Large,2023-10-06,5000,15,REP035
2675,Fictional Outlet 02675,East,Traditional Trade,Large,2022-03-05,10000,45,REP036
2676,Fictional Outlet 02676,West,Ecommerce,Large,2023-12-14,5000,30,REP037
2677,Fictional Outlet 02677,North,Modern Trade,Large,2022-07-28,50000,45,REP038
2678,Fictional Outlet 02678,South,Wholesale,Small,2022-07-03,25000,45,REP039
2679,Fictional Outlet 02679,East,Traditional Trade,Large,2023-09-16,5000,45,REP040
2680,Fictional Outlet 02680,West,Ecommerce,Medium,2023-09-25,25000,60,REP041
2681,Fictional Outlet 02681,North,Wholesale,Medium,2023-12-14,50000,60,REP042
2682,Fictional Outlet 02682,South,Wholesale,Small,2022-06-21,10000,15,REP043
2683,Fictional Outlet 02683,East,Traditional Trade,Medium,2023-11-22,10000,15,REP044
2684,Fictional Outlet 02684,West,Ecommerce,Medium,2023-04-19,10000,45,REP045
2685,Fictional Outlet 02685,North,Traditional Trade,Large,2022-10-04,50000,30,REP046
2686,Fictional Outlet 02686,South,Ecommerce,Large,2022-07-24,5000,15,REP047
2687,Fictional Outlet 02687,East,Traditional Trade,Small,2023-08-20,25000,15,REP048
2688,Fictional Outlet 02688,West,Modern Trade,Medium,2022-04-29,10000,60,REP049
2689,Fictional Outlet 02689,North,Traditional Trade,Small,2022-01-12,25000,30,REP050
2690,Fictional Outlet 02690,South,Traditional Trade,Small,2022-04-10,50000,30,REP051
2691,Fictional Outlet 02691,East,Wholesale,Small,2022-05-19,25000,60,REP052
2692,Fictional Outlet 02692,West,Modern Trade,Small,2022-11-26,10000,15,REP053
2693,Fictional Outlet 02693,North,Traditional Trade,Large,2023-07-16,50000,15,REP054
2694,Fictional Outlet 02694,South,Traditional Trade,Large,2022-02-27,10000,15,REP055
2695,Fictional Outlet 02695,East,Traditional Trade,Medium,2023-07-19,5000,30,REP056
2696,Fictional Outlet 02696,West,Wholesale,Small,2022-04-05,10000,45,REP057
2697,Fictional Outlet 02697,North,Modern Trade,Medium,2023-07-06,5000,15,REP058
2698,Fictional Outlet 02698,South,Wholesale,Medium,2023-05-31,50000,15,REP059
2699,Fictional Outlet 02699,East,Traditional Trade,Large,2023-07-26,50000,15,REP060
2700,Fictional Outlet 02700,West,Traditional Trade,Small,2022-01-23,5000,15,REP061
2701,Fictional Outlet 02701,North,Traditional Trade,Large,2022-12-19,25000,45,REP062
2702,Fictional Outlet 02702,South,Traditional Trade,Medium,2022-08-14,5000,30,REP063
2703,Fictional Outlet 02703,East,Traditional Trade,Large,2023-11-24,50000,45,REP064
2704,Fictional Outlet 02704,West,Traditional Trade,Large,2023-06-13,5000,60,REP065
2705,Fictional Outlet 02705,North,Traditional Trade,Large,2023-09-18,5000,60,REP066
2706,Fictional Outlet 02706,South,Traditional Trade,Large,2022-05-08,50000,45,REP067
2707,Fictional Outlet 02707,East,Wholesale,Large,2023-12-24,10000,30,REP068
2708,Fictional Outlet 02708,West,Wholesale,Small,2022-07-19,10000,45,REP069
2709,Fictional Outlet 02709,North,Wholesale,Small,2023-03-01,10000,30,REP070
2710,Fictional Outlet 02710,South,Traditional Trade,Small,2022-08-22,50000,60,REP071
2711,Fictional Outlet 02711,East,Traditional Trade,Small,2022-04-23,50000,30,REP072
2712,Fictional Outlet 02712,West,Traditional Trade,Large,2022-01-11,10000,45,
2713,Fictional Outlet 02713,North,Traditional Trade,Large,2023-10-05,50000,30,REP074
2714,Fictional Outlet 02714,South,Wholesale,Large,2022-12-23,10000,60,REP075
2715,Fictional Outlet 02715,East,Traditional Trade,Small,2023-04-18,50000,45,REP076
2716,Fictional Outlet 02716,West, TRADITIONAL TRADE ,Medium,2022-07-16,10000,60,REP077
2717,Fictional Outlet 02717,North,Traditional Trade,Medium,2023-12-26,25000,60,REP078
2718,Fictional Outlet 02718,South,Traditional Trade,Large,2022-01-20,5000,45,REP079
2719,Fictional Outlet 02719,East,Traditional Trade,Large,2023-02-04,5000,60,REP080
2720,Fictional Outlet 02720,West,Modern Trade,Small,2022-11-04,50000,15,REP001
2721,Fictional Outlet 02721,North,Traditional Trade,Medium,2022-05-26,5000,15,REP002
2722,Fictional Outlet 02722,South,Traditional Trade,Small,2023-09-28,25000,15,REP003
2723,Fictional Outlet 02723,East,Modern Trade,Small,2022-06-16,10000,15,REP004
2724,Fictional Outlet 02724,West,Wholesale,Large,2022-12-01,5000,30,REP005
2725,Fictional Outlet 02725,North,Wholesale,Small,2022-03-22,10000,15,REP006
2726,Fictional Outlet 02726,South,Modern Trade,Medium,2023-01-17,50000,60,REP007
2727,Fictional Outlet 02727,East,Traditional Trade,Large,2022-06-07,5000,30,REP008
2728,Fictional Outlet 02728,West,Traditional Trade,Medium,2023-05-12,5000,60,REP009
2729,Fictional Outlet 02729,North,Wholesale,Medium,2022-08-21,50000,60,REP010
2730,Fictional Outlet 02730,South,Traditional Trade,Small,2022-06-12,10000,30,REP011
2731,Fictional Outlet 02731,East,Wholesale,Small,2022-07-29,25000,15,REP012
2732,Fictional Outlet 02732,West,Traditional Trade,Small,2022-07-10,10000,45,REP013
2733,Fictional Outlet 02733,North,Traditional Trade,Small,2022-01-07,25000,60,REP014
2734,Fictional Outlet 02734,South,Modern Trade,Large,2022-11-27,25000,30,REP015
2735,Fictional Outlet 02735,East,Modern Trade,Small,2022-09-03,50000,45,REP016
2736,Fictional Outlet 02736,West,Traditional Trade,Small,2023-04-05,10000,30,REP017
2737,Fictional Outlet 02737,North,Traditional Trade,Medium,2022-04-17,5000,60,REP018
2738,Fictional Outlet 02738,South,Traditional Trade,Medium,2022-02-20,50000,15,REP019
2739,Fictional Outlet 02739,East,Traditional Trade,Small,2023-01-16,5000,60,REP020
2740,Fictional Outlet 02740,West,Traditional Trade,Small,2023-02-08,50000,45,REP021
2741,Fictional Outlet 02741,North,Wholesale,Small,2022-04-03,5000,15,REP022
2742,Fictional Outlet 02742,South,Wholesale,Medium,2022-07-12,5000,30,REP023
2743,Fictional Outlet 02743,East,Traditional Trade,Medium,2023-04-24,10000,60,REP024
2744,Fictional Outlet 02744,West,Traditional Trade,Medium,2023-07-30,5000,15,REP025
2745,Fictional Outlet 02745,North,Traditional Trade,Medium,2022-08-19,5000,45,REP026
2746,Fictional Outlet 02746,South,Traditional Trade,Small,2023-08-31,10000,30,REP027
2747,Fictional Outlet 02747,East,Traditional Trade,Large,2022-07-20,25000,45,REP028
2748,Fictional Outlet 02748,West,Modern Trade,Small,2023-08-24,50000,45,REP029
2749,Fictional Outlet 02749,North,Traditional Trade,Small,2023-12-02,10000,60,REP030
2750,Fictional Outlet 02750,South,Traditional Trade,Medium,2022-11-21,5000,15,REP031
2751,Fictional Outlet 02751,East,Modern Trade,Large,2023-12-03,10000,15,REP032
2752,Fictional Outlet 02752,West,Wholesale,Large,2023-12-04,5000,30,REP033
2753,Fictional Outlet 02753,North,Wholesale,Large,2023-03-26,50000,15,REP034
2754,Fictional Outlet 02754,South,Traditional Trade,Medium,2023-10-29,25000,15,REP035
2755,Fictional Outlet 02755,East,Traditional Trade,Small,2023-12-22,25000,30,REP036
2756,Fictional Outlet 02756,West,Wholesale,Medium,2022-06-19,25000,60,REP037
2757,Fictional Outlet 02757,North,Modern Trade,Medium,2022-06-16,25000,60,REP038
2758,Fictional Outlet 02758,South,Traditional Trade,Large,2022-10-03,10000,30,REP039
2759,Fictional Outlet 02759,East,Traditional Trade,Small,2022-06-13,50000,45,REP040
2760,Fictional Outlet 02760,West,Ecommerce,Small,2023-01-14,50000,45,REP041
2761,Fictional Outlet 02761,North,Traditional Trade,Medium,2023-11-01,5000,60,REP042
2762,Fictional Outlet 02762,South,Wholesale,Large,2023-09-15,10000,30,REP043
2763,Fictional Outlet 02763,East,Traditional Trade,Medium,2022-07-02,25000,30,REP044
2764,Fictional Outlet 02764,West,Modern Trade,Small,2023-06-02,10000,15,REP045
2765,Fictional Outlet 02765,North,Wholesale,Medium,2022-06-07,25000,15,REP046
2766,Fictional Outlet 02766,South,Modern Trade,Small,2022-12-18,25000,45,REP047
2767,Fictional Outlet 02767,East,Traditional Trade,Small,2023-12-13,50000,30,REP048
2768,Fictional Outlet 02768,West,Traditional Trade,Medium,2022-11-11,25000,60,REP049
2769,Fictional Outlet 02769,North,Traditional Trade,Small,2023-12-22,25000,60,REP050
2770,Fictional Outlet 02770,South,Modern Trade,Large,2023-08-25,50000,60,REP051
2771,Fictional Outlet 02771,East,Traditional Trade,Small,2023-11-10,5000,15,REP052
2772,Fictional Outlet 02772,West,Traditional Trade,Large,2022-05-06,10000,45,REP053
2773,Fictional Outlet 02773,North,Wholesale,Small,2022-09-28,10000,15,REP054
2774,Fictional Outlet 02774,South,Modern Trade,Large,2023-03-06,5000,15,REP055
2775,Fictional Outlet 02775,East,Traditional Trade,Small,2022-02-14,10000,45,REP056
2776,Fictional Outlet 02776,West,Traditional Trade,Small,2022-04-08,50000,60,REP057
2777,Fictional Outlet 02777,North,Traditional Trade,Medium,2022-06-10,25000,30,REP058
2778,Fictional Outlet 02778,South,Traditional Trade,Medium,2023-08-11,25000,60,REP059
2779,Fictional Outlet 02779,East,Modern Trade,Small,2023-09-09,5000,30,REP060
2780,Fictional Outlet 02780,West,Modern Trade,Medium,2022-01-22,5000,30,REP061
2781,Fictional Outlet 02781,North,Traditional Trade,Medium,2023-11-02,10000,60,REP062
2782,Fictional Outlet 02782,South,Traditional Trade,Small,2022-12-27,25000,15,REP063
2783,Fictional Outlet 02783,East,Traditional Trade,Large,2023-11-02,25000,15,REP064
2784,Fictional Outlet 02784,West,Traditional Trade,Large,2022-01-05,5000,45,REP065
2785,Fictional Outlet 02785,North,Traditional Trade,Small,2023-02-21,5000,60,REP066
2786,Fictional Outlet 02786,South,Modern Trade,Large,2023-03-29,50000,60,REP067
2787,Fictional Outlet 02787,East,Modern Trade,Small,2023-03-29,10000,30,REP068
2788,Fictional Outlet 02788,West,Modern Trade,Medium,2023-11-18,5000,60,REP069
2789,Fictional Outlet 02789,North,Wholesale,Medium,2022-08-23,50000,30,REP070
2790,Fictional Outlet 02790,South,Traditional Trade,Medium,2023-08-31,10000,15,REP071
2791,Fictional Outlet 02791,East,Modern Trade,Large,2023-04-25,50000,30,REP072
2792,Fictional Outlet 02792,West,Modern Trade,Medium,2023-12-20,5000,30,REP073
2793,Fictional Outlet 02793,North,Modern Trade,Medium,2023-07-28,50000,45,REP074
2794,Fictional Outlet 02794,South,Wholesale,Large,2022-12-21,10000,60,REP075
2795,Fictional Outlet 02795,East,Ecommerce,Medium,2022-02-02,5000,60,REP076
2796,Fictional Outlet 02796,West,Modern Trade,Medium,2023-07-27,25000,15,REP077
2797,Fictional Outlet 02797,North,Traditional Trade,Medium,2023-03-04,5000,30,REP078
2798,Fictional Outlet 02798,South,Ecommerce,Large,2023-10-18,50000,15,REP079
2799,Fictional Outlet 02799,East,Traditional Trade,Large,2022-03-27,50000,30,REP080
2800,Fictional Outlet 02800,West,Traditional Trade,Medium,2023-12-21,10000,45,REP001
2801,Fictional Outlet 02801,North,Traditional Trade,Small,2022-08-10,50000,15,REP002
2802,Fictional Outlet 02802,South,Traditional Trade,Small,2022-03-12,25000,15,REP003
2803,Fictional Outlet 02803,East,Modern Trade,Medium,2023-07-14,50000,30,REP004
2804,Fictional Outlet 02804,West,Traditional Trade,Medium,2023-07-10,5000,15,REP005
2805,Fictional Outlet 02805,North,Traditional Trade,Small,2022-12-25,10000,15,REP006
2806,Fictional Outlet 02806,South,Wholesale,Small,2023-01-31,10000,15,REP007
2807,Fictional Outlet 02807,East,Traditional Trade,Medium,2022-01-06,10000,30,REP008
2808,Fictional Outlet 02808,West,Wholesale,Small,2022-06-30,5000,15,REP009
2809,Fictional Outlet 02809,North,Traditional Trade,Small,2023-10-03,5000,60,REP010
2810,Fictional Outlet 02810,South,Wholesale,Medium,2022-11-26,50000,60,REP011
2811,Fictional Outlet 02811,East,Traditional Trade,Large,2023-02-02,50000,60,REP012
2812,Fictional Outlet 02812,West,Traditional Trade,Medium,2023-08-09,25000,15,REP013
2813,Fictional Outlet 02813,North, TRADITIONAL TRADE ,Small,2023-09-25,50000,45,REP014
2814,Fictional Outlet 02814,South,Traditional Trade,Medium,2023-05-18,25000,45,REP015
2815,Fictional Outlet 02815,East,Traditional Trade,Medium,2023-06-23,50000,30,REP016
2816,Fictional Outlet 02816,West,Traditional Trade,Large,2023-10-03,10000,15,REP017
2817,Fictional Outlet 02817,North,Wholesale,Small,2022-08-07,5000,15,REP018
2818,Fictional Outlet 02818,South,Wholesale,Large,2022-04-19,5000,60,REP019
2819,Fictional Outlet 02819,East,Traditional Trade,Medium,2022-03-28,50000,45,REP020
2820,Fictional Outlet 02820,West,Wholesale,Small,2022-11-03,10000,45,REP021
2821,Fictional Outlet 02821,North,Traditional Trade,Large,2023-04-01,10000,30,REP022
2822,Fictional Outlet 02822,South,Wholesale,Large,2023-06-24,5000,30,REP023
2823,Fictional Outlet 02823,East,Modern Trade,Small,2023-10-30,25000,60,REP024
2824,Fictional Outlet 02824,West,Traditional Trade,Large,2022-04-04,50000,15,REP025
2825,Fictional Outlet 02825,North,Traditional Trade,Medium,2022-12-08,50000,30,
2826,Fictional Outlet 02826,South,Traditional Trade,Small,2023-09-15,10000,15,REP027
2827,Fictional Outlet 02827,East,Modern Trade,Large,2023-02-04,25000,30,REP028
2828,Fictional Outlet 02828,West,Wholesale,Large,2022-05-16,50000,30,REP029
2829,Fictional Outlet 02829,North,Traditional Trade,Large,2022-08-30,10000,60,REP030
2830,Fictional Outlet 02830,South,Traditional Trade,Large,2022-07-27,25000,30,REP031
2831,Fictional Outlet 02831,East,Ecommerce,Medium,2023-11-04,5000,15,REP032
2832,Fictional Outlet 02832,West,Traditional Trade,Large,2023-09-10,5000,15,REP033
2833,Fictional Outlet 02833,North,Traditional Trade,Large,2023-03-04,10000,60,REP034
2834,Fictional Outlet 02834,South,Modern Trade,Small,2023-01-27,50000,15,REP035
2835,Fictional Outlet 02835,East,Traditional Trade,Small,2022-09-27,10000,30,REP036
2836,Fictional Outlet 02836,West,Modern Trade,Medium,2022-01-07,50000,15,REP037
2837,Fictional Outlet 02837,North,Traditional Trade,Medium,2023-08-01,5000,15,REP038
2838,Fictional Outlet 02838,South,Traditional Trade,Medium,2022-11-27,50000,15,REP039
2839,Fictional Outlet 02839,East,Traditional Trade,Medium,2022-10-06,50000,60,REP040
2840,Fictional Outlet 02840,West,Ecommerce,Small,2023-02-24,25000,30,REP041
2841,Fictional Outlet 02841,North,Ecommerce,Small,2022-01-17,5000,15,REP042
2842,Fictional Outlet 02842,South,Modern Trade,Medium,2023-10-30,5000,15,REP043
2843,Fictional Outlet 02843,East,Traditional Trade,Medium,2023-06-03,10000,45,REP044
2844,Fictional Outlet 02844,West,Wholesale,Medium,2022-10-07,50000,15,REP045
2845,Fictional Outlet 02845,North,Traditional Trade,Large,2022-11-04,10000,45,REP046
2846,Fictional Outlet 02846,South,Traditional Trade,Medium,2023-09-15,50000,15,REP047
2847,Fictional Outlet 02847,East,Modern Trade,Large,2023-01-23,25000,60,REP048
2848,Fictional Outlet 02848,West,Wholesale,Medium,2022-12-14,10000,45,REP049
2849,Fictional Outlet 02849,North,Traditional Trade,Small,2023-10-17,5000,45,REP050
2850,Fictional Outlet 02850,South,Wholesale,Large,2022-03-27,10000,60,REP051
2851,Fictional Outlet 02851,East,Traditional Trade,Large,2023-08-01,5000,45,REP052
2852,Fictional Outlet 02852,West,Traditional Trade,Large,2022-01-18,50000,30,REP053
2853,Fictional Outlet 02853,North,Wholesale,Small,2022-05-29,10000,60,REP054
2854,Fictional Outlet 02854,South,Traditional Trade,Large,2022-06-10,25000,45,REP055
2855,Fictional Outlet 02855,East,Ecommerce,Medium,2023-05-24,50000,30,REP056
2856,Fictional Outlet 02856,West,Traditional Trade,Large,2022-07-17,25000,60,REP057
2857,Fictional Outlet 02857,North,Wholesale,Large,2022-09-09,25000,15,REP058
2858,Fictional Outlet 02858,South,Traditional Trade,Medium,2022-04-02,25000,15,REP059
2859,Fictional Outlet 02859,East,Wholesale,Small,2023-11-14,5000,45,REP060
2860,Fictional Outlet 02860,West,Modern Trade,Medium,2023-07-07,25000,15,REP061
2861,Fictional Outlet 02861,North,Traditional Trade,Medium,2022-05-10,25000,30,REP062
2862,Fictional Outlet 02862,South,Traditional Trade,Small,2022-09-07,5000,30,REP063
2863,Fictional Outlet 02863,East,Modern Trade,Large,2022-11-21,25000,30,REP064
2864,Fictional Outlet 02864,West,Wholesale,Small,2022-08-12,5000,60,REP065
2865,Fictional Outlet 02865,North,Traditional Trade,Large,2023-01-23,25000,45,REP066
2866,Fictional Outlet 02866,South,Wholesale,Small,2022-04-01,25000,60,REP067
2867,Fictional Outlet 02867,East,Modern Trade,Small,2022-08-01,25000,45,REP068
2868,Fictional Outlet 02868,West,Traditional Trade,Large,2022-07-09,5000,30,REP069
2869,Fictional Outlet 02869,North,Traditional Trade,Medium,2023-04-09,50000,30,REP070
2870,Fictional Outlet 02870,South,Traditional Trade,Large,2023-08-10,10000,30,REP071
2871,Fictional Outlet 02871,East,Traditional Trade,Large,2023-02-09,5000,30,REP072
2872,Fictional Outlet 02872,West,Modern Trade,Medium,2022-01-07,50000,60,REP073
2873,Fictional Outlet 02873,North,Traditional Trade,Medium,2023-01-25,50000,15,REP074
2874,Fictional Outlet 02874,South,Modern Trade,Medium,2022-07-07,25000,45,REP075
2875,Fictional Outlet 02875,East,Traditional Trade,Large,2022-10-25,25000,15,REP076
2876,Fictional Outlet 02876,West,Wholesale,Large,2023-09-22,5000,15,REP077
2877,Fictional Outlet 02877,North,Modern Trade,Large,2022-07-05,50000,30,REP078
2878,Fictional Outlet 02878,South,Modern Trade,Large,2022-03-10,50000,30,REP079
2879,Fictional Outlet 02879,East,Ecommerce,Large,2023-07-08,50000,15,REP080
2880,Fictional Outlet 02880,West,Traditional Trade,Large,2023-12-29,10000,30,REP001
2881,Fictional Outlet 02881,North,Traditional Trade,Medium,2023-06-26,25000,15,REP002
2882,Fictional Outlet 02882,South,Modern Trade,Large,2022-06-08,10000,60,REP003
2883,Fictional Outlet 02883,East,Traditional Trade,Large,2022-12-30,50000,60,REP004
2884,Fictional Outlet 02884,West,Traditional Trade,Small,2022-10-06,50000,30,REP005
2885,Fictional Outlet 02885,North,Traditional Trade,Small,2022-01-05,25000,60,REP006
2886,Fictional Outlet 02886,South,Ecommerce,Medium,2022-01-02,5000,45,REP007
2887,Fictional Outlet 02887,East,Wholesale,Medium,2022-09-12,25000,30,REP008
2888,Fictional Outlet 02888,West,Traditional Trade,Medium,2023-10-03,10000,60,REP009
2889,Fictional Outlet 02889,North,Traditional Trade,Large,2023-12-20,5000,15,REP010
2890,Fictional Outlet 02890,South,Modern Trade,Large,2022-08-05,10000,30,REP011
2891,Fictional Outlet 02891,East,Traditional Trade,Medium,2022-04-30,5000,30,REP012
2892,Fictional Outlet 02892,West,Modern Trade,Small,2022-08-12,25000,15,REP013
2893,Fictional Outlet 02893,North,Modern Trade,Medium,2022-11-20,5000,45,REP014
2894,Fictional Outlet 02894,South,Ecommerce,Large,2023-05-16,25000,60,REP015
2895,Fictional Outlet 02895,East,Traditional Trade,Medium,2022-10-31,10000,30,REP016
2896,Fictional Outlet 02896,West,Ecommerce,Medium,2023-04-23,10000,15,REP017
2897,Fictional Outlet 02897,North,Modern Trade,Small,2022-04-28,5000,60,REP018
2898,Fictional Outlet 02898,South,Traditional Trade,Large,2023-06-14,50000,15,REP019
2899,Fictional Outlet 02899,East,Wholesale,Medium,2022-10-08,5000,30,REP020
2900,Fictional Outlet 02900,West,Modern Trade,Small,2023-01-30,50000,30,REP021
2901,Fictional Outlet 02901,North,Wholesale,Large,2023-04-17,25000,60,REP022
2902,Fictional Outlet 02902,South,Modern Trade,Medium,2022-08-29,50000,15,REP023
2903,Fictional Outlet 02903,East,Modern Trade,Medium,2023-06-05,25000,15,REP024
2904,Fictional Outlet 02904,West,Ecommerce,Large,2023-04-22,10000,45,REP025
2905,Fictional Outlet 02905,North,Modern Trade,Medium,2022-01-30,25000,60,REP026
2906,Fictional Outlet 02906,South,Wholesale,Large,2022-11-07,5000,15,REP027
2907,Fictional Outlet 02907,East,Traditional Trade,Small,2023-09-11,10000,15,REP028
2908,Fictional Outlet 02908,West,Wholesale,Large,2022-02-05,10000,60,REP029
2909,Fictional Outlet 02909,North,Wholesale,Small,2022-06-09,5000,45,REP030
2910,Fictional Outlet 02910,South, TRADITIONAL TRADE ,Small,2023-09-09,50000,60,REP031
2911,Fictional Outlet 02911,East,Modern Trade,Small,2023-01-02,50000,30,REP032
2912,Fictional Outlet 02912,West,Traditional Trade,Medium,2023-05-13,50000,60,REP033
2913,Fictional Outlet 02913,North,Traditional Trade,Small,2022-08-25,50000,45,REP034
2914,Fictional Outlet 02914,South,Modern Trade,Small,2022-05-15,5000,15,REP035
2915,Fictional Outlet 02915,East,Traditional Trade,Large,2022-02-09,5000,30,REP036
2916,Fictional Outlet 02916,West,Traditional Trade,Large,2022-07-28,50000,15,REP037
2917,Fictional Outlet 02917,North,Traditional Trade,Medium,2023-03-27,5000,60,REP038
2918,Fictional Outlet 02918,South,Modern Trade,Large,2023-05-21,10000,30,REP039
2919,Fictional Outlet 02919,East,Modern Trade,Medium,2023-04-10,25000,60,REP040
2920,Fictional Outlet 02920,West,Traditional Trade,Medium,2022-04-18,10000,30,REP041
2921,Fictional Outlet 02921,North,Wholesale,Large,2022-08-11,50000,60,REP042
2922,Fictional Outlet 02922,South,Modern Trade,Medium,2023-11-24,50000,45,REP043
2923,Fictional Outlet 02923,East,Traditional Trade,Large,2023-06-21,10000,60,REP044
2924,Fictional Outlet 02924,West,Wholesale,Small,2022-11-04,50000,30,REP045
2925,Fictional Outlet 02925,North,Traditional Trade,Medium,2022-03-11,10000,45,REP046
2926,Fictional Outlet 02926,South,Modern Trade,Medium,2023-02-10,25000,45,REP047
2927,Fictional Outlet 02927,East,Wholesale,Large,2023-09-06,5000,15,REP048
2928,Fictional Outlet 02928,West,Modern Trade,Small,2022-11-27,10000,45,REP049
2929,Fictional Outlet 02929,North,Ecommerce,Small,2023-05-28,50000,45,REP050
2930,Fictional Outlet 02930,South,Traditional Trade,Large,2022-05-04,50000,45,REP051
2931,Fictional Outlet 02931,East,Wholesale,Small,2022-04-30,25000,60,REP052
2932,Fictional Outlet 02932,West,Traditional Trade,Medium,2023-03-18,10000,30,REP053
2933,Fictional Outlet 02933,North,Traditional Trade,Medium,2023-05-29,50000,30,REP054
2934,Fictional Outlet 02934,South,Modern Trade,Medium,2022-06-25,50000,45,REP055
2935,Fictional Outlet 02935,East,Traditional Trade,Medium,2022-09-28,10000,30,REP056
2936,Fictional Outlet 02936,West,Traditional Trade,Medium,2022-03-19,25000,45,REP057
2937,Fictional Outlet 02937,North,Wholesale,Medium,2022-04-20,25000,30,REP058
2938,Fictional Outlet 02938,South,Wholesale,Small,2023-09-10,25000,15,
2939,Fictional Outlet 02939,East,Modern Trade,Medium,2022-03-30,50000,15,REP060
2940,Fictional Outlet 02940,West,Traditional Trade,Large,2023-08-06,50000,45,REP061
2941,Fictional Outlet 02941,North,Traditional Trade,Large,2023-10-02,25000,60,REP062
2942,Fictional Outlet 02942,South,Traditional Trade,Medium,2023-09-01,25000,45,REP063
2943,Fictional Outlet 02943,East,Ecommerce,Medium,2023-04-09,5000,45,REP064
2944,Fictional Outlet 02944,West,Traditional Trade,Medium,2023-09-10,5000,60,REP065
2945,Fictional Outlet 02945,North,Traditional Trade,Medium,2023-03-17,5000,60,REP066
2946,Fictional Outlet 02946,South,Modern Trade,Medium,2023-08-22,50000,30,REP067
2947,Fictional Outlet 02947,East,Traditional Trade,Small,2022-01-15,5000,60,REP068
2948,Fictional Outlet 02948,West,Modern Trade,Medium,2022-05-07,25000,45,REP069
2949,Fictional Outlet 02949,North,Wholesale,Medium,2023-08-04,10000,60,REP070
2950,Fictional Outlet 02950,South,Traditional Trade,Small,2023-04-19,50000,30,REP071
2951,Fictional Outlet 02951,East,Modern Trade,Small,2022-05-04,5000,30,REP072
2952,Fictional Outlet 02952,West,Ecommerce,Medium,2023-11-06,10000,15,REP073
2953,Fictional Outlet 02953,North,Traditional Trade,Large,2023-06-02,50000,60,REP074
2954,Fictional Outlet 02954,South,Traditional Trade,Medium,2022-01-07,25000,45,REP075
2955,Fictional Outlet 02955,East,Ecommerce,Medium,2023-06-14,5000,60,REP076
2956,Fictional Outlet 02956,West,Traditional Trade,Large,2022-06-22,5000,45,REP077
2957,Fictional Outlet 02957,North,Traditional Trade,Large,2022-12-05,10000,15,REP078
2958,Fictional Outlet 02958,South,Traditional Trade,Small,2022-09-15,25000,15,REP079
2959,Fictional Outlet 02959,East,Traditional Trade,Small,2023-12-06,10000,15,REP080
2960,Fictional Outlet 02960,West,Traditional Trade,Medium,2023-06-14,25000,45,REP001
2961,Fictional Outlet 02961,North,Modern Trade,Medium,2022-12-13,5000,45,REP002
2962,Fictional Outlet 02962,South,Wholesale,Small,2022-08-31,5000,30,REP003
2963,Fictional Outlet 02963,East,Modern Trade,Medium,2022-03-09,5000,15,REP004
2964,Fictional Outlet 02964,West,Wholesale,Medium,2022-09-30,25000,60,REP005
2965,Fictional Outlet 02965,North,Wholesale,Medium,2022-04-05,5000,45,REP006
2966,Fictional Outlet 02966,South,Traditional Trade,Medium,2023-05-23,5000,15,REP007
2967,Fictional Outlet 02967,East,Traditional Trade,Small,2023-10-09,10000,60,REP008
2968,Fictional Outlet 02968,West,Traditional Trade,Medium,2023-09-18,25000,60,REP009
2969,Fictional Outlet 02969,North,Traditional Trade,Large,2022-04-24,50000,45,REP010
2970,Fictional Outlet 02970,South,Traditional Trade,Small,2022-07-15,50000,15,REP011
2971,Fictional Outlet 02971,East,Traditional Trade,Medium,2022-11-15,25000,60,REP012
2972,Fictional Outlet 02972,West,Modern Trade,Medium,2023-12-28,10000,45,REP013
2973,Fictional Outlet 02973,North,Ecommerce,Small,2022-09-30,5000,60,REP014
2974,Fictional Outlet 02974,South,Traditional Trade,Medium,2022-08-24,25000,45,REP015
2975,Fictional Outlet 02975,East,Traditional Trade,Small,2023-06-23,25000,60,REP016
2976,Fictional Outlet 02976,West,Traditional Trade,Small,2023-04-15,10000,30,REP017
2977,Fictional Outlet 02977,North,Ecommerce,Medium,2023-06-03,25000,45,REP018
2978,Fictional Outlet 02978,South,Traditional Trade,Small,2023-01-07,25000,60,REP019
2979,Fictional Outlet 02979,East,Traditional Trade,Medium,2022-02-22,25000,15,REP020
2980,Fictional Outlet 02980,West,Modern Trade,Medium,2022-07-23,5000,60,REP021
2981,Fictional Outlet 02981,North,Traditional Trade,Small,2023-09-28,5000,60,REP022
2982,Fictional Outlet 02982,South,Modern Trade,Medium,2023-03-24,25000,45,REP023
2983,Fictional Outlet 02983,East,Traditional Trade,Small,2023-12-01,5000,45,REP024
2984,Fictional Outlet 02984,West,Traditional Trade,Medium,2023-05-30,5000,30,REP025
2985,Fictional Outlet 02985,North,Traditional Trade,Medium,2022-12-12,5000,45,REP026
2986,Fictional Outlet 02986,South,Modern Trade,Medium,2022-09-01,5000,60,REP027
2987,Fictional Outlet 02987,East,Modern Trade,Large,2022-04-18,25000,60,REP028
2988,Fictional Outlet 02988,West,Traditional Trade,Small,2023-10-04,50000,30,REP029
2989,Fictional Outlet 02989,North,Ecommerce,Large,2023-01-01,25000,60,REP030
2990,Fictional Outlet 02990,South,Traditional Trade,Small,2023-06-17,25000,30,REP031
2991,Fictional Outlet 02991,East,Traditional Trade,Small,2023-01-06,50000,15,REP032
2992,Fictional Outlet 02992,West,Modern Trade,Small,2022-04-18,50000,30,REP033
2993,Fictional Outlet 02993,North,Traditional Trade,Medium,2022-11-07,50000,15,REP034
2994,Fictional Outlet 02994,South,Traditional Trade,Small,2022-09-12,5000,60,REP035
2995,Fictional Outlet 02995,East,Traditional Trade,Medium,2023-12-07,5000,15,REP036
2996,Fictional Outlet 02996,West,Traditional Trade,Small,2023-08-18,50000,30,REP037
2997,Fictional Outlet 02997,North,Traditional Trade,Small,2023-02-15,5000,15,REP038
2998,Fictional Outlet 02998,South,Ecommerce,Medium,2023-04-07,25000,15,REP039
2999,Fictional Outlet 02999,East,Traditional Trade,Medium,2023-12-22,50000,15,REP040
3000,Fictional Outlet 03000,West,Traditional Trade,Small,2023-06-09,5000,15,REP041
3001,Fictional Outlet 03001,North,Traditional Trade,Medium,2022-03-28,5000,15,REP042
3002,Fictional Outlet 03002,South,Modern Trade,Large,2023-01-04,50000,15,REP043
3003,Fictional Outlet 03003,East,Traditional Trade,Small,2023-02-07,5000,60,REP044
3004,Fictional Outlet 03004,West,Wholesale,Large,2023-01-16,10000,15,REP045
3005,Fictional Outlet 03005,North,Modern Trade,Large,2022-06-24,10000,30,REP046
3006,Fictional Outlet 03006,South,Ecommerce,Medium,2022-03-14,25000,60,REP047
3007,Fictional Outlet 03007,East, WHOLESALE ,Small,2022-01-30,5000,60,REP048
3008,Fictional Outlet 03008,West,Traditional Trade,Medium,2023-01-14,25000,15,REP049
3009,Fictional Outlet 03009,North,Ecommerce,Large,2023-04-28,25000,60,REP050
3010,Fictional Outlet 03010,South,Wholesale,Large,2022-08-10,50000,30,REP051
3011,Fictional Outlet 03011,East,Traditional Trade,Medium,2023-07-27,50000,30,REP052
3012,Fictional Outlet 03012,West,Ecommerce,Small,2022-08-15,10000,15,REP053
3013,Fictional Outlet 03013,North,Traditional Trade,Large,2023-03-07,5000,15,REP054
3014,Fictional Outlet 03014,South,Traditional Trade,Medium,2023-05-26,50000,30,REP055
3015,Fictional Outlet 03015,East,Traditional Trade,Small,2022-12-15,25000,60,REP056
3016,Fictional Outlet 03016,West,Modern Trade,Large,2022-12-29,25000,60,REP057
3017,Fictional Outlet 03017,North,Modern Trade,Large,2022-10-07,5000,45,REP058
3018,Fictional Outlet 03018,South,Traditional Trade,Large,2022-08-17,5000,30,REP059
3019,Fictional Outlet 03019,East,Traditional Trade,Large,2022-09-15,10000,45,REP060
3020,Fictional Outlet 03020,West,Traditional Trade,Medium,2023-03-07,50000,15,REP061
3021,Fictional Outlet 03021,North,Wholesale,Large,2023-10-31,5000,60,REP062
3022,Fictional Outlet 03022,South,Ecommerce,Large,2023-06-20,25000,15,REP063
3023,Fictional Outlet 03023,East,Traditional Trade,Small,2022-03-23,25000,60,REP064
3024,Fictional Outlet 03024,West,Traditional Trade,Medium,2022-09-07,5000,60,REP065
3025,Fictional Outlet 03025,North,Traditional Trade,Small,2023-12-26,25000,60,REP066
3026,Fictional Outlet 03026,South,Modern Trade,Medium,2023-11-05,5000,30,REP067
3027,Fictional Outlet 03027,East,Modern Trade,Large,2022-10-29,10000,45,REP068
3028,Fictional Outlet 03028,West,Traditional Trade,Large,2022-10-02,10000,15,REP069
3029,Fictional Outlet 03029,North,Traditional Trade,Small,2022-11-12,50000,30,REP070
3030,Fictional Outlet 03030,South,Traditional Trade,Small,2023-05-02,50000,45,REP071
3031,Fictional Outlet 03031,East,Traditional Trade,Large,2022-08-15,25000,45,REP072
3032,Fictional Outlet 03032,West,Traditional Trade,Medium,2022-01-22,50000,45,REP073
3033,Fictional Outlet 03033,North,Traditional Trade,Small,2023-12-31,10000,45,REP074
3034,Fictional Outlet 03034,South,Traditional Trade,Small,2023-09-17,5000,60,REP075
3035,Fictional Outlet 03035,East,Wholesale,Medium,2023-07-16,50000,60,REP076
3036,Fictional Outlet 03036,West,Traditional Trade,Large,2023-05-15,10000,60,REP077
3037,Fictional Outlet 03037,North,Traditional Trade,Medium,2022-10-03,10000,15,REP078
3038,Fictional Outlet 03038,South,Traditional Trade,Medium,2023-12-22,5000,45,REP079
3039,Fictional Outlet 03039,East,Traditional Trade,Medium,2022-11-22,50000,30,REP080
3040,Fictional Outlet 03040,West,Traditional Trade,Large,2023-05-20,25000,60,REP001
3041,Fictional Outlet 03041,North,Traditional Trade,Small,2023-05-13,50000,30,REP002
3042,Fictional Outlet 03042,South,Wholesale,Large,2022-09-27,5000,15,REP003
3043,Fictional Outlet 03043,East,Traditional Trade,Large,2023-11-13,5000,45,REP004
3044,Fictional Outlet 03044,West,Traditional Trade,Small,2023-11-23,5000,30,REP005
3045,Fictional Outlet 03045,North,Traditional Trade,Medium,2022-07-09,25000,15,REP006
3046,Fictional Outlet 03046,South,Traditional Trade,Large,2023-02-21,10000,60,REP007
3047,Fictional Outlet 03047,East,Traditional Trade,Small,2023-02-21,10000,45,REP008
3048,Fictional Outlet 03048,West,Traditional Trade,Small,2022-08-17,10000,15,REP009
3049,Fictional Outlet 03049,North,Traditional Trade,Small,2022-03-25,50000,45,REP010
3050,Fictional Outlet 03050,South,Traditional Trade,Large,2023-10-07,5000,15,REP011
3051,Fictional Outlet 03051,East,Traditional Trade,Medium,2022-11-08,5000,15,
3052,Fictional Outlet 03052,West,Traditional Trade,Small,2022-07-29,5000,60,REP013
3053,Fictional Outlet 03053,North,Traditional Trade,Large,2023-08-21,25000,45,REP014
3054,Fictional Outlet 03054,South,Traditional Trade,Medium,2023-11-18,50000,15,REP015
3055,Fictional Outlet 03055,East,Traditional Trade,Large,2022-07-11,50000,45,REP016
3056,Fictional Outlet 03056,West,Traditional Trade,Medium,2023-05-13,50000,15,REP017
3057,Fictional Outlet 03057,North,Traditional Trade,Small,2023-03-03,10000,15,REP018
3058,Fictional Outlet 03058,South,Traditional Trade,Medium,2023-02-16,5000,30,REP019
3059,Fictional Outlet 03059,East,Wholesale,Medium,2023-07-08,10000,45,REP020
3060,Fictional Outlet 03060,West,Wholesale,Large,2022-05-12,25000,15,REP021
3061,Fictional Outlet 03061,North,Traditional Trade,Small,2023-11-01,25000,15,REP022
3062,Fictional Outlet 03062,South,Wholesale,Large,2022-03-29,25000,45,REP023
3063,Fictional Outlet 03063,East,Traditional Trade,Small,2022-01-06,50000,45,REP024
3064,Fictional Outlet 03064,West,Wholesale,Small,2023-06-25,10000,15,REP025
3065,Fictional Outlet 03065,North,Traditional Trade,Medium,2022-10-24,10000,30,REP026
3066,Fictional Outlet 03066,South,Ecommerce,Large,2022-10-30,25000,45,REP027
3067,Fictional Outlet 03067,East,Traditional Trade,Medium,2022-04-08,50000,45,REP028
3068,Fictional Outlet 03068,West,Traditional Trade,Small,2023-12-18,25000,45,REP029
3069,Fictional Outlet 03069,North,Modern Trade,Large,2022-03-07,5000,30,REP030
3070,Fictional Outlet 03070,South,Traditional Trade,Large,2022-07-11,25000,30,REP031
3071,Fictional Outlet 03071,East,Traditional Trade,Medium,2023-04-01,10000,45,REP032
3072,Fictional Outlet 03072,West,Wholesale,Medium,2022-05-23,10000,30,REP033
3073,Fictional Outlet 03073,North,Traditional Trade,Large,2023-05-13,25000,30,REP034
3074,Fictional Outlet 03074,South,Modern Trade,Medium,2023-09-02,50000,60,REP035
3075,Fictional Outlet 03075,East,Wholesale,Small,2022-08-04,25000,45,REP036
3076,Fictional Outlet 03076,West,Traditional Trade,Small,2023-12-19,5000,15,REP037
3077,Fictional Outlet 03077,North,Traditional Trade,Medium,2022-07-24,50000,15,REP038
3078,Fictional Outlet 03078,South,Wholesale,Medium,2023-08-10,5000,15,REP039
3079,Fictional Outlet 03079,East,Modern Trade,Small,2022-04-19,5000,30,REP040
3080,Fictional Outlet 03080,West,Traditional Trade,Small,2022-08-21,50000,30,REP041
3081,Fictional Outlet 03081,North,Traditional Trade,Small,2023-11-08,5000,15,REP042
3082,Fictional Outlet 03082,South,Modern Trade,Large,2023-04-25,5000,15,REP043
3083,Fictional Outlet 03083,East,Modern Trade,Small,2023-05-12,25000,45,REP044
3084,Fictional Outlet 03084,West,Wholesale,Small,2023-07-06,5000,30,REP045
3085,Fictional Outlet 03085,North,Ecommerce,Small,2022-10-10,5000,30,REP046
3086,Fictional Outlet 03086,South,Wholesale,Large,2022-05-17,5000,45,REP047
3087,Fictional Outlet 03087,East,Traditional Trade,Large,2022-07-18,5000,30,REP048
3088,Fictional Outlet 03088,West,Ecommerce,Medium,2023-01-05,5000,15,REP049
3089,Fictional Outlet 03089,North,Modern Trade,Large,2023-06-30,50000,45,REP050
3090,Fictional Outlet 03090,South,Modern Trade,Medium,2022-12-11,50000,15,REP051
3091,Fictional Outlet 03091,East,Modern Trade,Large,2022-05-06,50000,60,REP052
3092,Fictional Outlet 03092,West,Traditional Trade,Large,2022-04-08,25000,30,REP053
3093,Fictional Outlet 03093,North,Traditional Trade,Small,2023-04-21,25000,45,REP054
3094,Fictional Outlet 03094,South,Traditional Trade,Small,2022-01-19,5000,45,REP055
3095,Fictional Outlet 03095,East,Traditional Trade,Medium,2022-08-20,25000,15,REP056
3096,Fictional Outlet 03096,West,Wholesale,Small,2023-08-03,50000,60,REP057
3097,Fictional Outlet 03097,North,Traditional Trade,Large,2022-10-17,50000,30,REP058
3098,Fictional Outlet 03098,South,Wholesale,Large,2022-02-22,10000,15,REP059
3099,Fictional Outlet 03099,East,Modern Trade,Large,2023-02-26,50000,45,REP060
3100,Fictional Outlet 03100,West,Traditional Trade,Medium,2023-12-04,10000,60,REP061
3101,Fictional Outlet 03101,North,Traditional Trade,Small,2023-02-26,10000,30,REP062
3102,Fictional Outlet 03102,South,Traditional Trade,Medium,2023-11-30,25000,15,REP063
3103,Fictional Outlet 03103,East,Traditional Trade,Large,2022-08-30,5000,45,REP064
3104,Fictional Outlet 03104,West, TRADITIONAL TRADE ,Medium,2023-12-21,50000,15,REP065
3105,Fictional Outlet 03105,North,Traditional Trade,Medium,2022-11-30,25000,15,REP066
3106,Fictional Outlet 03106,South,Wholesale,Small,2023-04-10,5000,15,REP067
3107,Fictional Outlet 03107,East,Traditional Trade,Small,2023-11-14,5000,15,REP068
3108,Fictional Outlet 03108,West,Modern Trade,Small,2022-02-22,25000,30,REP069
3109,Fictional Outlet 03109,North,Traditional Trade,Medium,2022-08-25,5000,30,REP070
3110,Fictional Outlet 03110,South,Traditional Trade,Medium,2022-06-23,25000,15,REP071
3111,Fictional Outlet 03111,East,Traditional Trade,Medium,2023-03-03,10000,60,REP072
3112,Fictional Outlet 03112,West,Traditional Trade,Large,2022-12-31,25000,15,REP073
3113,Fictional Outlet 03113,North,Wholesale,Large,2023-01-11,5000,30,REP074
3114,Fictional Outlet 03114,South,Modern Trade,Medium,2023-01-16,5000,15,REP075
3115,Fictional Outlet 03115,East,Wholesale,Large,2023-06-21,25000,30,REP076
3116,Fictional Outlet 03116,West,Traditional Trade,Large,2022-03-29,5000,45,REP077
3117,Fictional Outlet 03117,North,Traditional Trade,Large,2022-03-26,50000,15,REP078
3118,Fictional Outlet 03118,South,Traditional Trade,Medium,2022-05-08,25000,15,REP079
3119,Fictional Outlet 03119,East,Modern Trade,Small,2022-06-11,10000,60,REP080
3120,Fictional Outlet 03120,West,Traditional Trade,Small,2022-10-27,50000,60,REP001
3121,Fictional Outlet 03121,North,Traditional Trade,Large,2022-04-16,50000,60,REP002
3122,Fictional Outlet 03122,South,Wholesale,Small,2022-06-17,50000,60,REP003
3123,Fictional Outlet 03123,East,Traditional Trade,Large,2023-06-08,5000,15,REP004
3124,Fictional Outlet 03124,West,Modern Trade,Large,2023-01-08,50000,45,REP005
3125,Fictional Outlet 03125,North,Traditional Trade,Small,2023-11-03,25000,45,REP006
3126,Fictional Outlet 03126,South,Traditional Trade,Medium,2022-09-27,25000,15,REP007
3127,Fictional Outlet 03127,East,Traditional Trade,Medium,2022-10-22,50000,60,REP008
3128,Fictional Outlet 03128,West,Ecommerce,Medium,2023-02-09,10000,15,REP009
3129,Fictional Outlet 03129,North,Ecommerce,Large,2023-01-30,5000,45,REP010
3130,Fictional Outlet 03130,South,Traditional Trade,Small,2023-05-12,25000,30,REP011
3131,Fictional Outlet 03131,East,Traditional Trade,Large,2022-02-11,5000,30,REP012
3132,Fictional Outlet 03132,West,Traditional Trade,Large,2022-07-31,50000,30,REP013
3133,Fictional Outlet 03133,North,Traditional Trade,Medium,2023-12-24,25000,30,REP014
3134,Fictional Outlet 03134,South,Ecommerce,Large,2023-01-03,25000,30,REP015
3135,Fictional Outlet 03135,East,Traditional Trade,Small,2022-07-04,25000,45,REP016
3136,Fictional Outlet 03136,West,Wholesale,Large,2022-03-25,10000,30,REP017
3137,Fictional Outlet 03137,North,Traditional Trade,Large,2023-07-26,25000,60,REP018
3138,Fictional Outlet 03138,South,Ecommerce,Medium,2023-08-15,50000,15,REP019
3139,Fictional Outlet 03139,East,Traditional Trade,Small,2022-05-02,50000,60,REP020
3140,Fictional Outlet 03140,West,Traditional Trade,Small,2022-06-10,10000,15,REP021
3141,Fictional Outlet 03141,North,Traditional Trade,Small,2023-03-16,25000,60,REP022
3142,Fictional Outlet 03142,South,Traditional Trade,Small,2023-08-08,50000,15,REP023
3143,Fictional Outlet 03143,East,Traditional Trade,Large,2023-05-30,25000,15,REP024
3144,Fictional Outlet 03144,West,Modern Trade,Medium,2022-12-31,10000,30,REP025
3145,Fictional Outlet 03145,North,Traditional Trade,Medium,2022-10-30,25000,15,REP026
3146,Fictional Outlet 03146,South,Traditional Trade,Large,2022-03-14,50000,45,REP027
3147,Fictional Outlet 03147,East,Wholesale,Small,2022-12-17,10000,15,REP028
3148,Fictional Outlet 03148,West,Traditional Trade,Medium,2022-01-09,25000,60,REP029
3149,Fictional Outlet 03149,North,Wholesale,Large,2023-08-06,5000,60,REP030
3150,Fictional Outlet 03150,South,Traditional Trade,Medium,2022-01-05,10000,30,REP031
3151,Fictional Outlet 03151,East,Traditional Trade,Small,2022-01-09,10000,30,REP032
3152,Fictional Outlet 03152,West,Traditional Trade,Medium,2023-09-28,10000,15,REP033
3153,Fictional Outlet 03153,North,Wholesale,Large,2023-12-17,25000,30,REP034
3154,Fictional Outlet 03154,South,Modern Trade,Medium,2023-07-03,10000,15,REP035
3155,Fictional Outlet 03155,East,Wholesale,Large,2023-08-21,50000,45,REP036
3156,Fictional Outlet 03156,West,Traditional Trade,Large,2022-07-05,50000,15,REP037
3157,Fictional Outlet 03157,North,Traditional Trade,Small,2023-02-24,5000,60,REP038
3158,Fictional Outlet 03158,South,Wholesale,Small,2022-12-29,25000,30,REP039
3159,Fictional Outlet 03159,East,Traditional Trade,Medium,2022-12-27,10000,30,REP040
3160,Fictional Outlet 03160,West,Traditional Trade,Small,2023-10-17,10000,60,REP041
3161,Fictional Outlet 03161,North,Modern Trade,Large,2022-12-20,10000,60,REP042
3162,Fictional Outlet 03162,South,Traditional Trade,Medium,2023-03-19,25000,60,REP043
3163,Fictional Outlet 03163,East,Wholesale,Small,2022-07-21,50000,60,REP044
3164,Fictional Outlet 03164,West,Modern Trade,Medium,2022-03-22,10000,45,
3165,Fictional Outlet 03165,North,Traditional Trade,Small,2023-08-27,50000,15,REP046
3166,Fictional Outlet 03166,South,Ecommerce,Medium,2022-01-08,5000,15,REP047
3167,Fictional Outlet 03167,East,Traditional Trade,Large,2023-10-06,5000,60,REP048
3168,Fictional Outlet 03168,West,Traditional Trade,Medium,2023-05-01,10000,60,REP049
3169,Fictional Outlet 03169,North,Traditional Trade,Large,2023-10-22,10000,30,REP050
3170,Fictional Outlet 03170,South,Traditional Trade,Large,2022-10-23,10000,15,REP051
3171,Fictional Outlet 03171,East,Wholesale,Medium,2023-07-16,25000,60,REP052
3172,Fictional Outlet 03172,West,Traditional Trade,Medium,2023-04-24,10000,15,REP053
3173,Fictional Outlet 03173,North,Wholesale,Small,2023-11-11,50000,45,REP054
3174,Fictional Outlet 03174,South,Wholesale,Large,2023-11-16,25000,15,REP055
3175,Fictional Outlet 03175,East,Traditional Trade,Medium,2023-12-11,25000,15,REP056
3176,Fictional Outlet 03176,West,Traditional Trade,Small,2023-11-23,50000,30,REP057
3177,Fictional Outlet 03177,North,Wholesale,Large,2022-02-05,10000,30,REP058
3178,Fictional Outlet 03178,South,Traditional Trade,Large,2022-02-08,5000,30,REP059
3179,Fictional Outlet 03179,East,Traditional Trade,Small,2022-01-07,10000,45,REP060
3180,Fictional Outlet 03180,West,Traditional Trade,Large,2022-05-04,25000,15,REP061
3181,Fictional Outlet 03181,North,Wholesale,Medium,2023-09-10,10000,60,REP062
3182,Fictional Outlet 03182,South,Modern Trade,Small,2023-04-05,5000,15,REP063
3183,Fictional Outlet 03183,East,Ecommerce,Large,2022-12-09,5000,60,REP064
3184,Fictional Outlet 03184,West,Modern Trade,Small,2023-03-06,10000,60,REP065
3185,Fictional Outlet 03185,North,Ecommerce,Medium,2023-12-22,50000,15,REP066
3186,Fictional Outlet 03186,South,Traditional Trade,Medium,2023-10-30,25000,60,REP067
3187,Fictional Outlet 03187,East,Ecommerce,Small,2022-08-28,5000,60,REP068
3188,Fictional Outlet 03188,West,Traditional Trade,Large,2023-07-23,10000,30,REP069
3189,Fictional Outlet 03189,North,Traditional Trade,Medium,2022-06-12,10000,60,REP070
3190,Fictional Outlet 03190,South,Traditional Trade,Medium,2023-04-13,25000,60,REP071
3191,Fictional Outlet 03191,East,Traditional Trade,Large,2022-10-05,5000,45,REP072
3192,Fictional Outlet 03192,West,Traditional Trade,Medium,2023-05-31,50000,45,REP073
3193,Fictional Outlet 03193,North,Traditional Trade,Large,2023-10-06,5000,60,REP074
3194,Fictional Outlet 03194,South,Traditional Trade,Small,2023-10-02,25000,45,REP075
3195,Fictional Outlet 03195,East,Traditional Trade,Large,2022-05-25,25000,30,REP076
3196,Fictional Outlet 03196,West,Traditional Trade,Small,2023-10-17,50000,60,REP077
3197,Fictional Outlet 03197,North,Traditional Trade,Small,2022-03-31,50000,45,REP078
3198,Fictional Outlet 03198,South,Modern Trade,Large,2022-04-13,5000,30,REP079
3199,Fictional Outlet 03199,East,Modern Trade,Small,2023-12-18,50000,15,REP080
3200,Fictional Outlet 03200,West,Modern Trade,Small,2022-10-09,25000,30,REP001
3201,Fictional Outlet 03201,North, MODERN TRADE ,Small,2023-12-27,25000,45,REP002
3202,Fictional Outlet 03202,South,Traditional Trade,Large,2023-02-07,5000,45,REP003
3203,Fictional Outlet 03203,East,Wholesale,Large,2022-08-21,25000,30,REP004
3204,Fictional Outlet 03204,West,Modern Trade,Large,2023-03-02,50000,15,REP005
3205,Fictional Outlet 03205,North,Traditional Trade,Medium,2023-08-10,5000,30,REP006
3206,Fictional Outlet 03206,South,Traditional Trade,Medium,2023-07-03,25000,60,REP007
3207,Fictional Outlet 03207,East,Traditional Trade,Large,2023-04-23,10000,60,REP008
3208,Fictional Outlet 03208,West,Traditional Trade,Large,2023-07-20,25000,15,REP009
3209,Fictional Outlet 03209,North,Modern Trade,Small,2023-08-13,50000,60,REP010
3210,Fictional Outlet 03210,South,Modern Trade,Small,2023-05-21,5000,15,REP011
3211,Fictional Outlet 03211,East,Wholesale,Small,2022-12-20,25000,45,REP012
3212,Fictional Outlet 03212,West,Traditional Trade,Small,2023-07-27,5000,30,REP013
3213,Fictional Outlet 03213,North,Traditional Trade,Medium,2023-07-19,10000,30,REP014
3214,Fictional Outlet 03214,South,Traditional Trade,Small,2023-09-15,5000,30,REP015
3215,Fictional Outlet 03215,East,Ecommerce,Medium,2022-07-31,50000,60,REP016
3216,Fictional Outlet 03216,West,Traditional Trade,Medium,2022-01-06,50000,45,REP017
3217,Fictional Outlet 03217,North,Traditional Trade,Large,2022-08-14,5000,30,REP018
3218,Fictional Outlet 03218,South,Modern Trade,Large,2023-04-20,25000,45,REP019
3219,Fictional Outlet 03219,East,Traditional Trade,Large,2023-07-23,10000,60,REP020
3220,Fictional Outlet 03220,West,Wholesale,Small,2023-01-27,25000,30,REP021
3221,Fictional Outlet 03221,North,Traditional Trade,Medium,2023-12-28,10000,30,REP022
3222,Fictional Outlet 03222,South,Modern Trade,Small,2023-01-23,50000,60,REP023
3223,Fictional Outlet 03223,East,Wholesale,Medium,2022-10-27,5000,45,REP024
3224,Fictional Outlet 03224,West,Wholesale,Medium,2022-07-23,10000,30,REP025
3225,Fictional Outlet 03225,North,Traditional Trade,Medium,2022-01-05,10000,60,REP026
3226,Fictional Outlet 03226,South,Traditional Trade,Large,2023-10-21,50000,60,REP027
3227,Fictional Outlet 03227,East,Traditional Trade,Large,2022-05-26,10000,30,REP028
3228,Fictional Outlet 03228,West,Modern Trade,Small,2022-11-22,10000,60,REP029
3229,Fictional Outlet 03229,North,Modern Trade,Medium,2022-03-03,5000,60,REP030
3230,Fictional Outlet 03230,South,Wholesale,Small,2022-03-07,10000,45,REP031
3231,Fictional Outlet 03231,East,Wholesale,Small,2022-10-28,25000,60,REP032
3232,Fictional Outlet 03232,West,Traditional Trade,Small,2023-08-22,50000,60,REP033
3233,Fictional Outlet 03233,North,Traditional Trade,Large,2023-02-04,5000,45,REP034
3234,Fictional Outlet 03234,South,Ecommerce,Small,2023-04-19,50000,30,REP035
3235,Fictional Outlet 03235,East,Modern Trade,Large,2023-09-01,50000,30,REP036
3236,Fictional Outlet 03236,West,Traditional Trade,Small,2022-06-06,50000,15,REP037
3237,Fictional Outlet 03237,North,Traditional Trade,Large,2023-03-05,25000,45,REP038
3238,Fictional Outlet 03238,South,Ecommerce,Medium,2023-09-13,10000,60,REP039
3239,Fictional Outlet 03239,East,Traditional Trade,Small,2022-07-22,5000,45,REP040
3240,Fictional Outlet 03240,West,Traditional Trade,Medium,2023-04-27,50000,60,REP041
3241,Fictional Outlet 03241,North,Ecommerce,Large,2023-08-31,50000,30,REP042
3242,Fictional Outlet 03242,South,Traditional Trade,Medium,2022-04-20,5000,30,REP043
3243,Fictional Outlet 03243,East,Wholesale,Medium,2023-02-05,10000,60,REP044
3244,Fictional Outlet 03244,West,Modern Trade,Medium,2022-05-24,50000,45,REP045
3245,Fictional Outlet 03245,North,Modern Trade,Large,2022-12-10,10000,45,REP046
3246,Fictional Outlet 03246,South,Wholesale,Small,2022-09-25,25000,15,REP047
3247,Fictional Outlet 03247,East,Wholesale,Medium,2023-04-20,25000,30,REP048
3248,Fictional Outlet 03248,West,Traditional Trade,Small,2022-06-18,25000,30,REP049
3249,Fictional Outlet 03249,North,Traditional Trade,Medium,2022-07-26,10000,45,REP050
3250,Fictional Outlet 03250,South,Wholesale,Large,2022-03-02,25000,45,REP051
3251,Fictional Outlet 03251,East,Traditional Trade,Medium,2022-02-21,10000,30,REP052
3252,Fictional Outlet 03252,West,Ecommerce,Large,2023-01-18,25000,45,REP053
3253,Fictional Outlet 03253,North,Traditional Trade,Large,2022-12-16,10000,15,REP054
3254,Fictional Outlet 03254,South,Traditional Trade,Small,2022-07-13,5000,30,REP055
3255,Fictional Outlet 03255,East,Wholesale,Large,2023-01-16,10000,60,REP056
3256,Fictional Outlet 03256,West,Traditional Trade,Small,2023-07-29,5000,45,REP057
3257,Fictional Outlet 03257,North,Traditional Trade,Medium,2022-08-27,25000,45,REP058
3258,Fictional Outlet 03258,South,Wholesale,Medium,2023-09-29,25000,45,REP059
3259,Fictional Outlet 03259,East,Wholesale,Small,2022-05-25,5000,30,REP060
3260,Fictional Outlet 03260,West,Traditional Trade,Medium,2023-07-09,10000,60,REP061
3261,Fictional Outlet 03261,North,Traditional Trade,Medium,2022-11-01,10000,15,REP062
3262,Fictional Outlet 03262,South,Traditional Trade,Small,2022-09-22,5000,60,REP063
3263,Fictional Outlet 03263,East,Traditional Trade,Small,2023-02-04,10000,60,REP064
3264,Fictional Outlet 03264,West,Modern Trade,Large,2022-07-12,5000,60,REP065
3265,Fictional Outlet 03265,North,Modern Trade,Small,2022-02-22,50000,15,REP066
3266,Fictional Outlet 03266,South,Traditional Trade,Large,2022-07-31,50000,15,REP067
3267,Fictional Outlet 03267,East,Traditional Trade,Large,2022-01-13,25000,60,REP068
3268,Fictional Outlet 03268,West,Traditional Trade,Small,2023-11-11,25000,60,REP069
3269,Fictional Outlet 03269,North,Traditional Trade,Large,2023-05-04,25000,30,REP070
3270,Fictional Outlet 03270,South,Wholesale,Large,2022-10-01,50000,30,REP071
3271,Fictional Outlet 03271,East,Wholesale,Small,2023-05-27,10000,30,REP072
3272,Fictional Outlet 03272,West,Traditional Trade,Small,2023-09-20,10000,30,REP073
3273,Fictional Outlet 03273,North,Wholesale,Medium,2023-06-19,50000,15,REP074
3274,Fictional Outlet 03274,South,Modern Trade,Small,2022-11-25,5000,60,REP075
3275,Fictional Outlet 03275,East,Traditional Trade,Medium,2022-06-20,50000,30,REP076
3276,Fictional Outlet 03276,West,Traditional Trade,Medium,2022-09-19,5000,45,REP077
3277,Fictional Outlet 03277,North,Traditional Trade,Large,2023-03-05,50000,15,
3278,Fictional Outlet 03278,South,Traditional Trade,Large,2023-10-26,5000,30,REP079
3279,Fictional Outlet 03279,East,Traditional Trade,Small,2023-12-06,10000,60,REP080
3280,Fictional Outlet 03280,West,Ecommerce,Small,2022-02-20,50000,60,REP001
3281,Fictional Outlet 03281,North,Modern Trade,Medium,2022-12-17,25000,60,REP002
3282,Fictional Outlet 03282,South,Wholesale,Medium,2023-10-14,10000,30,REP003
3283,Fictional Outlet 03283,East,Wholesale,Large,2022-07-14,10000,15,REP004
3284,Fictional Outlet 03284,West,Traditional Trade,Medium,2022-04-16,10000,60,REP005
3285,Fictional Outlet 03285,North,Modern Trade,Medium,2023-09-10,25000,45,REP006
3286,Fictional Outlet 03286,South,Traditional Trade,Large,2023-08-06,25000,45,REP007
3287,Fictional Outlet 03287,East,Modern Trade,Medium,2022-10-16,50000,60,REP008
3288,Fictional Outlet 03288,West,Traditional Trade,Small,2023-10-11,5000,60,REP009
3289,Fictional Outlet 03289,North,Wholesale,Medium,2022-11-28,10000,45,REP010
3290,Fictional Outlet 03290,South,Traditional Trade,Small,2023-01-14,25000,45,REP011
3291,Fictional Outlet 03291,East,Modern Trade,Small,2022-02-24,5000,30,REP012
3292,Fictional Outlet 03292,West,Traditional Trade,Medium,2023-09-21,25000,60,REP013
3293,Fictional Outlet 03293,North,Traditional Trade,Small,2022-01-16,50000,15,REP014
3294,Fictional Outlet 03294,South,Traditional Trade,Small,2022-03-19,10000,45,REP015
3295,Fictional Outlet 03295,East,Traditional Trade,Large,2022-11-04,50000,15,REP016
3296,Fictional Outlet 03296,West,Modern Trade,Small,2022-07-19,10000,30,REP017
3297,Fictional Outlet 03297,North,Traditional Trade,Medium,2023-03-15,10000,60,REP018
3298,Fictional Outlet 03298,South, TRADITIONAL TRADE ,Medium,2023-09-27,25000,15,REP019
3299,Fictional Outlet 03299,East,Wholesale,Medium,2023-12-10,5000,15,REP020
3300,Fictional Outlet 03300,West,Traditional Trade,Small,2023-05-22,10000,30,REP021
3301,Fictional Outlet 03301,North,Wholesale,Medium,2022-05-23,50000,30,REP022
3302,Fictional Outlet 03302,South,Traditional Trade,Large,2023-09-01,50000,15,REP023
3303,Fictional Outlet 03303,East,Traditional Trade,Large,2022-06-09,5000,15,REP024
3304,Fictional Outlet 03304,West,Traditional Trade,Large,2022-07-26,5000,60,REP025
3305,Fictional Outlet 03305,North,Traditional Trade,Large,2022-09-05,50000,15,REP026
3306,Fictional Outlet 03306,South,Traditional Trade,Medium,2023-12-19,10000,30,REP027
3307,Fictional Outlet 03307,East,Modern Trade,Large,2022-09-04,50000,30,REP028
3308,Fictional Outlet 03308,West,Wholesale,Large,2022-05-18,50000,60,REP029
3309,Fictional Outlet 03309,North,Ecommerce,Medium,2023-11-12,50000,45,REP030
3310,Fictional Outlet 03310,South,Ecommerce,Large,2023-02-07,10000,30,REP031
3311,Fictional Outlet 03311,East,Traditional Trade,Large,2023-12-31,50000,30,REP032
3312,Fictional Outlet 03312,West,Traditional Trade,Small,2022-06-25,10000,30,REP033
3313,Fictional Outlet 03313,North,Modern Trade,Small,2023-11-19,25000,60,REP034
3314,Fictional Outlet 03314,South,Modern Trade,Small,2022-05-07,10000,45,REP035
3315,Fictional Outlet 03315,East,Modern Trade,Medium,2022-09-25,10000,30,REP036
3316,Fictional Outlet 03316,West,Traditional Trade,Small,2022-11-19,5000,15,REP037
3317,Fictional Outlet 03317,North,Modern Trade,Small,2022-02-13,5000,60,REP038
3318,Fictional Outlet 03318,South,Modern Trade,Small,2023-05-17,10000,30,REP039
3319,Fictional Outlet 03319,East,Traditional Trade,Large,2023-03-23,5000,15,REP040
3320,Fictional Outlet 03320,West,Wholesale,Medium,2022-08-30,25000,45,REP041
3321,Fictional Outlet 03321,North,Traditional Trade,Medium,2022-10-02,10000,45,REP042
3322,Fictional Outlet 03322,South,Wholesale,Medium,2022-06-20,10000,60,REP043
3323,Fictional Outlet 03323,East,Traditional Trade,Large,2022-08-07,5000,30,REP044
3324,Fictional Outlet 03324,West,Modern Trade,Small,2023-07-24,5000,30,REP045
3325,Fictional Outlet 03325,North,Modern Trade,Small,2023-01-31,5000,60,REP046
3326,Fictional Outlet 03326,South,Traditional Trade,Medium,2022-03-21,10000,45,REP047
3327,Fictional Outlet 03327,East,Wholesale,Large,2022-05-27,25000,60,REP048
3328,Fictional Outlet 03328,West,Traditional Trade,Small,2022-12-06,5000,45,REP049
3329,Fictional Outlet 03329,North,Traditional Trade,Large,2023-11-28,50000,45,REP050
3330,Fictional Outlet 03330,South,Ecommerce,Small,2023-06-04,10000,45,REP051
3331,Fictional Outlet 03331,East,Traditional Trade,Medium,2023-11-04,25000,45,REP052
3332,Fictional Outlet 03332,West,Modern Trade,Small,2023-04-29,5000,15,REP053
3333,Fictional Outlet 03333,North,Traditional Trade,Large,2022-10-10,5000,60,REP054
3334,Fictional Outlet 03334,South,Traditional Trade,Large,2023-12-19,25000,15,REP055
3335,Fictional Outlet 03335,East,Wholesale,Large,2023-03-30,25000,45,REP056
3336,Fictional Outlet 03336,West,Traditional Trade,Medium,2022-12-21,50000,45,REP057
3337,Fictional Outlet 03337,North,Wholesale,Large,2022-08-27,50000,30,REP058
3338,Fictional Outlet 03338,South,Traditional Trade,Large,2023-06-07,25000,30,REP059
3339,Fictional Outlet 03339,East,Traditional Trade,Small,2022-04-21,25000,45,REP060
3340,Fictional Outlet 03340,West,Modern Trade,Large,2022-05-15,5000,15,REP061
3341,Fictional Outlet 03341,North,Traditional Trade,Large,2023-06-11,50000,60,REP062
3342,Fictional Outlet 03342,South,Ecommerce,Large,2023-03-18,10000,15,REP063
3343,Fictional Outlet 03343,East,Traditional Trade,Medium,2022-04-26,50000,45,REP064
3344,Fictional Outlet 03344,West,Wholesale,Medium,2023-08-23,10000,15,REP065
3345,Fictional Outlet 03345,North,Wholesale,Small,2023-09-22,25000,45,REP066
3346,Fictional Outlet 03346,South,Traditional Trade,Small,2022-10-01,25000,60,REP067
3347,Fictional Outlet 03347,East,Traditional Trade,Large,2022-12-27,5000,45,REP068
3348,Fictional Outlet 03348,West,Traditional Trade,Large,2023-10-05,10000,45,REP069
3349,Fictional Outlet 03349,North,Wholesale,Small,2022-07-29,25000,45,REP070
3350,Fictional Outlet 03350,South,Traditional Trade,Large,2023-05-10,25000,45,REP071
3351,Fictional Outlet 03351,East,Modern Trade,Large,2023-09-05,10000,60,REP072
3352,Fictional Outlet 03352,West,Ecommerce,Medium,2023-01-24,10000,30,REP073
3353,Fictional Outlet 03353,North,Modern Trade,Small,2022-12-10,25000,45,REP074
3354,Fictional Outlet 03354,South,Traditional Trade,Large,2023-10-27,50000,45,REP075
3355,Fictional Outlet 03355,East,Wholesale,Small,2022-10-14,50000,30,REP076
3356,Fictional Outlet 03356,West,Traditional Trade,Small,2023-02-01,5000,60,REP077
3357,Fictional Outlet 03357,North,Wholesale,Small,2023-08-08,5000,45,REP078
3358,Fictional Outlet 03358,South,Wholesale,Small,2022-11-06,25000,30,REP079
3359,Fictional Outlet 03359,East,Ecommerce,Large,2023-07-28,25000,30,REP080
3360,Fictional Outlet 03360,West,Traditional Trade,Medium,2022-06-12,10000,60,REP001
3361,Fictional Outlet 03361,North,Modern Trade,Small,2022-04-01,5000,30,REP002
3362,Fictional Outlet 03362,South,Wholesale,Large,2023-02-22,10000,60,REP003
3363,Fictional Outlet 03363,East,Traditional Trade,Large,2022-04-30,50000,45,REP004
3364,Fictional Outlet 03364,West,Ecommerce,Large,2023-04-06,10000,45,REP005
3365,Fictional Outlet 03365,North,Wholesale,Small,2022-04-08,5000,30,REP006
3366,Fictional Outlet 03366,South,Traditional Trade,Small,2023-11-01,25000,45,REP007
3367,Fictional Outlet 03367,East,Traditional Trade,Small,2023-01-18,50000,45,REP008
3368,Fictional Outlet 03368,West,Wholesale,Medium,2022-03-24,5000,60,REP009
3369,Fictional Outlet 03369,North,Wholesale,Large,2023-09-24,5000,30,REP010
3370,Fictional Outlet 03370,South,Modern Trade,Medium,2022-10-11,10000,30,REP011
3371,Fictional Outlet 03371,East,Traditional Trade,Small,2023-07-29,50000,45,REP012
3372,Fictional Outlet 03372,West,Modern Trade,Small,2023-06-05,5000,45,REP013
3373,Fictional Outlet 03373,North,Wholesale,Medium,2023-01-16,10000,45,REP014
3374,Fictional Outlet 03374,South,Traditional Trade,Large,2022-05-14,10000,30,REP015
3375,Fictional Outlet 03375,East,Traditional Trade,Medium,2022-04-24,10000,60,REP016
3376,Fictional Outlet 03376,West,Modern Trade,Medium,2023-06-09,50000,30,REP017
3377,Fictional Outlet 03377,North,Traditional Trade,Small,2023-09-02,5000,45,REP018
3378,Fictional Outlet 03378,South,Traditional Trade,Large,2023-11-23,25000,15,REP019
3379,Fictional Outlet 03379,East,Wholesale,Small,2023-09-24,10000,45,REP020
3380,Fictional Outlet 03380,West,Traditional Trade,Small,2022-08-30,5000,15,REP021
3381,Fictional Outlet 03381,North,Traditional Trade,Small,2022-06-09,10000,15,REP022
3382,Fictional Outlet 03382,South,Modern Trade,Medium,2023-03-09,5000,30,REP023
3383,Fictional Outlet 03383,East,Traditional Trade,Large,2023-02-25,5000,30,REP024
3384,Fictional Outlet 03384,West,Traditional Trade,Medium,2023-05-13,5000,30,REP025
3385,Fictional Outlet 03385,North,Traditional Trade,Large,2023-10-19,50000,15,REP026
3386,Fictional Outlet 03386,South,Traditional Trade,Medium,2022-01-02,25000,45,REP027
3387,Fictional Outlet 03387,East,Traditional Trade,Medium,2023-08-21,25000,45,REP028
3388,Fictional Outlet 03388,West,Traditional Trade,Medium,2023-02-05,50000,30,REP029
3389,Fictional Outlet 03389,North,Traditional Trade,Medium,2022-03-19,50000,15,REP030
3390,Fictional Outlet 03390,South,Wholesale,Large,2023-11-08,50000,30,
3391,Fictional Outlet 03391,East,Traditional Trade,Medium,2022-09-26,5000,45,REP032
3392,Fictional Outlet 03392,West,Traditional Trade,Medium,2023-01-11,5000,15,REP033
3393,Fictional Outlet 03393,North,Traditional Trade,Small,2023-01-01,5000,60,REP034
3394,Fictional Outlet 03394,South,Traditional Trade,Large,2023-11-25,10000,15,REP035
3395,Fictional Outlet 03395,East, MODERN TRADE ,Large,2022-03-26,10000,15,REP036
3396,Fictional Outlet 03396,West,Ecommerce,Medium,2023-09-27,50000,45,REP037
3397,Fictional Outlet 03397,North,Ecommerce,Large,2023-07-05,50000,30,REP038
3398,Fictional Outlet 03398,South,Modern Trade,Large,2023-05-26,50000,30,REP039
3399,Fictional Outlet 03399,East,Modern Trade,Large,2022-03-23,5000,60,REP040
3400,Fictional Outlet 03400,West,Modern Trade,Medium,2023-05-15,5000,30,REP041
3401,Fictional Outlet 03401,North,Traditional Trade,Large,2022-03-18,5000,15,REP042
3402,Fictional Outlet 03402,South,Traditional Trade,Small,2022-08-10,5000,30,REP043
3403,Fictional Outlet 03403,East,Traditional Trade,Small,2023-07-01,25000,45,REP044
3404,Fictional Outlet 03404,West,Traditional Trade,Medium,2023-03-11,10000,30,REP045
3405,Fictional Outlet 03405,North,Traditional Trade,Large,2022-12-25,10000,15,REP046
3406,Fictional Outlet 03406,South,Traditional Trade,Small,2023-11-14,5000,30,REP047
3407,Fictional Outlet 03407,East,Wholesale,Small,2023-10-19,10000,15,REP048
3408,Fictional Outlet 03408,West,Traditional Trade,Large,2023-01-05,50000,60,REP049
3409,Fictional Outlet 03409,North,Modern Trade,Large,2022-12-23,10000,15,REP050
3410,Fictional Outlet 03410,South,Traditional Trade,Medium,2023-12-24,10000,60,REP051
3411,Fictional Outlet 03411,East,Traditional Trade,Medium,2023-10-06,10000,60,REP052
3412,Fictional Outlet 03412,West,Ecommerce,Small,2023-05-21,50000,15,REP053
3413,Fictional Outlet 03413,North,Traditional Trade,Medium,2022-02-19,50000,45,REP054
3414,Fictional Outlet 03414,South,Traditional Trade,Medium,2023-10-09,25000,15,REP055
3415,Fictional Outlet 03415,East,Traditional Trade,Small,2022-11-29,50000,30,REP056
3416,Fictional Outlet 03416,West,Traditional Trade,Large,2022-01-25,5000,45,REP057
3417,Fictional Outlet 03417,North,Modern Trade,Small,2023-04-24,10000,45,REP058
3418,Fictional Outlet 03418,South,Wholesale,Large,2023-05-02,10000,45,REP059
3419,Fictional Outlet 03419,East,Traditional Trade,Large,2022-04-20,10000,30,REP060
3420,Fictional Outlet 03420,West,Modern Trade,Medium,2022-01-16,25000,15,REP061
3421,Fictional Outlet 03421,North,Traditional Trade,Small,2022-02-01,10000,30,REP062
3422,Fictional Outlet 03422,South,Traditional Trade,Large,2023-03-18,5000,45,REP063
3423,Fictional Outlet 03423,East,Modern Trade,Large,2022-06-24,5000,60,REP064
3424,Fictional Outlet 03424,West,Traditional Trade,Small,2023-09-08,25000,15,REP065
3425,Fictional Outlet 03425,North,Traditional Trade,Small,2023-12-19,10000,45,REP066
3426,Fictional Outlet 03426,South,Traditional Trade,Medium,2022-09-23,10000,15,REP067
3427,Fictional Outlet 03427,East,Ecommerce,Small,2023-05-03,5000,30,REP068
3428,Fictional Outlet 03428,West,Modern Trade,Medium,2023-01-07,50000,15,REP069
3429,Fictional Outlet 03429,North,Traditional Trade,Small,2022-12-23,5000,15,REP070
3430,Fictional Outlet 03430,South,Traditional Trade,Large,2022-02-14,50000,60,REP071
3431,Fictional Outlet 03431,East,Traditional Trade,Large,2022-01-03,25000,15,REP072
3432,Fictional Outlet 03432,West,Wholesale,Medium,2023-02-11,50000,45,REP073
3433,Fictional Outlet 03433,North,Modern Trade,Small,2023-01-13,10000,60,REP074
3434,Fictional Outlet 03434,South,Traditional Trade,Medium,2022-03-01,5000,30,REP075
3435,Fictional Outlet 03435,East,Wholesale,Large,2022-09-08,5000,60,REP076
3436,Fictional Outlet 03436,West,Wholesale,Medium,2023-07-02,25000,60,REP077
3437,Fictional Outlet 03437,North,Traditional Trade,Medium,2022-10-30,25000,15,REP078
3438,Fictional Outlet 03438,South,Modern Trade,Small,2023-06-09,25000,60,REP079
3439,Fictional Outlet 03439,East,Traditional Trade,Small,2023-01-12,50000,60,REP080
3440,Fictional Outlet 03440,West,Traditional Trade,Small,2022-09-17,5000,60,REP001
3441,Fictional Outlet 03441,North,Wholesale,Small,2022-12-01,10000,45,REP002
3442,Fictional Outlet 03442,South,Wholesale,Large,2022-04-01,10000,45,REP003
3443,Fictional Outlet 03443,East,Traditional Trade,Medium,2023-05-15,50000,30,REP004
3444,Fictional Outlet 03444,West,Modern Trade,Small,2022-10-05,5000,30,REP005
3445,Fictional Outlet 03445,North,Ecommerce,Medium,2022-05-30,25000,60,REP006
3446,Fictional Outlet 03446,South,Traditional Trade,Large,2022-09-24,25000,30,REP007
3447,Fictional Outlet 03447,East,Traditional Trade,Medium,2023-05-16,25000,60,REP008
3448,Fictional Outlet 03448,West,Traditional Trade,Medium,2023-11-13,25000,15,REP009
3449,Fictional Outlet 03449,North,Wholesale,Small,2022-01-13,5000,30,REP010
3450,Fictional Outlet 03450,South,Traditional Trade,Medium,2022-08-09,10000,60,REP011
3451,Fictional Outlet 03451,East,Traditional Trade,Large,2023-06-27,5000,45,REP012
3452,Fictional Outlet 03452,West,Ecommerce,Medium,2022-09-06,25000,30,REP013
3453,Fictional Outlet 03453,North,Modern Trade,Large,2022-09-04,5000,45,REP014
3454,Fictional Outlet 03454,South,Ecommerce,Medium,2023-12-07,5000,30,REP015
3455,Fictional Outlet 03455,East,Modern Trade,Large,2022-04-11,25000,15,REP016
3456,Fictional Outlet 03456,West,Wholesale,Large,2022-10-08,25000,15,REP017
3457,Fictional Outlet 03457,North,Modern Trade,Small,2022-04-02,10000,15,REP018
3458,Fictional Outlet 03458,South,Traditional Trade,Medium,2023-08-09,25000,15,REP019
3459,Fictional Outlet 03459,East,Wholesale,Small,2022-04-09,10000,30,REP020
3460,Fictional Outlet 03460,West,Traditional Trade,Large,2022-05-28,25000,45,REP021
3461,Fictional Outlet 03461,North,Traditional Trade,Large,2022-08-10,25000,30,REP022
3462,Fictional Outlet 03462,South,Traditional Trade,Large,2023-08-10,25000,30,REP023
3463,Fictional Outlet 03463,East,Wholesale,Medium,2023-03-07,25000,45,REP024
3464,Fictional Outlet 03464,West,Modern Trade,Large,2023-05-30,5000,15,REP025
3465,Fictional Outlet 03465,North,Traditional Trade,Large,2023-04-27,5000,60,REP026
3466,Fictional Outlet 03466,South,Traditional Trade,Medium,2023-02-24,25000,60,REP027
3467,Fictional Outlet 03467,East,Wholesale,Small,2022-09-08,50000,30,REP028
3468,Fictional Outlet 03468,West,Traditional Trade,Large,2023-07-23,50000,45,REP029
3469,Fictional Outlet 03469,North,Traditional Trade,Medium,2023-09-21,10000,15,REP030
3470,Fictional Outlet 03470,South,Modern Trade,Small,2023-05-15,25000,45,REP031
3471,Fictional Outlet 03471,East,Traditional Trade,Small,2023-07-17,5000,15,REP032
3472,Fictional Outlet 03472,West,Modern Trade,Small,2022-05-13,10000,15,REP033
3473,Fictional Outlet 03473,North,Traditional Trade,Small,2022-12-20,10000,60,REP034
3474,Fictional Outlet 03474,South,Traditional Trade,Small,2023-04-02,25000,30,REP035
3475,Fictional Outlet 03475,East,Traditional Trade,Small,2022-09-15,50000,15,REP036
3476,Fictional Outlet 03476,West,Traditional Trade,Medium,2023-02-03,50000,45,REP037
3477,Fictional Outlet 03477,North,Modern Trade,Small,2023-01-22,10000,30,REP038
3478,Fictional Outlet 03478,South,Traditional Trade,Small,2022-03-22,10000,60,REP039
3479,Fictional Outlet 03479,East,Traditional Trade,Large,2022-06-24,25000,60,REP040
3480,Fictional Outlet 03480,West,Traditional Trade,Small,2023-11-22,5000,15,REP041
3481,Fictional Outlet 03481,North,Traditional Trade,Medium,2023-07-16,50000,15,REP042
3482,Fictional Outlet 03482,South,Wholesale,Medium,2023-11-29,10000,60,REP043
3483,Fictional Outlet 03483,East,Traditional Trade,Small,2023-12-02,50000,60,REP044
3484,Fictional Outlet 03484,West,Modern Trade,Small,2022-10-30,5000,45,REP045
3485,Fictional Outlet 03485,North,Traditional Trade,Medium,2022-03-23,10000,15,REP046
3486,Fictional Outlet 03486,South,Ecommerce,Large,2023-11-06,5000,60,REP047
3487,Fictional Outlet 03487,East,Modern Trade,Medium,2022-07-02,50000,60,REP048
3488,Fictional Outlet 03488,West,Ecommerce,Large,2022-06-09,5000,15,REP049
3489,Fictional Outlet 03489,North,Wholesale,Medium,2022-08-30,25000,45,REP050
3490,Fictional Outlet 03490,South,Wholesale,Large,2023-03-21,50000,15,REP051
3491,Fictional Outlet 03491,East,Traditional Trade,Large,2023-08-07,25000,15,REP052
3492,Fictional Outlet 03492,West, TRADITIONAL TRADE ,Medium,2022-10-11,25000,45,REP053
3493,Fictional Outlet 03493,North,Traditional Trade,Small,2022-06-03,10000,15,REP054
3494,Fictional Outlet 03494,South,Traditional Trade,Large,2023-09-12,50000,15,REP055
3495,Fictional Outlet 03495,East,Traditional Trade,Medium,2023-07-02,50000,30,REP056
3496,Fictional Outlet 03496,West,Modern Trade,Medium,2023-07-12,5000,45,REP057
3497,Fictional Outlet 03497,North,Traditional Trade,Small,2022-01-03,5000,60,REP058
3498,Fictional Outlet 03498,South,Traditional Trade,Small,2022-07-28,25000,15,REP059
3499,Fictional Outlet 03499,East,Ecommerce,Small,2023-05-30,10000,60,REP060
3500,Fictional Outlet 03500,West,Traditional Trade,Large,2022-11-16,25000,15,REP061
3501,Fictional Outlet 03501,North,Traditional Trade,Large,2023-03-28,10000,60,REP062
3502,Fictional Outlet 03502,South,Traditional Trade,Large,2023-05-31,10000,45,REP063
3503,Fictional Outlet 03503,East,Traditional Trade,Small,2022-01-10,25000,60,
3504,Fictional Outlet 03504,West,Traditional Trade,Medium,2023-11-12,50000,45,REP065
3505,Fictional Outlet 03505,North,Traditional Trade,Small,2023-02-04,10000,45,REP066
3506,Fictional Outlet 03506,South,Modern Trade,Medium,2023-08-31,10000,60,REP067
3507,Fictional Outlet 03507,East,Modern Trade,Medium,2023-05-30,50000,30,REP068
3508,Fictional Outlet 03508,West,Modern Trade,Small,2022-05-01,50000,15,REP069
3509,Fictional Outlet 03509,North,Wholesale,Large,2022-01-03,50000,30,REP070
3510,Fictional Outlet 03510,South,Wholesale,Large,2022-09-29,10000,60,REP071
3511,Fictional Outlet 03511,East,Traditional Trade,Medium,2023-01-20,10000,15,REP072
3512,Fictional Outlet 03512,West,Traditional Trade,Small,2022-04-22,50000,60,REP073
3513,Fictional Outlet 03513,North,Traditional Trade,Medium,2023-05-22,5000,30,REP074
3514,Fictional Outlet 03514,South,Traditional Trade,Medium,2022-12-25,50000,30,REP075
3515,Fictional Outlet 03515,East,Wholesale,Large,2022-03-02,50000,15,REP076
3516,Fictional Outlet 03516,West,Wholesale,Medium,2022-04-03,25000,15,REP077
3517,Fictional Outlet 03517,North,Wholesale,Large,2022-07-17,25000,60,REP078
3518,Fictional Outlet 03518,South,Traditional Trade,Medium,2022-08-02,50000,60,REP079
3519,Fictional Outlet 03519,East,Modern Trade,Small,2023-06-25,10000,45,REP080
3520,Fictional Outlet 03520,West,Traditional Trade,Large,2023-07-02,10000,45,REP001
3521,Fictional Outlet 03521,North,Modern Trade,Small,2023-04-04,5000,30,REP002
3522,Fictional Outlet 03522,South,Wholesale,Small,2023-11-01,10000,15,REP003
3523,Fictional Outlet 03523,East,Ecommerce,Medium,2023-08-30,50000,60,REP004
3524,Fictional Outlet 03524,West,Wholesale,Medium,2022-05-31,25000,15,REP005
3525,Fictional Outlet 03525,North,Modern Trade,Medium,2023-06-30,25000,30,REP006
3526,Fictional Outlet 03526,South,Wholesale,Large,2023-06-26,25000,30,REP007
3527,Fictional Outlet 03527,East,Modern Trade,Medium,2022-03-25,10000,45,REP008
3528,Fictional Outlet 03528,West,Traditional Trade,Small,2023-08-26,50000,15,REP009
3529,Fictional Outlet 03529,North,Wholesale,Medium,2022-10-10,25000,45,REP010
3530,Fictional Outlet 03530,South,Wholesale,Medium,2023-02-19,10000,30,REP011
3531,Fictional Outlet 03531,East,Ecommerce,Small,2023-12-13,25000,45,REP012
3532,Fictional Outlet 03532,West,Traditional Trade,Medium,2022-09-06,50000,60,REP013
3533,Fictional Outlet 03533,North,Wholesale,Small,2023-09-06,25000,60,REP014
3534,Fictional Outlet 03534,South,Modern Trade,Medium,2023-10-31,25000,60,REP015
3535,Fictional Outlet 03535,East,Traditional Trade,Small,2022-05-13,25000,30,REP016
3536,Fictional Outlet 03536,West,Wholesale,Medium,2022-08-01,10000,45,REP017
3537,Fictional Outlet 03537,North,Modern Trade,Medium,2022-05-27,25000,30,REP018
3538,Fictional Outlet 03538,South,Wholesale,Medium,2022-05-07,25000,15,REP019
3539,Fictional Outlet 03539,East,Traditional Trade,Small,2023-03-24,25000,30,REP020
3540,Fictional Outlet 03540,West,Modern Trade,Large,2023-07-27,5000,15,REP021
3541,Fictional Outlet 03541,North,Modern Trade,Small,2023-12-15,5000,30,REP022
3542,Fictional Outlet 03542,South,Traditional Trade,Medium,2023-05-13,5000,60,REP023
3543,Fictional Outlet 03543,East,Modern Trade,Medium,2023-05-12,25000,45,REP024
3544,Fictional Outlet 03544,West,Traditional Trade,Small,2023-11-10,5000,45,REP025
3545,Fictional Outlet 03545,North,Modern Trade,Medium,2022-09-20,10000,45,REP026
3546,Fictional Outlet 03546,South,Wholesale,Large,2022-10-13,5000,15,REP027
3547,Fictional Outlet 03547,East,Traditional Trade,Medium,2023-05-14,25000,60,REP028
3548,Fictional Outlet 03548,West,Traditional Trade,Large,2022-08-09,10000,15,REP029
3549,Fictional Outlet 03549,North,Modern Trade,Medium,2023-11-06,10000,60,REP030
3550,Fictional Outlet 03550,South,Traditional Trade,Small,2022-04-02,5000,45,REP031
3551,Fictional Outlet 03551,East,Traditional Trade,Small,2023-05-07,5000,60,REP032
3552,Fictional Outlet 03552,West,Modern Trade,Small,2022-03-30,10000,30,REP033
3553,Fictional Outlet 03553,North,Wholesale,Medium,2022-05-20,50000,60,REP034
3554,Fictional Outlet 03554,South,Traditional Trade,Small,2022-02-23,25000,60,REP035
3555,Fictional Outlet 03555,East,Wholesale,Small,2022-08-01,50000,15,REP036
3556,Fictional Outlet 03556,West,Traditional Trade,Small,2022-02-23,25000,15,REP037
3557,Fictional Outlet 03557,North,Modern Trade,Small,2022-11-27,50000,60,REP038
3558,Fictional Outlet 03558,South,Traditional Trade,Medium,2023-05-11,25000,15,REP039
3559,Fictional Outlet 03559,East,Traditional Trade,Medium,2022-01-03,10000,45,REP040
3560,Fictional Outlet 03560,West,Traditional Trade,Large,2022-09-07,25000,30,REP041
3561,Fictional Outlet 03561,North,Wholesale,Medium,2023-03-03,5000,30,REP042
3562,Fictional Outlet 03562,South,Traditional Trade,Small,2022-09-12,25000,30,REP043
3563,Fictional Outlet 03563,East,Modern Trade,Large,2022-11-27,50000,45,REP044
3564,Fictional Outlet 03564,West,Traditional Trade,Small,2022-12-23,25000,45,REP045
3565,Fictional Outlet 03565,North,Traditional Trade,Small,2022-08-05,5000,15,REP046
3566,Fictional Outlet 03566,South,Traditional Trade,Large,2023-04-12,50000,15,REP047
3567,Fictional Outlet 03567,East,Modern Trade,Small,2023-10-18,10000,60,REP048
3568,Fictional Outlet 03568,West,Traditional Trade,Medium,2023-05-24,50000,60,REP049
3569,Fictional Outlet 03569,North,Ecommerce,Small,2023-09-21,10000,30,REP050
3570,Fictional Outlet 03570,South,Traditional Trade,Small,2023-05-29,50000,15,REP051
3571,Fictional Outlet 03571,East,Traditional Trade,Large,2023-03-16,50000,60,REP052
3572,Fictional Outlet 03572,West,Traditional Trade,Small,2023-02-19,5000,60,REP053
3573,Fictional Outlet 03573,North,Traditional Trade,Small,2022-11-10,25000,45,REP054
3574,Fictional Outlet 03574,South,Traditional Trade,Medium,2022-05-10,5000,30,REP055
3575,Fictional Outlet 03575,East,Traditional Trade,Small,2023-10-22,25000,30,REP056
3576,Fictional Outlet 03576,West,Ecommerce,Large,2023-09-21,25000,30,REP057
3577,Fictional Outlet 03577,North,Traditional Trade,Medium,2022-07-22,25000,15,REP058
3578,Fictional Outlet 03578,South,Traditional Trade,Medium,2022-10-16,5000,15,REP059
3579,Fictional Outlet 03579,East,Traditional Trade,Medium,2022-01-05,10000,15,REP060
3580,Fictional Outlet 03580,West,Modern Trade,Medium,2022-04-20,50000,45,REP061
3581,Fictional Outlet 03581,North,Traditional Trade,Large,2022-04-25,5000,45,REP062
3582,Fictional Outlet 03582,South,Traditional Trade,Medium,2023-07-02,5000,60,REP063
3583,Fictional Outlet 03583,East,Modern Trade,Small,2022-07-22,10000,60,REP064
3584,Fictional Outlet 03584,West,Wholesale,Medium,2022-02-15,50000,45,REP065
3585,Fictional Outlet 03585,North,Wholesale,Medium,2023-12-08,10000,60,REP066
3586,Fictional Outlet 03586,South,Traditional Trade,Large,2022-12-31,10000,60,REP067
3587,Fictional Outlet 03587,East,Wholesale,Large,2022-11-18,5000,30,REP068
3588,Fictional Outlet 03588,West,Traditional Trade,Medium,2022-02-06,25000,45,REP069
3589,Fictional Outlet 03589,North, TRADITIONAL TRADE ,Medium,2022-01-12,10000,60,REP070
3590,Fictional Outlet 03590,South,Traditional Trade,Medium,2023-11-30,50000,15,REP071
3591,Fictional Outlet 03591,East,Traditional Trade,Large,2023-02-26,25000,15,REP072
3592,Fictional Outlet 03592,West,Traditional Trade,Medium,2022-02-25,25000,30,REP073
3593,Fictional Outlet 03593,North,Ecommerce,Medium,2022-02-22,25000,15,REP074
3594,Fictional Outlet 03594,South,Traditional Trade,Large,2023-10-25,10000,30,REP075
3595,Fictional Outlet 03595,East,Traditional Trade,Small,2023-05-26,5000,15,REP076
3596,Fictional Outlet 03596,West,Traditional Trade,Large,2023-02-08,5000,60,REP077
3597,Fictional Outlet 03597,North,Traditional Trade,Small,2022-08-16,50000,30,REP078
3598,Fictional Outlet 03598,South,Modern Trade,Large,2022-05-29,5000,30,REP079
3599,Fictional Outlet 03599,East,Wholesale,Small,2023-02-26,5000,45,REP080
3600,Fictional Outlet 03600,West,Traditional Trade,Medium,2022-05-09,25000,45,REP001
3601,Fictional Outlet 03601,North,Traditional Trade,Small,2022-10-08,50000,30,REP002
3602,Fictional Outlet 03602,South,Traditional Trade,Medium,2023-02-04,10000,60,REP003
3603,Fictional Outlet 03603,East,Traditional Trade,Large,2023-09-22,50000,60,REP004
3604,Fictional Outlet 03604,West,Wholesale,Large,2023-08-31,25000,60,REP005
3605,Fictional Outlet 03605,North,Traditional Trade,Medium,2022-03-03,10000,45,REP006
3606,Fictional Outlet 03606,South,Traditional Trade,Large,2022-04-29,5000,30,REP007
3607,Fictional Outlet 03607,East,Traditional Trade,Small,2023-05-16,5000,15,REP008
3608,Fictional Outlet 03608,West,Traditional Trade,Medium,2023-05-11,25000,45,REP009
3609,Fictional Outlet 03609,North,Ecommerce,Large,2022-02-23,25000,15,REP010
3610,Fictional Outlet 03610,South,Traditional Trade,Medium,2022-09-08,10000,60,REP011
3611,Fictional Outlet 03611,East,Wholesale,Medium,2022-08-04,25000,30,REP012
3612,Fictional Outlet 03612,West,Wholesale,Medium,2023-09-09,25000,30,REP013
3613,Fictional Outlet 03613,North,Traditional Trade,Large,2023-05-08,10000,60,REP014
3614,Fictional Outlet 03614,South,Traditional Trade,Small,2023-02-20,5000,45,REP015
3615,Fictional Outlet 03615,East,Traditional Trade,Large,2023-07-17,25000,45,REP016
3616,Fictional Outlet 03616,West,Modern Trade,Large,2023-06-23,5000,30,
3617,Fictional Outlet 03617,North,Traditional Trade,Medium,2023-03-25,50000,30,REP018
3618,Fictional Outlet 03618,South,Wholesale,Small,2022-11-05,50000,30,REP019
3619,Fictional Outlet 03619,East,Traditional Trade,Medium,2023-01-15,10000,45,REP020
3620,Fictional Outlet 03620,West,Traditional Trade,Small,2022-02-15,50000,30,REP021
3621,Fictional Outlet 03621,North,Traditional Trade,Medium,2023-08-09,10000,60,REP022
3622,Fictional Outlet 03622,South,Ecommerce,Small,2022-03-22,25000,15,REP023
3623,Fictional Outlet 03623,East,Ecommerce,Small,2022-04-23,10000,15,REP024
3624,Fictional Outlet 03624,West,Traditional Trade,Large,2023-06-10,5000,15,REP025
3625,Fictional Outlet 03625,North,Modern Trade,Medium,2022-11-28,10000,45,REP026
3626,Fictional Outlet 03626,South,Modern Trade,Large,2023-11-21,5000,30,REP027
3627,Fictional Outlet 03627,East,Ecommerce,Medium,2023-07-20,10000,15,REP028
3628,Fictional Outlet 03628,West,Ecommerce,Large,2023-07-04,50000,45,REP029
3629,Fictional Outlet 03629,North,Traditional Trade,Small,2022-03-18,5000,15,REP030
3630,Fictional Outlet 03630,South,Ecommerce,Medium,2022-02-17,50000,30,REP031
3631,Fictional Outlet 03631,East,Traditional Trade,Small,2022-04-23,10000,30,REP032
3632,Fictional Outlet 03632,West,Wholesale,Large,2023-08-27,10000,60,REP033
3633,Fictional Outlet 03633,North,Traditional Trade,Medium,2022-02-09,50000,15,REP034
3634,Fictional Outlet 03634,South,Traditional Trade,Small,2022-04-22,50000,15,REP035
3635,Fictional Outlet 03635,East,Wholesale,Medium,2023-09-06,25000,30,REP036
3636,Fictional Outlet 03636,West,Traditional Trade,Medium,2023-04-29,50000,30,REP037
3637,Fictional Outlet 03637,North,Wholesale,Medium,2022-06-18,5000,30,REP038
3638,Fictional Outlet 03638,South,Traditional Trade,Large,2022-09-18,10000,60,REP039
3639,Fictional Outlet 03639,East,Modern Trade,Medium,2023-02-09,50000,30,REP040
3640,Fictional Outlet 03640,West,Traditional Trade,Medium,2022-09-21,25000,45,REP041
3641,Fictional Outlet 03641,North,Modern Trade,Medium,2022-11-23,10000,15,REP042
3642,Fictional Outlet 03642,South,Traditional Trade,Large,2023-11-08,50000,15,REP043
3643,Fictional Outlet 03643,East,Wholesale,Small,2023-08-13,10000,45,REP044
3644,Fictional Outlet 03644,West,Wholesale,Large,2022-07-19,50000,60,REP045
3645,Fictional Outlet 03645,North,Traditional Trade,Small,2022-09-12,50000,45,REP046
3646,Fictional Outlet 03646,South,Modern Trade,Medium,2022-12-09,10000,15,REP047
3647,Fictional Outlet 03647,East,Traditional Trade,Small,2022-12-09,10000,15,REP048
3648,Fictional Outlet 03648,West,Traditional Trade,Large,2022-07-09,25000,15,REP049
3649,Fictional Outlet 03649,North,Wholesale,Large,2023-01-10,50000,15,REP050
3650,Fictional Outlet 03650,South,Traditional Trade,Small,2022-03-02,5000,15,REP051
3651,Fictional Outlet 03651,East,Traditional Trade,Large,2022-02-14,10000,45,REP052
3652,Fictional Outlet 03652,West,Traditional Trade,Medium,2022-01-22,50000,60,REP053
3653,Fictional Outlet 03653,North,Traditional Trade,Medium,2023-07-07,50000,60,REP054
3654,Fictional Outlet 03654,South,Traditional Trade,Medium,2022-05-20,50000,30,REP055
3655,Fictional Outlet 03655,East,Traditional Trade,Large,2022-12-02,25000,45,REP056
3656,Fictional Outlet 03656,West,Traditional Trade,Small,2023-03-26,25000,45,REP057
3657,Fictional Outlet 03657,North,Traditional Trade,Medium,2022-10-17,10000,45,REP058
3658,Fictional Outlet 03658,South,Traditional Trade,Small,2023-08-14,10000,15,REP059
3659,Fictional Outlet 03659,East,Traditional Trade,Medium,2022-03-09,25000,60,REP060
3660,Fictional Outlet 03660,West,Traditional Trade,Large,2023-11-30,50000,45,REP061
3661,Fictional Outlet 03661,North,Traditional Trade,Large,2023-07-12,50000,60,REP062
3662,Fictional Outlet 03662,South,Ecommerce,Medium,2022-12-08,5000,30,REP063
3663,Fictional Outlet 03663,East,Modern Trade,Large,2023-07-11,50000,30,REP064
3664,Fictional Outlet 03664,West,Wholesale,Large,2023-12-04,10000,45,REP065
3665,Fictional Outlet 03665,North,Traditional Trade,Medium,2023-09-02,10000,15,REP066
3666,Fictional Outlet 03666,South,Modern Trade,Small,2022-11-05,25000,15,REP067
3667,Fictional Outlet 03667,East,Traditional Trade,Medium,2023-09-29,10000,60,REP068
3668,Fictional Outlet 03668,West,Ecommerce,Medium,2023-11-16,50000,60,REP069
3669,Fictional Outlet 03669,North,Traditional Trade,Small,2022-09-11,50000,60,REP070
3670,Fictional Outlet 03670,South,Traditional Trade,Small,2023-11-29,10000,30,REP071
3671,Fictional Outlet 03671,East,Modern Trade,Small,2022-11-08,50000,30,REP072
3672,Fictional Outlet 03672,West,Wholesale,Large,2023-10-09,50000,60,REP073
3673,Fictional Outlet 03673,North,Modern Trade,Large,2022-10-30,25000,15,REP074
3674,Fictional Outlet 03674,South,Modern Trade,Large,2022-01-07,5000,15,REP075
3675,Fictional Outlet 03675,East,Traditional Trade,Small,2023-01-09,10000,45,REP076
3676,Fictional Outlet 03676,West,Traditional Trade,Small,2023-02-08,10000,60,REP077
3677,Fictional Outlet 03677,North,Traditional Trade,Medium,2023-07-01,5000,60,REP078
3678,Fictional Outlet 03678,South,Traditional Trade,Small,2023-05-25,25000,45,REP079
3679,Fictional Outlet 03679,East,Traditional Trade,Medium,2022-01-04,5000,60,REP080
3680,Fictional Outlet 03680,West,Traditional Trade,Medium,2023-07-29,10000,60,REP001
3681,Fictional Outlet 03681,North,Traditional Trade,Large,2023-03-14,50000,15,REP002
3682,Fictional Outlet 03682,South,Modern Trade,Small,2023-06-29,25000,15,REP003
3683,Fictional Outlet 03683,East,Traditional Trade,Large,2023-04-17,25000,60,REP004
3684,Fictional Outlet 03684,West,Modern Trade,Medium,2023-08-24,25000,30,REP005
3685,Fictional Outlet 03685,North,Traditional Trade,Medium,2022-01-24,10000,60,REP006
3686,Fictional Outlet 03686,South, MODERN TRADE ,Medium,2022-08-05,50000,60,REP007
3687,Fictional Outlet 03687,East,Traditional Trade,Medium,2022-02-08,25000,15,REP008
3688,Fictional Outlet 03688,West,Modern Trade,Small,2023-02-11,10000,30,REP009
3689,Fictional Outlet 03689,North,Traditional Trade,Large,2022-08-03,50000,60,REP010
3690,Fictional Outlet 03690,South,Traditional Trade,Large,2022-01-01,50000,60,REP011
3691,Fictional Outlet 03691,East,Traditional Trade,Medium,2023-08-02,50000,60,REP012
3692,Fictional Outlet 03692,West,Modern Trade,Small,2022-01-09,50000,15,REP013
3693,Fictional Outlet 03693,North,Wholesale,Small,2023-04-05,50000,60,REP014
3694,Fictional Outlet 03694,South,Traditional Trade,Small,2022-12-06,5000,45,REP015
3695,Fictional Outlet 03695,East,Modern Trade,Medium,2022-02-19,50000,15,REP016
3696,Fictional Outlet 03696,West,Traditional Trade,Large,2022-04-04,25000,30,REP017
3697,Fictional Outlet 03697,North,Wholesale,Medium,2022-02-05,10000,30,REP018
3698,Fictional Outlet 03698,South,Traditional Trade,Medium,2022-04-11,25000,45,REP019
3699,Fictional Outlet 03699,East,Modern Trade,Medium,2023-01-25,10000,30,REP020
3700,Fictional Outlet 03700,West,Traditional Trade,Small,2022-06-25,25000,45,REP021
3701,Fictional Outlet 03701,North,Traditional Trade,Small,2022-07-06,10000,15,REP022
3702,Fictional Outlet 03702,South,Modern Trade,Small,2022-06-11,50000,15,REP023
3703,Fictional Outlet 03703,East,Modern Trade,Small,2023-12-21,50000,15,REP024
3704,Fictional Outlet 03704,West,Traditional Trade,Small,2022-03-05,10000,30,REP025
3705,Fictional Outlet 03705,North,Traditional Trade,Medium,2022-09-05,5000,45,REP026
3706,Fictional Outlet 03706,South,Modern Trade,Large,2023-08-27,5000,30,REP027
3707,Fictional Outlet 03707,East,Traditional Trade,Small,2022-01-12,5000,60,REP028
3708,Fictional Outlet 03708,West,Wholesale,Small,2022-12-02,50000,30,REP029
3709,Fictional Outlet 03709,North,Ecommerce,Small,2023-01-03,25000,15,REP030
3710,Fictional Outlet 03710,South,Modern Trade,Small,2022-12-12,50000,45,REP031
3711,Fictional Outlet 03711,East,Modern Trade,Large,2022-01-03,50000,45,REP032
3712,Fictional Outlet 03712,West,Wholesale,Small,2023-10-21,10000,30,REP033
3713,Fictional Outlet 03713,North,Traditional Trade,Medium,2023-07-11,25000,30,REP034
3714,Fictional Outlet 03714,South,Ecommerce,Medium,2022-02-11,10000,15,REP035
3715,Fictional Outlet 03715,East,Traditional Trade,Small,2023-08-21,25000,45,REP036
3716,Fictional Outlet 03716,West,Ecommerce,Medium,2022-04-02,5000,60,REP037
3717,Fictional Outlet 03717,North,Modern Trade,Small,2023-11-05,5000,15,REP038
3718,Fictional Outlet 03718,South,Ecommerce,Medium,2023-02-16,25000,60,REP039
3719,Fictional Outlet 03719,East,Ecommerce,Medium,2022-06-21,10000,15,REP040
3720,Fictional Outlet 03720,West,Traditional Trade,Medium,2022-05-30,10000,30,REP041
3721,Fictional Outlet 03721,North,Wholesale,Large,2023-08-25,25000,30,REP042
3722,Fictional Outlet 03722,South,Traditional Trade,Medium,2023-09-15,10000,45,REP043
3723,Fictional Outlet 03723,East,Traditional Trade,Small,2022-10-15,25000,45,REP044
3724,Fictional Outlet 03724,West,Traditional Trade,Small,2022-02-08,50000,45,REP045
3725,Fictional Outlet 03725,North,Traditional Trade,Small,2023-05-08,5000,15,REP046
3726,Fictional Outlet 03726,South,Traditional Trade,Medium,2022-07-21,25000,30,REP047
3727,Fictional Outlet 03727,East,Modern Trade,Medium,2023-10-20,50000,60,REP048
3728,Fictional Outlet 03728,West,Traditional Trade,Medium,2023-04-10,25000,15,REP049
3729,Fictional Outlet 03729,North,Traditional Trade,Small,2023-01-06,5000,45,
3730,Fictional Outlet 03730,South,Traditional Trade,Medium,2023-12-04,10000,60,REP051
3731,Fictional Outlet 03731,East,Wholesale,Large,2022-02-25,10000,45,REP052
3732,Fictional Outlet 03732,West,Modern Trade,Medium,2023-04-20,50000,60,REP053
3733,Fictional Outlet 03733,North,Wholesale,Large,2023-07-26,10000,30,REP054
3734,Fictional Outlet 03734,South,Wholesale,Large,2023-03-16,50000,45,REP055
3735,Fictional Outlet 03735,East,Modern Trade,Large,2022-04-08,10000,30,REP056
3736,Fictional Outlet 03736,West,Traditional Trade,Small,2023-05-10,25000,60,REP057
3737,Fictional Outlet 03737,North,Traditional Trade,Large,2023-01-11,25000,15,REP058
3738,Fictional Outlet 03738,South,Traditional Trade,Large,2023-11-30,25000,30,REP059
3739,Fictional Outlet 03739,East,Traditional Trade,Large,2022-04-11,5000,45,REP060
3740,Fictional Outlet 03740,West,Traditional Trade,Medium,2022-02-14,50000,45,REP061
3741,Fictional Outlet 03741,North,Traditional Trade,Large,2023-01-24,25000,60,REP062
3742,Fictional Outlet 03742,South,Wholesale,Medium,2023-05-29,50000,15,REP063
3743,Fictional Outlet 03743,East,Traditional Trade,Small,2022-10-24,5000,15,REP064
3744,Fictional Outlet 03744,West,Traditional Trade,Medium,2022-06-18,50000,60,REP065
3745,Fictional Outlet 03745,North,Traditional Trade,Large,2022-09-08,50000,45,REP066
3746,Fictional Outlet 03746,South,Traditional Trade,Small,2023-11-09,10000,60,REP067
3747,Fictional Outlet 03747,East,Traditional Trade,Large,2022-06-25,5000,45,REP068
3748,Fictional Outlet 03748,West,Wholesale,Large,2023-10-28,25000,15,REP069
3749,Fictional Outlet 03749,North,Wholesale,Medium,2022-02-08,25000,60,REP070
3750,Fictional Outlet 03750,South,Traditional Trade,Small,2023-04-02,5000,45,REP071
3751,Fictional Outlet 03751,East,Modern Trade,Medium,2022-11-02,25000,60,REP072
3752,Fictional Outlet 03752,West,Traditional Trade,Large,2022-07-20,10000,45,REP073
3753,Fictional Outlet 03753,North,Traditional Trade,Small,2023-11-16,25000,15,REP074
3754,Fictional Outlet 03754,South,Traditional Trade,Small,2023-09-18,50000,15,REP075
3755,Fictional Outlet 03755,East,Traditional Trade,Small,2023-08-25,50000,30,REP076
3756,Fictional Outlet 03756,West,Traditional Trade,Large,2022-10-07,50000,60,REP077
3757,Fictional Outlet 03757,North,Traditional Trade,Small,2023-04-21,10000,15,REP078
3758,Fictional Outlet 03758,South,Traditional Trade,Medium,2022-08-15,50000,45,REP079
3759,Fictional Outlet 03759,East,Modern Trade,Medium,2023-11-15,25000,45,REP080
3760,Fictional Outlet 03760,West,Wholesale,Medium,2022-02-20,10000,45,REP001
3761,Fictional Outlet 03761,North,Modern Trade,Small,2023-04-21,10000,15,REP002
3762,Fictional Outlet 03762,South,Ecommerce,Medium,2023-03-21,10000,30,REP003
3763,Fictional Outlet 03763,East,Traditional Trade,Small,2023-12-15,10000,15,REP004
3764,Fictional Outlet 03764,West,Traditional Trade,Small,2023-08-30,25000,60,REP005
3765,Fictional Outlet 03765,North,Modern Trade,Small,2023-02-24,25000,30,REP006
3766,Fictional Outlet 03766,South,Traditional Trade,Medium,2022-04-21,25000,60,REP007
3767,Fictional Outlet 03767,East,Wholesale,Medium,2022-05-07,10000,45,REP008
3768,Fictional Outlet 03768,West,Wholesale,Large,2023-12-11,10000,15,REP009
3769,Fictional Outlet 03769,North,Wholesale,Medium,2023-08-23,25000,60,REP010
3770,Fictional Outlet 03770,South,Wholesale,Medium,2023-06-20,5000,45,REP011
3771,Fictional Outlet 03771,East,Modern Trade,Medium,2023-07-02,10000,45,REP012
3772,Fictional Outlet 03772,West,Traditional Trade,Large,2023-07-07,50000,15,REP013
3773,Fictional Outlet 03773,North,Traditional Trade,Large,2022-10-17,5000,15,REP014
3774,Fictional Outlet 03774,South,Ecommerce,Small,2022-05-30,5000,60,REP015
3775,Fictional Outlet 03775,East,Traditional Trade,Small,2022-06-14,25000,45,REP016
3776,Fictional Outlet 03776,West,Traditional Trade,Large,2022-08-29,10000,30,REP017
3777,Fictional Outlet 03777,North,Traditional Trade,Medium,2022-05-31,5000,15,REP018
3778,Fictional Outlet 03778,South,Traditional Trade,Medium,2023-06-25,50000,30,REP019
3779,Fictional Outlet 03779,East,Modern Trade,Small,2022-03-25,25000,15,REP020
3780,Fictional Outlet 03780,West,Modern Trade,Small,2023-03-26,10000,45,REP021
3781,Fictional Outlet 03781,North,Ecommerce,Small,2022-11-23,5000,45,REP022
3782,Fictional Outlet 03782,South,Modern Trade,Medium,2022-12-11,5000,60,REP023
3783,Fictional Outlet 03783,East, TRADITIONAL TRADE ,Large,2023-08-06,5000,45,REP024
3784,Fictional Outlet 03784,West,Traditional Trade,Small,2022-07-28,5000,45,REP025
3785,Fictional Outlet 03785,North,Modern Trade,Large,2023-03-20,5000,60,REP026
3786,Fictional Outlet 03786,South,Traditional Trade,Large,2023-05-16,25000,30,REP027
3787,Fictional Outlet 03787,East,Ecommerce,Medium,2023-09-25,50000,60,REP028
3788,Fictional Outlet 03788,West,Traditional Trade,Large,2022-07-18,25000,30,REP029
3789,Fictional Outlet 03789,North,Wholesale,Small,2023-03-27,5000,30,REP030
3790,Fictional Outlet 03790,South,Wholesale,Medium,2022-11-26,5000,15,REP031
3791,Fictional Outlet 03791,East,Traditional Trade,Large,2022-03-05,25000,45,REP032
3792,Fictional Outlet 03792,West,Traditional Trade,Large,2023-09-24,25000,45,REP033
3793,Fictional Outlet 03793,North,Modern Trade,Small,2022-06-14,25000,60,REP034
3794,Fictional Outlet 03794,South,Modern Trade,Medium,2023-12-11,5000,15,REP035
3795,Fictional Outlet 03795,East,Traditional Trade,Small,2023-03-04,25000,45,REP036
3796,Fictional Outlet 03796,West,Wholesale,Large,2023-10-18,5000,15,REP037
3797,Fictional Outlet 03797,North,Modern Trade,Medium,2023-01-14,5000,45,REP038
3798,Fictional Outlet 03798,South,Traditional Trade,Medium,2022-12-17,10000,30,REP039
3799,Fictional Outlet 03799,East,Traditional Trade,Small,2022-01-30,5000,30,REP040
3800,Fictional Outlet 03800,West,Modern Trade,Medium,2023-09-23,25000,15,REP041
3801,Fictional Outlet 03801,North,Traditional Trade,Large,2023-06-12,10000,60,REP042
3802,Fictional Outlet 03802,South,Wholesale,Large,2023-10-12,25000,30,REP043
3803,Fictional Outlet 03803,East,Traditional Trade,Large,2022-11-16,10000,30,REP044
3804,Fictional Outlet 03804,West,Traditional Trade,Medium,2023-05-12,5000,15,REP045
3805,Fictional Outlet 03805,North,Traditional Trade,Small,2023-11-23,10000,60,REP046
3806,Fictional Outlet 03806,South,Traditional Trade,Small,2023-11-14,5000,45,REP047
3807,Fictional Outlet 03807,East,Modern Trade,Small,2022-05-30,50000,15,REP048
3808,Fictional Outlet 03808,West,Traditional Trade,Medium,2022-09-04,50000,45,REP049
3809,Fictional Outlet 03809,North,Traditional Trade,Large,2023-08-31,5000,60,REP050
3810,Fictional Outlet 03810,South,Traditional Trade,Medium,2022-03-12,50000,15,REP051
3811,Fictional Outlet 03811,East,Wholesale,Large,2023-10-08,10000,30,REP052
3812,Fictional Outlet 03812,West,Modern Trade,Medium,2023-03-02,25000,30,REP053
3813,Fictional Outlet 03813,North,Traditional Trade,Small,2023-08-26,25000,30,REP054
3814,Fictional Outlet 03814,South,Wholesale,Medium,2023-10-03,25000,60,REP055
3815,Fictional Outlet 03815,East,Traditional Trade,Small,2023-01-04,5000,45,REP056
3816,Fictional Outlet 03816,West,Traditional Trade,Large,2022-06-07,10000,45,REP057
3817,Fictional Outlet 03817,North,Traditional Trade,Small,2023-05-04,5000,45,REP058
3818,Fictional Outlet 03818,South,Wholesale,Medium,2023-07-10,25000,45,REP059
3819,Fictional Outlet 03819,East,Traditional Trade,Small,2023-10-17,5000,45,REP060
3820,Fictional Outlet 03820,West,Traditional Trade,Small,2023-06-27,25000,45,REP061
3821,Fictional Outlet 03821,North,Wholesale,Large,2022-12-23,5000,30,REP062
3822,Fictional Outlet 03822,South,Wholesale,Medium,2023-11-18,5000,60,REP063
3823,Fictional Outlet 03823,East,Traditional Trade,Large,2023-12-27,5000,45,REP064
3824,Fictional Outlet 03824,West,Traditional Trade,Large,2022-02-21,5000,45,REP065
3825,Fictional Outlet 03825,North,Traditional Trade,Medium,2023-11-15,10000,15,REP066
3826,Fictional Outlet 03826,South,Wholesale,Small,2023-03-26,25000,15,REP067
3827,Fictional Outlet 03827,East,Traditional Trade,Small,2022-05-16,25000,30,REP068
3828,Fictional Outlet 03828,West,Wholesale,Large,2023-09-08,25000,15,REP069
3829,Fictional Outlet 03829,North,Traditional Trade,Small,2023-08-03,25000,30,REP070
3830,Fictional Outlet 03830,South,Modern Trade,Small,2022-03-06,50000,60,REP071
3831,Fictional Outlet 03831,East,Traditional Trade,Large,2022-11-28,10000,15,REP072
3832,Fictional Outlet 03832,West,Traditional Trade,Medium,2022-04-19,25000,15,REP073
3833,Fictional Outlet 03833,North,Wholesale,Medium,2023-12-16,5000,15,REP074
3834,Fictional Outlet 03834,South,Modern Trade,Small,2023-08-30,10000,45,REP075
3835,Fictional Outlet 03835,East,Traditional Trade,Small,2023-01-24,50000,15,REP076
3836,Fictional Outlet 03836,West,Wholesale,Small,2023-03-15,50000,30,REP077
3837,Fictional Outlet 03837,North,Traditional Trade,Large,2023-12-14,50000,15,REP078
3838,Fictional Outlet 03838,South,Traditional Trade,Small,2023-05-03,25000,45,REP079
3839,Fictional Outlet 03839,East,Wholesale,Large,2023-02-17,10000,15,REP080
3840,Fictional Outlet 03840,West,Modern Trade,Small,2022-01-26,10000,60,REP001
3841,Fictional Outlet 03841,North,Traditional Trade,Large,2022-10-04,50000,15,REP002
3842,Fictional Outlet 03842,South,Modern Trade,Small,2023-08-06,10000,60,
3843,Fictional Outlet 03843,East,Traditional Trade,Small,2023-06-07,5000,60,REP004
3844,Fictional Outlet 03844,West,Ecommerce,Medium,2023-12-27,5000,15,REP005
3845,Fictional Outlet 03845,North,Wholesale,Small,2023-04-16,50000,30,REP006
3846,Fictional Outlet 03846,South,Wholesale,Large,2022-05-05,50000,60,REP007
3847,Fictional Outlet 03847,East,Traditional Trade,Small,2022-04-01,50000,60,REP008
3848,Fictional Outlet 03848,West,Traditional Trade,Small,2023-11-22,5000,30,REP009
3849,Fictional Outlet 03849,North,Traditional Trade,Large,2023-08-20,25000,15,REP010
3850,Fictional Outlet 03850,South,Modern Trade,Medium,2022-07-09,10000,15,REP011
3851,Fictional Outlet 03851,East,Traditional Trade,Small,2022-04-29,25000,45,REP012
3852,Fictional Outlet 03852,West,Traditional Trade,Small,2022-10-04,50000,15,REP013
3853,Fictional Outlet 03853,North,Traditional Trade,Small,2022-04-27,5000,60,REP014
3854,Fictional Outlet 03854,South,Traditional Trade,Small,2022-06-27,10000,45,REP015
3855,Fictional Outlet 03855,East,Modern Trade,Medium,2022-01-29,50000,60,REP016
3856,Fictional Outlet 03856,West,Traditional Trade,Large,2023-04-10,50000,45,REP017
3857,Fictional Outlet 03857,North,Wholesale,Large,2023-08-14,10000,45,REP018
3858,Fictional Outlet 03858,South,Traditional Trade,Small,2023-05-03,25000,60,REP019
3859,Fictional Outlet 03859,East,Traditional Trade,Small,2022-10-05,25000,60,REP020
3860,Fictional Outlet 03860,West,Traditional Trade,Large,2022-03-30,10000,30,REP021
3861,Fictional Outlet 03861,North,Traditional Trade,Large,2023-07-08,5000,60,REP022
3862,Fictional Outlet 03862,South,Traditional Trade,Small,2023-12-31,25000,15,REP023
3863,Fictional Outlet 03863,East,Traditional Trade,Medium,2023-06-07,50000,45,REP024
3864,Fictional Outlet 03864,West,Modern Trade,Small,2022-03-14,50000,30,REP025
3865,Fictional Outlet 03865,North,Traditional Trade,Small,2023-09-03,10000,15,REP026
3866,Fictional Outlet 03866,South,Traditional Trade,Medium,2023-11-30,50000,30,REP027
3867,Fictional Outlet 03867,East,Ecommerce,Medium,2023-05-03,10000,30,REP028
3868,Fictional Outlet 03868,West,Traditional Trade,Large,2022-02-24,10000,60,REP029
3869,Fictional Outlet 03869,North,Traditional Trade,Small,2023-01-14,50000,15,REP030
3870,Fictional Outlet 03870,South,Traditional Trade,Medium,2022-11-05,10000,60,REP031
3871,Fictional Outlet 03871,East,Traditional Trade,Small,2022-02-28,5000,45,REP032
3872,Fictional Outlet 03872,West,Traditional Trade,Small,2023-09-16,5000,45,REP033
3873,Fictional Outlet 03873,North,Traditional Trade,Medium,2023-03-05,5000,60,REP034
3874,Fictional Outlet 03874,South,Traditional Trade,Large,2022-08-23,25000,60,REP035
3875,Fictional Outlet 03875,East,Wholesale,Medium,2022-12-26,10000,30,REP036
3876,Fictional Outlet 03876,West,Traditional Trade,Large,2022-05-22,25000,15,REP037
3877,Fictional Outlet 03877,North,Traditional Trade,Large,2022-03-08,25000,45,REP038
3878,Fictional Outlet 03878,South,Wholesale,Medium,2023-12-31,10000,30,REP039
3879,Fictional Outlet 03879,East,Ecommerce,Large,2023-10-28,10000,60,REP040
3880,Fictional Outlet 03880,West, TRADITIONAL TRADE ,Large,2022-02-17,5000,60,REP041
3881,Fictional Outlet 03881,North,Modern Trade,Large,2023-01-21,50000,60,REP042
3882,Fictional Outlet 03882,South,Modern Trade,Small,2023-12-18,50000,60,REP043
3883,Fictional Outlet 03883,East,Wholesale,Medium,2023-02-28,50000,60,REP044
3884,Fictional Outlet 03884,West,Traditional Trade,Large,2023-09-02,10000,15,REP045
3885,Fictional Outlet 03885,North,Wholesale,Large,2022-01-15,5000,45,REP046
3886,Fictional Outlet 03886,South,Traditional Trade,Large,2022-01-23,25000,45,REP047
3887,Fictional Outlet 03887,East,Traditional Trade,Large,2022-09-09,25000,30,REP048
3888,Fictional Outlet 03888,West,Ecommerce,Medium,2023-11-18,5000,30,REP049
3889,Fictional Outlet 03889,North,Traditional Trade,Small,2023-08-15,25000,45,REP050
3890,Fictional Outlet 03890,South,Traditional Trade,Large,2022-05-15,25000,45,REP051
3891,Fictional Outlet 03891,East,Traditional Trade,Small,2023-07-22,10000,60,REP052
3892,Fictional Outlet 03892,West,Wholesale,Large,2022-03-06,25000,30,REP053
3893,Fictional Outlet 03893,North,Wholesale,Small,2022-03-05,10000,30,REP054
3894,Fictional Outlet 03894,South,Traditional Trade,Medium,2022-09-23,25000,45,REP055
3895,Fictional Outlet 03895,East,Traditional Trade,Medium,2023-03-15,50000,15,REP056
3896,Fictional Outlet 03896,West,Traditional Trade,Small,2023-10-25,5000,60,REP057
3897,Fictional Outlet 03897,North,Traditional Trade,Small,2023-08-20,25000,30,REP058
3898,Fictional Outlet 03898,South,Traditional Trade,Small,2022-06-20,25000,15,REP059
3899,Fictional Outlet 03899,East,Traditional Trade,Medium,2023-04-10,50000,45,REP060
3900,Fictional Outlet 03900,West,Traditional Trade,Medium,2022-07-09,25000,15,REP061
3901,Fictional Outlet 03901,North,Modern Trade,Medium,2022-06-22,50000,60,REP062
3902,Fictional Outlet 03902,South,Traditional Trade,Large,2022-10-24,5000,15,REP063
3903,Fictional Outlet 03903,East,Modern Trade,Medium,2022-12-31,25000,15,REP064
3904,Fictional Outlet 03904,West,Traditional Trade,Large,2023-08-18,25000,45,REP065
3905,Fictional Outlet 03905,North,Modern Trade,Medium,2023-03-06,5000,15,REP066
3906,Fictional Outlet 03906,South,Traditional Trade,Small,2022-12-19,5000,45,REP067
3907,Fictional Outlet 03907,East,Wholesale,Small,2023-03-30,50000,15,REP068
3908,Fictional Outlet 03908,West,Traditional Trade,Large,2022-10-23,25000,15,REP069
3909,Fictional Outlet 03909,North,Modern Trade,Large,2022-06-23,5000,15,REP070
3910,Fictional Outlet 03910,South,Traditional Trade,Medium,2022-11-06,10000,60,REP071
3911,Fictional Outlet 03911,East,Modern Trade,Medium,2022-04-03,25000,45,REP072
3912,Fictional Outlet 03912,West,Traditional Trade,Small,2022-01-22,50000,45,REP073
3913,Fictional Outlet 03913,North,Traditional Trade,Large,2023-07-20,5000,60,REP074
3914,Fictional Outlet 03914,South,Traditional Trade,Medium,2023-08-16,5000,60,REP075
3915,Fictional Outlet 03915,East,Modern Trade,Medium,2022-10-26,50000,30,REP076
3916,Fictional Outlet 03916,West,Wholesale,Small,2022-03-14,5000,15,REP077
3917,Fictional Outlet 03917,North,Wholesale,Medium,2022-03-22,10000,60,REP078
3918,Fictional Outlet 03918,South,Modern Trade,Large,2023-04-06,25000,45,REP079
3919,Fictional Outlet 03919,East,Traditional Trade,Large,2023-06-12,5000,45,REP080
3920,Fictional Outlet 03920,West,Ecommerce,Small,2023-09-23,10000,45,REP001
3921,Fictional Outlet 03921,North,Traditional Trade,Small,2023-05-10,5000,45,REP002
3922,Fictional Outlet 03922,South,Traditional Trade,Large,2022-09-17,50000,60,REP003
3923,Fictional Outlet 03923,East,Traditional Trade,Medium,2022-06-29,10000,45,REP004
3924,Fictional Outlet 03924,West,Traditional Trade,Medium,2022-12-07,10000,60,REP005
3925,Fictional Outlet 03925,North,Ecommerce,Small,2022-11-18,5000,15,REP006
3926,Fictional Outlet 03926,South,Modern Trade,Medium,2023-09-08,25000,15,REP007
3927,Fictional Outlet 03927,East,Wholesale,Small,2022-05-21,25000,15,REP008
3928,Fictional Outlet 03928,West,Traditional Trade,Large,2023-02-27,50000,60,REP009
3929,Fictional Outlet 03929,North,Traditional Trade,Large,2022-09-17,5000,30,REP010
3930,Fictional Outlet 03930,South,Traditional Trade,Large,2023-02-22,10000,30,REP011
3931,Fictional Outlet 03931,East,Modern Trade,Large,2022-02-03,25000,45,REP012
3932,Fictional Outlet 03932,West,Modern Trade,Large,2023-05-04,50000,30,REP013
3933,Fictional Outlet 03933,North,Wholesale,Small,2022-06-11,5000,15,REP014
3934,Fictional Outlet 03934,South,Traditional Trade,Large,2023-11-25,50000,45,REP015
3935,Fictional Outlet 03935,East,Modern Trade,Large,2022-01-22,5000,60,REP016
3936,Fictional Outlet 03936,West,Modern Trade,Medium,2022-12-30,5000,45,REP017
3937,Fictional Outlet 03937,North,Ecommerce,Small,2022-03-11,5000,30,REP018
3938,Fictional Outlet 03938,South,Traditional Trade,Small,2023-08-08,5000,30,REP019
3939,Fictional Outlet 03939,East,Wholesale,Small,2022-01-01,10000,30,REP020
3940,Fictional Outlet 03940,West,Wholesale,Large,2022-02-09,5000,30,REP021
3941,Fictional Outlet 03941,North,Wholesale,Large,2022-12-29,25000,30,REP022
3942,Fictional Outlet 03942,South,Wholesale,Medium,2022-01-24,50000,30,REP023
3943,Fictional Outlet 03943,East,Traditional Trade,Large,2022-04-14,25000,30,REP024
3944,Fictional Outlet 03944,West,Traditional Trade,Large,2022-01-19,5000,30,REP025
3945,Fictional Outlet 03945,North,Traditional Trade,Small,2023-11-12,50000,45,REP026
3946,Fictional Outlet 03946,South,Traditional Trade,Small,2022-02-19,10000,45,REP027
3947,Fictional Outlet 03947,East,Traditional Trade,Medium,2023-10-25,50000,45,REP028
3948,Fictional Outlet 03948,West,Traditional Trade,Medium,2023-03-08,5000,60,REP029
3949,Fictional Outlet 03949,North,Traditional Trade,Small,2022-08-11,50000,30,REP030
3950,Fictional Outlet 03950,South,Traditional Trade,Small,2023-12-23,10000,45,REP031
3951,Fictional Outlet 03951,East,Wholesale,Large,2022-12-05,25000,60,REP032
3952,Fictional Outlet 03952,West,Traditional Trade,Large,2022-08-12,5000,30,REP033
3953,Fictional Outlet 03953,North,Traditional Trade,Medium,2023-12-09,5000,45,REP034
3954,Fictional Outlet 03954,South,Traditional Trade,Large,2023-07-02,10000,15,REP035
3955,Fictional Outlet 03955,East,Traditional Trade,Small,2023-12-14,10000,45,
3956,Fictional Outlet 03956,West,Modern Trade,Medium,2022-05-03,50000,15,REP037
3957,Fictional Outlet 03957,North,Traditional Trade,Medium,2022-06-22,50000,30,REP038
3958,Fictional Outlet 03958,South,Traditional Trade,Medium,2022-01-14,50000,45,REP039
3959,Fictional Outlet 03959,East,Traditional Trade,Small,2023-04-30,50000,15,REP040
3960,Fictional Outlet 03960,West,Wholesale,Small,2022-06-27,10000,45,REP041
3961,Fictional Outlet 03961,North,Traditional Trade,Small,2023-03-24,25000,45,REP042
3962,Fictional Outlet 03962,South,Traditional Trade,Medium,2023-02-05,5000,30,REP043
3963,Fictional Outlet 03963,East,Traditional Trade,Medium,2022-01-27,5000,45,REP044
3964,Fictional Outlet 03964,West,Traditional Trade,Small,2023-01-31,50000,45,REP045
3965,Fictional Outlet 03965,North,Traditional Trade,Small,2022-04-02,10000,60,REP046
3966,Fictional Outlet 03966,South,Traditional Trade,Medium,2022-04-27,25000,30,REP047
3967,Fictional Outlet 03967,East,Traditional Trade,Medium,2022-10-01,50000,15,REP048
3968,Fictional Outlet 03968,West,Traditional Trade,Small,2022-01-19,50000,15,REP049
3969,Fictional Outlet 03969,North,Traditional Trade,Medium,2022-12-25,10000,30,REP050
3970,Fictional Outlet 03970,South,Modern Trade,Large,2022-07-26,5000,60,REP051
3971,Fictional Outlet 03971,East,Wholesale,Large,2023-02-15,10000,30,REP052
3972,Fictional Outlet 03972,West,Traditional Trade,Medium,2023-02-28,50000,60,REP053
3973,Fictional Outlet 03973,North,Wholesale,Small,2023-12-27,5000,30,REP054
3974,Fictional Outlet 03974,South,Traditional Trade,Large,2023-12-09,10000,60,REP055
3975,Fictional Outlet 03975,East,Traditional Trade,Medium,2023-08-11,25000,30,REP056
3976,Fictional Outlet 03976,West,Wholesale,Medium,2022-06-02,5000,30,REP057
3977,Fictional Outlet 03977,North, WHOLESALE ,Large,2022-10-21,25000,60,REP058
3978,Fictional Outlet 03978,South,Modern Trade,Large,2022-05-29,10000,60,REP059
3979,Fictional Outlet 03979,East,Modern Trade,Small,2023-11-23,10000,15,REP060
3980,Fictional Outlet 03980,West,Modern Trade,Medium,2023-06-22,25000,60,REP061
3981,Fictional Outlet 03981,North,Traditional Trade,Medium,2022-12-05,5000,15,REP062
3982,Fictional Outlet 03982,South,Traditional Trade,Large,2022-01-01,5000,60,REP063
3983,Fictional Outlet 03983,East,Wholesale,Large,2022-06-17,50000,30,REP064
3984,Fictional Outlet 03984,West,Ecommerce,Small,2022-02-14,10000,45,REP065
3985,Fictional Outlet 03985,North,Modern Trade,Medium,2023-12-24,50000,45,REP066
3986,Fictional Outlet 03986,South,Traditional Trade,Small,2022-02-14,10000,15,REP067
3987,Fictional Outlet 03987,East,Traditional Trade,Small,2023-12-22,25000,60,REP068
3988,Fictional Outlet 03988,West,Traditional Trade,Large,2022-12-05,10000,15,REP069
3989,Fictional Outlet 03989,North,Modern Trade,Large,2023-12-22,5000,60,REP070
3990,Fictional Outlet 03990,South,Traditional Trade,Medium,2022-10-23,5000,45,REP071
3991,Fictional Outlet 03991,East,Modern Trade,Large,2022-06-25,25000,45,REP072
3992,Fictional Outlet 03992,West,Traditional Trade,Small,2023-05-21,50000,60,REP073
3993,Fictional Outlet 03993,North,Traditional Trade,Small,2023-12-20,5000,30,REP074
3994,Fictional Outlet 03994,South,Traditional Trade,Small,2022-08-06,25000,15,REP075
3995,Fictional Outlet 03995,East,Traditional Trade,Large,2023-09-23,50000,45,REP076
3996,Fictional Outlet 03996,West,Traditional Trade,Medium,2022-05-03,50000,45,REP077
3997,Fictional Outlet 03997,North,Traditional Trade,Large,2022-05-16,10000,15,REP078
3998,Fictional Outlet 03998,South,Traditional Trade,Large,2022-01-29,5000,45,REP079
3999,Fictional Outlet 03999,East,Traditional Trade,Medium,2022-04-04,10000,30,REP080
4000,Fictional Outlet 04000,West,Traditional Trade,Medium,2023-07-31,10000,15,REP001
4001,Fictional Outlet 04001,North,Traditional Trade,Large,2022-03-09,50000,15,REP002
4002,Fictional Outlet 04002,South,Wholesale,Small,2023-01-16,5000,60,REP003
4003,Fictional Outlet 04003,East,Wholesale,Medium,2023-01-13,10000,30,REP004
4004,Fictional Outlet 04004,West,Modern Trade,Medium,2022-12-05,10000,30,REP005
4005,Fictional Outlet 04005,North,Traditional Trade,Large,2022-03-24,25000,45,REP006
4006,Fictional Outlet 04006,South,Traditional Trade,Large,2022-06-17,50000,60,REP007
4007,Fictional Outlet 04007,East,Wholesale,Medium,2023-05-29,50000,45,REP008
4008,Fictional Outlet 04008,West,Wholesale,Small,2022-09-20,10000,45,REP009
4009,Fictional Outlet 04009,North,Traditional Trade,Large,2023-12-11,25000,45,REP010
4010,Fictional Outlet 04010,South,Wholesale,Small,2023-02-09,5000,15,REP011
4011,Fictional Outlet 04011,East,Traditional Trade,Large,2022-01-17,50000,60,REP012
4012,Fictional Outlet 04012,West,Wholesale,Small,2023-08-25,25000,60,REP013
4013,Fictional Outlet 04013,North,Traditional Trade,Medium,2023-07-15,50000,45,REP014
4014,Fictional Outlet 04014,South,Traditional Trade,Medium,2022-06-12,50000,30,REP015
4015,Fictional Outlet 04015,East,Wholesale,Large,2023-05-14,5000,30,REP016
4016,Fictional Outlet 04016,West,Traditional Trade,Small,2023-12-28,50000,15,REP017
4017,Fictional Outlet 04017,North,Traditional Trade,Small,2022-09-15,50000,15,REP018
4018,Fictional Outlet 04018,South,Traditional Trade,Medium,2022-05-01,10000,45,REP019
4019,Fictional Outlet 04019,East,Traditional Trade,Medium,2022-06-23,50000,15,REP020
4020,Fictional Outlet 04020,West,Traditional Trade,Large,2023-02-16,50000,60,REP021
4021,Fictional Outlet 04021,North,Traditional Trade,Medium,2023-07-27,25000,45,REP022
4022,Fictional Outlet 04022,South,Traditional Trade,Medium,2022-03-23,50000,60,REP023
4023,Fictional Outlet 04023,East,Traditional Trade,Small,2022-02-10,50000,30,REP024
4024,Fictional Outlet 04024,West,Ecommerce,Small,2023-10-12,25000,45,REP025
4025,Fictional Outlet 04025,North,Wholesale,Large,2023-12-10,5000,30,REP026
4026,Fictional Outlet 04026,South,Traditional Trade,Medium,2023-07-23,50000,15,REP027
4027,Fictional Outlet 04027,East,Traditional Trade,Large,2022-07-29,5000,45,REP028
4028,Fictional Outlet 04028,West,Traditional Trade,Medium,2022-09-06,10000,30,REP029
4029,Fictional Outlet 04029,North,Modern Trade,Medium,2022-11-14,50000,15,REP030
4030,Fictional Outlet 04030,South,Wholesale,Large,2022-04-29,25000,60,REP031
4031,Fictional Outlet 04031,East,Traditional Trade,Large,2023-12-24,25000,30,REP032
4032,Fictional Outlet 04032,West,Modern Trade,Small,2023-04-11,10000,60,REP033
4033,Fictional Outlet 04033,North,Traditional Trade,Large,2022-07-02,50000,15,REP034
4034,Fictional Outlet 04034,South,Modern Trade,Medium,2022-12-27,5000,60,REP035
4035,Fictional Outlet 04035,East,Wholesale,Small,2022-03-17,50000,45,REP036
4036,Fictional Outlet 04036,West,Wholesale,Small,2023-07-19,5000,30,REP037
4037,Fictional Outlet 04037,North,Traditional Trade,Medium,2023-09-05,50000,30,REP038
4038,Fictional Outlet 04038,South,Traditional Trade,Large,2022-05-15,50000,45,REP039
4039,Fictional Outlet 04039,East,Ecommerce,Small,2023-05-15,50000,45,REP040
4040,Fictional Outlet 04040,West,Wholesale,Small,2023-03-27,5000,30,REP041
4041,Fictional Outlet 04041,North,Traditional Trade,Small,2022-06-08,5000,15,REP042
4042,Fictional Outlet 04042,South,Traditional Trade,Small,2023-07-02,25000,45,REP043
4043,Fictional Outlet 04043,East,Traditional Trade,Small,2022-07-21,25000,15,REP044
4044,Fictional Outlet 04044,West,Traditional Trade,Medium,2022-12-28,5000,45,REP045
4045,Fictional Outlet 04045,North,Traditional Trade,Medium,2022-03-30,50000,45,REP046
4046,Fictional Outlet 04046,South,Wholesale,Large,2022-10-21,5000,30,REP047
4047,Fictional Outlet 04047,East,Wholesale,Large,2023-09-19,25000,30,REP048
4048,Fictional Outlet 04048,West,Modern Trade,Small,2022-10-18,50000,60,REP049
4049,Fictional Outlet 04049,North,Traditional Trade,Medium,2023-09-08,50000,60,REP050
4050,Fictional Outlet 04050,South,Traditional Trade,Small,2022-10-06,5000,60,REP051
4051,Fictional Outlet 04051,East,Modern Trade,Medium,2023-03-14,25000,15,REP052
4052,Fictional Outlet 04052,West,Traditional Trade,Large,2022-07-30,25000,45,REP053
4053,Fictional Outlet 04053,North,Traditional Trade,Small,2022-01-10,5000,15,REP054
4054,Fictional Outlet 04054,South,Traditional Trade,Small,2022-06-02,50000,45,REP055
4055,Fictional Outlet 04055,East,Modern Trade,Small,2022-05-07,10000,60,REP056
4056,Fictional Outlet 04056,West,Traditional Trade,Small,2022-03-01,10000,30,REP057
4057,Fictional Outlet 04057,North,Traditional Trade,Small,2023-08-07,10000,30,REP058
4058,Fictional Outlet 04058,South,Traditional Trade,Medium,2022-02-06,10000,60,REP059
4059,Fictional Outlet 04059,East,Modern Trade,Small,2023-03-27,5000,30,REP060
4060,Fictional Outlet 04060,West,Modern Trade,Large,2023-05-02,5000,30,REP061
4061,Fictional Outlet 04061,North,Wholesale,Small,2022-06-29,5000,45,REP062
4062,Fictional Outlet 04062,South,Traditional Trade,Medium,2022-08-26,5000,30,REP063
4063,Fictional Outlet 04063,East,Traditional Trade,Medium,2023-08-14,50000,15,REP064
4064,Fictional Outlet 04064,West,Traditional Trade,Small,2022-07-19,25000,45,REP065
4065,Fictional Outlet 04065,North,Traditional Trade,Small,2023-08-02,5000,30,REP066
4066,Fictional Outlet 04066,South,Traditional Trade,Small,2022-03-21,5000,45,REP067
4067,Fictional Outlet 04067,East,Wholesale,Small,2023-08-12,25000,60,REP068
4068,Fictional Outlet 04068,West,Traditional Trade,Small,2023-07-16,5000,30,
4069,Fictional Outlet 04069,North,Traditional Trade,Large,2023-07-04,10000,30,REP070
4070,Fictional Outlet 04070,South,Modern Trade,Small,2022-08-13,50000,45,REP071
4071,Fictional Outlet 04071,East,Traditional Trade,Medium,2023-10-27,50000,45,REP072
4072,Fictional Outlet 04072,West,Modern Trade,Small,2022-08-08,5000,60,REP073
4073,Fictional Outlet 04073,North,Traditional Trade,Medium,2023-03-06,25000,15,REP074
4074,Fictional Outlet 04074,South, WHOLESALE ,Small,2023-05-04,10000,45,REP075
4075,Fictional Outlet 04075,East,Traditional Trade,Small,2023-01-20,5000,60,REP076
4076,Fictional Outlet 04076,West,Traditional Trade,Medium,2023-01-11,5000,15,REP077
4077,Fictional Outlet 04077,North,Traditional Trade,Medium,2022-01-18,50000,60,REP078
4078,Fictional Outlet 04078,South,Wholesale,Large,2023-03-05,10000,60,REP079
4079,Fictional Outlet 04079,East,Traditional Trade,Small,2022-11-14,25000,45,REP080
4080,Fictional Outlet 04080,West,Traditional Trade,Large,2023-12-02,25000,45,REP001
4081,Fictional Outlet 04081,North,Wholesale,Large,2023-05-02,25000,15,REP002
4082,Fictional Outlet 04082,South,Traditional Trade,Large,2023-12-18,10000,30,REP003
4083,Fictional Outlet 04083,East,Traditional Trade,Small,2023-08-10,10000,60,REP004
4084,Fictional Outlet 04084,West,Wholesale,Small,2022-03-02,10000,30,REP005
4085,Fictional Outlet 04085,North,Modern Trade,Small,2023-04-21,5000,15,REP006
4086,Fictional Outlet 04086,South,Traditional Trade,Small,2022-09-20,5000,15,REP007
4087,Fictional Outlet 04087,East,Wholesale,Medium,2022-11-26,5000,60,REP008
4088,Fictional Outlet 04088,West,Modern Trade,Medium,2022-05-12,5000,15,REP009
4089,Fictional Outlet 04089,North,Traditional Trade,Small,2023-07-10,50000,30,REP010
4090,Fictional Outlet 04090,South,Traditional Trade,Large,2022-11-28,25000,60,REP011
4091,Fictional Outlet 04091,East,Traditional Trade,Large,2022-10-27,10000,30,REP012
4092,Fictional Outlet 04092,West,Traditional Trade,Medium,2022-12-01,10000,60,REP013
4093,Fictional Outlet 04093,North,Modern Trade,Large,2022-06-08,10000,45,REP014
4094,Fictional Outlet 04094,South,Ecommerce,Large,2023-10-31,10000,45,REP015
4095,Fictional Outlet 04095,East,Wholesale,Small,2023-06-03,5000,45,REP016
4096,Fictional Outlet 04096,West,Traditional Trade,Large,2023-04-27,5000,45,REP017
4097,Fictional Outlet 04097,North,Modern Trade,Medium,2022-11-05,50000,30,REP018
4098,Fictional Outlet 04098,South,Traditional Trade,Medium,2023-05-11,5000,15,REP019
4099,Fictional Outlet 04099,East,Traditional Trade,Small,2023-12-26,10000,60,REP020
4100,Fictional Outlet 04100,West,Wholesale,Medium,2023-10-12,10000,30,REP021
4101,Fictional Outlet 04101,North,Wholesale,Large,2023-06-25,25000,15,REP022
4102,Fictional Outlet 04102,South,Traditional Trade,Medium,2022-12-19,25000,45,REP023
4103,Fictional Outlet 04103,East,Modern Trade,Small,2022-07-08,10000,30,REP024
4104,Fictional Outlet 04104,West,Traditional Trade,Large,2022-02-11,25000,60,REP025
4105,Fictional Outlet 04105,North,Modern Trade,Medium,2023-06-05,25000,60,REP026
4106,Fictional Outlet 04106,South,Traditional Trade,Small,2022-03-20,50000,30,REP027
4107,Fictional Outlet 04107,East,Ecommerce,Large,2022-06-20,25000,60,REP028
4108,Fictional Outlet 04108,West,Wholesale,Small,2022-04-11,10000,45,REP029
4109,Fictional Outlet 04109,North,Wholesale,Small,2022-10-08,25000,30,REP030
4110,Fictional Outlet 04110,South,Traditional Trade,Medium,2023-01-19,25000,60,REP031
4111,Fictional Outlet 04111,East,Modern Trade,Medium,2023-02-09,10000,45,REP032
4112,Fictional Outlet 04112,West,Traditional Trade,Small,2022-06-26,25000,45,REP033
4113,Fictional Outlet 04113,North,Traditional Trade,Medium,2023-07-08,5000,30,REP034
4114,Fictional Outlet 04114,South,Wholesale,Small,2023-11-01,50000,15,REP035
4115,Fictional Outlet 04115,East,Traditional Trade,Medium,2023-08-11,5000,15,REP036
4116,Fictional Outlet 04116,West,Traditional Trade,Small,2022-01-01,10000,45,REP037
4117,Fictional Outlet 04117,North,Wholesale,Small,2023-08-24,50000,15,REP038
4118,Fictional Outlet 04118,South,Traditional Trade,Medium,2022-06-06,50000,60,REP039
4119,Fictional Outlet 04119,East,Traditional Trade,Large,2022-02-15,25000,15,REP040
4120,Fictional Outlet 04120,West,Traditional Trade,Large,2022-09-07,10000,60,REP041
4121,Fictional Outlet 04121,North,Traditional Trade,Medium,2022-05-22,10000,45,REP042
4122,Fictional Outlet 04122,South,Traditional Trade,Small,2023-11-25,25000,15,REP043
4123,Fictional Outlet 04123,East,Traditional Trade,Medium,2023-03-25,25000,45,REP044
4124,Fictional Outlet 04124,West,Traditional Trade,Large,2023-04-17,25000,45,REP045
4125,Fictional Outlet 04125,North,Wholesale,Large,2023-06-21,5000,60,REP046
4126,Fictional Outlet 04126,South,Traditional Trade,Medium,2023-05-28,50000,15,REP047
4127,Fictional Outlet 04127,East,Modern Trade,Large,2023-11-29,25000,15,REP048
4128,Fictional Outlet 04128,West,Traditional Trade,Medium,2022-02-24,25000,60,REP049
4129,Fictional Outlet 04129,North,Traditional Trade,Small,2023-02-18,25000,45,REP050
4130,Fictional Outlet 04130,South,Wholesale,Small,2022-07-09,25000,15,REP051
4131,Fictional Outlet 04131,East,Traditional Trade,Small,2022-12-12,50000,30,REP052
4132,Fictional Outlet 04132,West,Traditional Trade,Large,2023-08-04,5000,45,REP053
4133,Fictional Outlet 04133,North,Traditional Trade,Large,2022-01-19,50000,30,REP054
4134,Fictional Outlet 04134,South,Ecommerce,Small,2022-09-14,5000,60,REP055
4135,Fictional Outlet 04135,East,Modern Trade,Medium,2022-07-23,10000,45,REP056
4136,Fictional Outlet 04136,West,Ecommerce,Large,2023-10-19,10000,60,REP057
4137,Fictional Outlet 04137,North,Traditional Trade,Large,2023-09-03,5000,15,REP058
4138,Fictional Outlet 04138,South,Traditional Trade,Large,2022-05-01,10000,45,REP059
4139,Fictional Outlet 04139,East,Modern Trade,Medium,2022-03-04,25000,15,REP060
4140,Fictional Outlet 04140,West,Traditional Trade,Large,2023-04-19,50000,45,REP061
4141,Fictional Outlet 04141,North,Traditional Trade,Small,2022-05-18,25000,30,REP062
4142,Fictional Outlet 04142,South,Wholesale,Medium,2022-12-13,25000,30,REP063
4143,Fictional Outlet 04143,East,Traditional Trade,Small,2022-08-30,10000,15,REP064
4144,Fictional Outlet 04144,West,Traditional Trade,Large,2022-07-29,10000,45,REP065
4145,Fictional Outlet 04145,North,Traditional Trade,Large,2023-09-06,5000,15,REP066
4146,Fictional Outlet 04146,South,Traditional Trade,Small,2022-02-13,50000,30,REP067
4147,Fictional Outlet 04147,East,Modern Trade,Medium,2023-03-04,5000,15,REP068
4148,Fictional Outlet 04148,West,Modern Trade,Large,2022-01-20,5000,15,REP069
4149,Fictional Outlet 04149,North,Traditional Trade,Medium,2022-08-30,5000,45,REP070
4150,Fictional Outlet 04150,South,Modern Trade,Small,2022-09-10,50000,30,REP071
4151,Fictional Outlet 04151,East,Wholesale,Small,2023-04-22,50000,15,REP072
4152,Fictional Outlet 04152,West,Traditional Trade,Large,2022-10-16,10000,30,REP073
4153,Fictional Outlet 04153,North,Wholesale,Large,2023-01-12,25000,30,REP074
4154,Fictional Outlet 04154,South,Wholesale,Medium,2023-06-17,50000,45,REP075
4155,Fictional Outlet 04155,East,Traditional Trade,Medium,2023-06-08,5000,30,REP076
4156,Fictional Outlet 04156,West,Traditional Trade,Medium,2023-03-03,50000,30,REP077
4157,Fictional Outlet 04157,North,Traditional Trade,Large,2022-01-25,50000,30,REP078
4158,Fictional Outlet 04158,South,Traditional Trade,Medium,2022-02-28,50000,45,REP079
4159,Fictional Outlet 04159,East,Modern Trade,Small,2022-11-17,50000,15,REP080
4160,Fictional Outlet 04160,West,Traditional Trade,Large,2022-01-26,25000,15,REP001
4161,Fictional Outlet 04161,North,Wholesale,Small,2022-07-12,25000,15,REP002
4162,Fictional Outlet 04162,South,Traditional Trade,Small,2023-08-20,10000,15,REP003
4163,Fictional Outlet 04163,East,Modern Trade,Small,2023-09-23,25000,15,REP004
4164,Fictional Outlet 04164,West,Traditional Trade,Small,2022-10-15,25000,60,REP005
4165,Fictional Outlet 04165,North,Traditional Trade,Large,2022-01-13,10000,45,REP006
4166,Fictional Outlet 04166,South,Traditional Trade,Medium,2022-01-04,10000,30,REP007
4167,Fictional Outlet 04167,East,Traditional Trade,Small,2023-02-23,25000,60,REP008
4168,Fictional Outlet 04168,West,Traditional Trade,Medium,2022-07-03,5000,45,REP009
4169,Fictional Outlet 04169,North,Traditional Trade,Small,2022-11-27,10000,15,REP010
4170,Fictional Outlet 04170,South,Traditional Trade,Medium,2022-12-03,5000,60,REP011
4171,Fictional Outlet 04171,East, TRADITIONAL TRADE ,Medium,2023-04-28,10000,15,REP012
4172,Fictional Outlet 04172,West,Traditional Trade,Small,2023-07-02,25000,15,REP013
4173,Fictional Outlet 04173,North,Wholesale,Large,2023-09-03,5000,30,REP014
4174,Fictional Outlet 04174,South,Modern Trade,Large,2022-05-24,10000,60,REP015
4175,Fictional Outlet 04175,East,Modern Trade,Medium,2022-10-02,25000,45,REP016
4176,Fictional Outlet 04176,West,Wholesale,Small,2023-04-21,10000,60,REP017
4177,Fictional Outlet 04177,North,Traditional Trade,Small,2023-03-13,5000,30,REP018
4178,Fictional Outlet 04178,South,Wholesale,Large,2023-09-14,5000,45,REP019
4179,Fictional Outlet 04179,East,Wholesale,Large,2023-03-12,10000,30,REP020
4180,Fictional Outlet 04180,West,Wholesale,Medium,2023-11-08,25000,30,REP021
4181,Fictional Outlet 04181,North,Traditional Trade,Small,2022-05-31,5000,45,
4182,Fictional Outlet 04182,South,Traditional Trade,Medium,2023-09-07,5000,45,REP023
4183,Fictional Outlet 04183,East,Traditional Trade,Small,2022-11-12,50000,30,REP024
4184,Fictional Outlet 04184,West,Wholesale,Medium,2022-09-06,50000,60,REP025
4185,Fictional Outlet 04185,North,Modern Trade,Medium,2023-04-10,25000,15,REP026
4186,Fictional Outlet 04186,South,Modern Trade,Large,2022-05-10,5000,15,REP027
4187,Fictional Outlet 04187,East,Traditional Trade,Medium,2023-03-18,25000,45,REP028
4188,Fictional Outlet 04188,West,Traditional Trade,Large,2023-10-13,5000,15,REP029
4189,Fictional Outlet 04189,North,Modern Trade,Small,2023-05-02,10000,30,REP030
4190,Fictional Outlet 04190,South,Traditional Trade,Medium,2022-02-18,25000,60,REP031
4191,Fictional Outlet 04191,East,Modern Trade,Medium,2023-06-07,10000,60,REP032
4192,Fictional Outlet 04192,West,Wholesale,Medium,2022-11-16,25000,30,REP033
4193,Fictional Outlet 04193,North,Ecommerce,Large,2022-02-25,5000,15,REP034
4194,Fictional Outlet 04194,South,Traditional Trade,Large,2022-06-24,10000,30,REP035
4195,Fictional Outlet 04195,East,Traditional Trade,Small,2022-05-21,10000,60,REP036
4196,Fictional Outlet 04196,West,Traditional Trade,Small,2022-09-15,10000,45,REP037
4197,Fictional Outlet 04197,North,Traditional Trade,Large,2023-03-23,10000,60,REP038
4198,Fictional Outlet 04198,South,Modern Trade,Small,2023-03-02,10000,60,REP039
4199,Fictional Outlet 04199,East,Traditional Trade,Large,2022-01-28,50000,15,REP040
4200,Fictional Outlet 04200,West,Traditional Trade,Medium,2022-09-26,5000,45,REP041
4201,Fictional Outlet 04201,North,Wholesale,Small,2023-07-23,10000,30,REP042
4202,Fictional Outlet 04202,South,Traditional Trade,Large,2023-11-25,5000,15,REP043
4203,Fictional Outlet 04203,East,Wholesale,Large,2022-01-06,5000,30,REP044
4204,Fictional Outlet 04204,West,Traditional Trade,Small,2023-04-11,5000,60,REP045
4205,Fictional Outlet 04205,North,Traditional Trade,Large,2022-06-20,5000,60,REP046
4206,Fictional Outlet 04206,South,Traditional Trade,Small,2022-05-13,25000,60,REP047
4207,Fictional Outlet 04207,East,Traditional Trade,Small,2022-02-20,25000,45,REP048
4208,Fictional Outlet 04208,West,Wholesale,Large,2022-05-08,10000,45,REP049
4209,Fictional Outlet 04209,North,Wholesale,Medium,2023-08-20,5000,60,REP050
4210,Fictional Outlet 04210,South,Traditional Trade,Small,2022-01-22,50000,30,REP051
4211,Fictional Outlet 04211,East,Ecommerce,Large,2023-11-25,25000,45,REP052
4212,Fictional Outlet 04212,West,Wholesale,Large,2023-01-23,50000,15,REP053
4213,Fictional Outlet 04213,North,Ecommerce,Large,2023-06-06,25000,45,REP054
4214,Fictional Outlet 04214,South,Ecommerce,Large,2022-03-18,50000,15,REP055
4215,Fictional Outlet 04215,East,Wholesale,Small,2023-03-04,5000,45,REP056
4216,Fictional Outlet 04216,West,Modern Trade,Medium,2022-03-07,50000,30,REP057
4217,Fictional Outlet 04217,North,Modern Trade,Small,2023-05-24,25000,45,REP058
4218,Fictional Outlet 04218,South,Wholesale,Medium,2023-07-26,5000,60,REP059
4219,Fictional Outlet 04219,East,Modern Trade,Small,2022-05-05,25000,15,REP060
4220,Fictional Outlet 04220,West,Modern Trade,Large,2023-10-28,10000,15,REP061
4221,Fictional Outlet 04221,North,Modern Trade,Small,2022-02-12,25000,45,REP062
4222,Fictional Outlet 04222,South,Wholesale,Medium,2023-06-09,5000,60,REP063
4223,Fictional Outlet 04223,East,Traditional Trade,Large,2023-05-01,50000,30,REP064
4224,Fictional Outlet 04224,West,Wholesale,Large,2022-04-05,10000,45,REP065
4225,Fictional Outlet 04225,North,Traditional Trade,Large,2022-08-15,25000,15,REP066
4226,Fictional Outlet 04226,South,Wholesale,Small,2023-09-25,5000,60,REP067
4227,Fictional Outlet 04227,East,Traditional Trade,Small,2023-06-16,25000,30,REP068
4228,Fictional Outlet 04228,West,Modern Trade,Medium,2022-03-25,10000,60,REP069
4229,Fictional Outlet 04229,North,Wholesale,Medium,2022-07-30,5000,45,REP070
4230,Fictional Outlet 04230,South,Ecommerce,Small,2023-05-20,50000,15,REP071
4231,Fictional Outlet 04231,East,Traditional Trade,Medium,2022-05-07,10000,15,REP072
4232,Fictional Outlet 04232,West,Traditional Trade,Large,2023-10-11,5000,60,REP073
4233,Fictional Outlet 04233,North,Modern Trade,Small,2023-09-07,10000,60,REP074
4234,Fictional Outlet 04234,South,Traditional Trade,Medium,2023-01-08,25000,60,REP075
4235,Fictional Outlet 04235,East,Traditional Trade,Medium,2023-12-24,25000,15,REP076
4236,Fictional Outlet 04236,West,Ecommerce,Large,2023-11-03,10000,45,REP077
4237,Fictional Outlet 04237,North,Traditional Trade,Large,2023-03-18,5000,15,REP078
4238,Fictional Outlet 04238,South,Traditional Trade,Large,2022-06-20,50000,45,REP079
4239,Fictional Outlet 04239,East,Ecommerce,Small,2023-05-18,25000,60,REP080
4240,Fictional Outlet 04240,West,Modern Trade,Medium,2022-03-14,25000,30,REP001
4241,Fictional Outlet 04241,North,Traditional Trade,Small,2022-02-24,10000,15,REP002
4242,Fictional Outlet 04242,South,Modern Trade,Large,2022-03-05,25000,15,REP003
4243,Fictional Outlet 04243,East,Traditional Trade,Small,2023-06-13,5000,30,REP004
4244,Fictional Outlet 04244,West,Wholesale,Small,2023-07-13,50000,60,REP005
4245,Fictional Outlet 04245,North,Traditional Trade,Large,2023-10-19,50000,15,REP006
4246,Fictional Outlet 04246,South,Wholesale,Large,2022-08-25,5000,15,REP007
4247,Fictional Outlet 04247,East,Wholesale,Medium,2022-09-28,5000,15,REP008
4248,Fictional Outlet 04248,West,Modern Trade,Medium,2022-12-30,5000,60,REP009
4249,Fictional Outlet 04249,North,Wholesale,Large,2023-01-19,50000,30,REP010
4250,Fictional Outlet 04250,South,Traditional Trade,Small,2023-12-27,10000,45,REP011
4251,Fictional Outlet 04251,East,Traditional Trade,Medium,2023-02-08,5000,30,REP012
4252,Fictional Outlet 04252,West,Traditional Trade,Small,2023-01-13,25000,45,REP013
4253,Fictional Outlet 04253,North,Traditional Trade,Small,2022-08-06,50000,60,REP014
4254,Fictional Outlet 04254,South,Wholesale,Large,2023-02-10,5000,45,REP015
4255,Fictional Outlet 04255,East,Wholesale,Small,2022-03-20,50000,30,REP016
4256,Fictional Outlet 04256,West,Modern Trade,Large,2023-06-07,5000,30,REP017
4257,Fictional Outlet 04257,North,Traditional Trade,Large,2022-10-06,5000,60,REP018
4258,Fictional Outlet 04258,South,Traditional Trade,Large,2022-06-13,25000,45,REP019
4259,Fictional Outlet 04259,East,Modern Trade,Small,2022-08-25,25000,45,REP020
4260,Fictional Outlet 04260,West,Ecommerce,Large,2023-03-09,50000,60,REP021
4261,Fictional Outlet 04261,North,Traditional Trade,Medium,2023-06-26,25000,60,REP022
4262,Fictional Outlet 04262,South,Wholesale,Large,2023-05-09,10000,60,REP023
4263,Fictional Outlet 04263,East,Traditional Trade,Small,2022-05-01,50000,15,REP024
4264,Fictional Outlet 04264,West,Wholesale,Medium,2023-09-21,10000,45,REP025
4265,Fictional Outlet 04265,North,Wholesale,Small,2022-10-21,5000,30,REP026
4266,Fictional Outlet 04266,South,Traditional Trade,Small,2022-09-18,25000,15,REP027
4267,Fictional Outlet 04267,East,Ecommerce,Large,2022-04-20,50000,30,REP028
4268,Fictional Outlet 04268,West, WHOLESALE ,Small,2023-03-17,50000,45,REP029
4269,Fictional Outlet 04269,North,Ecommerce,Medium,2023-10-22,25000,60,REP030
4270,Fictional Outlet 04270,South,Traditional Trade,Medium,2022-09-11,50000,30,REP031
4271,Fictional Outlet 04271,East,Traditional Trade,Large,2023-06-25,50000,15,REP032
4272,Fictional Outlet 04272,West,Ecommerce,Small,2022-05-21,25000,60,REP033
4273,Fictional Outlet 04273,North,Wholesale,Large,2023-12-12,25000,45,REP034
4274,Fictional Outlet 04274,South,Modern Trade,Medium,2023-12-23,25000,30,REP035
4275,Fictional Outlet 04275,East,Wholesale,Large,2022-08-01,50000,45,REP036
4276,Fictional Outlet 04276,West,Ecommerce,Large,2022-12-01,25000,30,REP037
4277,Fictional Outlet 04277,North,Modern Trade,Medium,2023-01-08,50000,30,REP038
4278,Fictional Outlet 04278,South,Modern Trade,Large,2022-09-22,5000,30,REP039
4279,Fictional Outlet 04279,East,Traditional Trade,Small,2022-08-06,10000,30,REP040
4280,Fictional Outlet 04280,West,Ecommerce,Medium,2022-04-19,25000,30,REP041
4281,Fictional Outlet 04281,North,Traditional Trade,Small,2023-04-28,25000,45,REP042
4282,Fictional Outlet 04282,South,Traditional Trade,Medium,2022-11-17,25000,45,REP043
4283,Fictional Outlet 04283,East,Modern Trade,Large,2023-12-10,50000,45,REP044
4284,Fictional Outlet 04284,West,Traditional Trade,Medium,2022-04-23,25000,60,REP045
4285,Fictional Outlet 04285,North,Traditional Trade,Large,2023-01-02,5000,45,REP046
4286,Fictional Outlet 04286,South,Traditional Trade,Small,2022-07-20,25000,30,REP047
4287,Fictional Outlet 04287,East,Wholesale,Large,2023-08-13,25000,60,REP048
4288,Fictional Outlet 04288,West,Ecommerce,Large,2022-04-12,5000,15,REP049
4289,Fictional Outlet 04289,North,Ecommerce,Small,2022-06-26,50000,60,REP050
4290,Fictional Outlet 04290,South,Traditional Trade,Small,2023-04-12,5000,15,REP051
4291,Fictional Outlet 04291,East,Modern Trade,Small,2023-03-05,5000,60,REP052
4292,Fictional Outlet 04292,West,Ecommerce,Medium,2022-10-20,10000,60,REP053
4293,Fictional Outlet 04293,North,Traditional Trade,Medium,2022-08-24,50000,60,REP054
4294,Fictional Outlet 04294,South,Wholesale,Small,2022-06-14,5000,45,
4295,Fictional Outlet 04295,East,Wholesale,Small,2023-11-19,10000,45,REP056
4296,Fictional Outlet 04296,West,Modern Trade,Medium,2023-11-24,50000,15,REP057
4297,Fictional Outlet 04297,North,Traditional Trade,Small,2023-12-15,10000,15,REP058
4298,Fictional Outlet 04298,South,Traditional Trade,Medium,2022-12-06,50000,45,REP059
4299,Fictional Outlet 04299,East,Wholesale,Large,2023-07-15,25000,45,REP060
4300,Fictional Outlet 04300,West,Traditional Trade,Large,2022-12-24,25000,60,REP061
4301,Fictional Outlet 04301,North,Traditional Trade,Medium,2022-08-17,50000,15,REP062
4302,Fictional Outlet 04302,South,Traditional Trade,Medium,2023-09-02,10000,60,REP063
4303,Fictional Outlet 04303,East,Traditional Trade,Medium,2022-09-27,25000,15,REP064
4304,Fictional Outlet 04304,West,Modern Trade,Small,2022-06-29,10000,45,REP065
4305,Fictional Outlet 04305,North,Traditional Trade,Small,2023-12-01,50000,15,REP066
4306,Fictional Outlet 04306,South,Wholesale,Medium,2022-10-17,25000,30,REP067
4307,Fictional Outlet 04307,East,Traditional Trade,Medium,2022-01-29,50000,30,REP068
4308,Fictional Outlet 04308,West,Ecommerce,Large,2022-10-29,10000,45,REP069
4309,Fictional Outlet 04309,North,Traditional Trade,Large,2022-11-29,25000,30,REP070
4310,Fictional Outlet 04310,South,Traditional Trade,Small,2022-03-21,5000,15,REP071
4311,Fictional Outlet 04311,East,Traditional Trade,Large,2023-11-28,5000,30,REP072
4312,Fictional Outlet 04312,West,Ecommerce,Large,2023-11-13,25000,60,REP073
4313,Fictional Outlet 04313,North,Traditional Trade,Medium,2023-04-04,5000,30,REP074
4314,Fictional Outlet 04314,South,Traditional Trade,Small,2023-03-06,25000,45,REP075
4315,Fictional Outlet 04315,East,Wholesale,Small,2022-04-19,10000,30,REP076
4316,Fictional Outlet 04316,West,Traditional Trade,Large,2023-11-20,10000,45,REP077
4317,Fictional Outlet 04317,North,Traditional Trade,Medium,2023-02-01,50000,15,REP078
4318,Fictional Outlet 04318,South,Wholesale,Medium,2022-07-09,50000,45,REP079
4319,Fictional Outlet 04319,East,Wholesale,Large,2023-06-20,10000,30,REP080
4320,Fictional Outlet 04320,West,Wholesale,Small,2022-08-31,5000,45,REP001
4321,Fictional Outlet 04321,North,Modern Trade,Large,2023-02-22,5000,45,REP002
4322,Fictional Outlet 04322,South,Wholesale,Large,2022-06-15,10000,30,REP003
4323,Fictional Outlet 04323,East,Traditional Trade,Medium,2023-01-14,50000,60,REP004
4324,Fictional Outlet 04324,West,Wholesale,Small,2022-04-09,25000,15,REP005
4325,Fictional Outlet 04325,North,Traditional Trade,Medium,2022-07-12,25000,30,REP006
4326,Fictional Outlet 04326,South,Wholesale,Medium,2022-06-12,5000,45,REP007
4327,Fictional Outlet 04327,East,Traditional Trade,Medium,2023-01-23,5000,15,REP008
4328,Fictional Outlet 04328,West,Traditional Trade,Medium,2022-04-17,5000,15,REP009
4329,Fictional Outlet 04329,North,Modern Trade,Medium,2022-07-24,5000,15,REP010
4330,Fictional Outlet 04330,South,Traditional Trade,Medium,2023-08-22,25000,30,REP011
4331,Fictional Outlet 04331,East,Traditional Trade,Small,2023-05-24,25000,60,REP012
4332,Fictional Outlet 04332,West,Wholesale,Medium,2023-06-25,50000,15,REP013
4333,Fictional Outlet 04333,North,Traditional Trade,Small,2023-09-21,10000,30,REP014
4334,Fictional Outlet 04334,South,Wholesale,Small,2023-08-23,10000,45,REP015
4335,Fictional Outlet 04335,East,Traditional Trade,Small,2022-12-22,25000,15,REP016
4336,Fictional Outlet 04336,West,Traditional Trade,Large,2023-01-23,5000,15,REP017
4337,Fictional Outlet 04337,North,Traditional Trade,Small,2022-04-04,5000,30,REP018
4338,Fictional Outlet 04338,South,Wholesale,Small,2023-06-21,10000,30,REP019
4339,Fictional Outlet 04339,East,Modern Trade,Large,2022-12-21,5000,15,REP020
4340,Fictional Outlet 04340,West,Traditional Trade,Medium,2022-07-05,50000,60,REP021
4341,Fictional Outlet 04341,North,Traditional Trade,Large,2023-04-29,10000,15,REP022
4342,Fictional Outlet 04342,South,Modern Trade,Small,2022-10-14,5000,30,REP023
4343,Fictional Outlet 04343,East,Modern Trade,Small,2022-12-24,10000,60,REP024
4344,Fictional Outlet 04344,West,Wholesale,Large,2022-07-23,5000,30,REP025
4345,Fictional Outlet 04345,North,Modern Trade,Large,2022-09-30,10000,60,REP026
4346,Fictional Outlet 04346,South,Traditional Trade,Medium,2022-03-12,50000,15,REP027
4347,Fictional Outlet 04347,East,Traditional Trade,Medium,2022-03-06,25000,30,REP028
4348,Fictional Outlet 04348,West,Traditional Trade,Small,2023-08-15,25000,30,REP029
4349,Fictional Outlet 04349,North,Traditional Trade,Small,2022-01-17,10000,15,REP030
4350,Fictional Outlet 04350,South,Traditional Trade,Medium,2023-10-09,50000,15,REP031
4351,Fictional Outlet 04351,East,Traditional Trade,Large,2022-04-04,25000,60,REP032
4352,Fictional Outlet 04352,West,Traditional Trade,Small,2022-11-28,50000,30,REP033
4353,Fictional Outlet 04353,North,Traditional Trade,Large,2022-02-22,5000,30,REP034
4354,Fictional Outlet 04354,South,Wholesale,Medium,2023-10-04,5000,30,REP035
4355,Fictional Outlet 04355,East,Traditional Trade,Small,2023-01-01,50000,15,REP036
4356,Fictional Outlet 04356,West,Traditional Trade,Large,2023-10-10,10000,45,REP037
4357,Fictional Outlet 04357,North,Traditional Trade,Large,2023-09-26,25000,60,REP038
4358,Fictional Outlet 04358,South,Modern Trade,Large,2023-02-25,5000,15,REP039
4359,Fictional Outlet 04359,East,Traditional Trade,Small,2022-07-08,50000,45,REP040
4360,Fictional Outlet 04360,West,Modern Trade,Medium,2022-07-24,25000,30,REP041
4361,Fictional Outlet 04361,North,Traditional Trade,Medium,2022-03-15,50000,60,REP042
4362,Fictional Outlet 04362,South,Ecommerce,Small,2023-02-05,5000,15,REP043
4363,Fictional Outlet 04363,East,Traditional Trade,Medium,2023-08-16,10000,60,REP044
4364,Fictional Outlet 04364,West,Wholesale,Large,2022-01-22,25000,45,REP045
4365,Fictional Outlet 04365,North, MODERN TRADE ,Large,2022-12-30,10000,15,REP046
4366,Fictional Outlet 04366,South,Traditional Trade,Small,2023-09-25,50000,60,REP047
4367,Fictional Outlet 04367,East,Modern Trade,Small,2023-08-07,25000,45,REP048
4368,Fictional Outlet 04368,West,Traditional Trade,Medium,2022-02-05,50000,15,REP049
4369,Fictional Outlet 04369,North,Traditional Trade,Medium,2022-08-27,10000,45,REP050
4370,Fictional Outlet 04370,South,Traditional Trade,Large,2022-02-10,10000,30,REP051
4371,Fictional Outlet 04371,East,Modern Trade,Medium,2023-02-14,5000,30,REP052
4372,Fictional Outlet 04372,West,Traditional Trade,Small,2023-01-03,10000,30,REP053
4373,Fictional Outlet 04373,North,Modern Trade,Medium,2023-04-20,50000,45,REP054
4374,Fictional Outlet 04374,South,Ecommerce,Small,2022-07-11,10000,45,REP055
4375,Fictional Outlet 04375,East,Traditional Trade,Medium,2023-10-14,5000,30,REP056
4376,Fictional Outlet 04376,West,Traditional Trade,Small,2022-09-02,10000,30,REP057
4377,Fictional Outlet 04377,North,Modern Trade,Large,2023-12-21,10000,15,REP058
4378,Fictional Outlet 04378,South,Traditional Trade,Small,2022-04-02,5000,15,REP059
4379,Fictional Outlet 04379,East,Traditional Trade,Large,2023-11-07,25000,45,REP060
4380,Fictional Outlet 04380,West,Traditional Trade,Small,2022-11-25,25000,45,REP061
4381,Fictional Outlet 04381,North,Traditional Trade,Medium,2023-11-09,50000,45,REP062
4382,Fictional Outlet 04382,South,Wholesale,Medium,2023-10-20,5000,45,REP063
4383,Fictional Outlet 04383,East,Traditional Trade,Medium,2023-06-19,50000,15,REP064
4384,Fictional Outlet 04384,West,Ecommerce,Large,2023-10-16,25000,60,REP065
4385,Fictional Outlet 04385,North,Wholesale,Medium,2022-06-07,25000,60,REP066
4386,Fictional Outlet 04386,South,Modern Trade,Medium,2023-10-17,25000,45,REP067
4387,Fictional Outlet 04387,East,Traditional Trade,Large,2022-03-27,10000,60,REP068
4388,Fictional Outlet 04388,West,Modern Trade,Large,2022-06-21,5000,30,REP069
4389,Fictional Outlet 04389,North,Traditional Trade,Large,2023-08-06,5000,45,REP070
4390,Fictional Outlet 04390,South,Traditional Trade,Large,2022-04-22,10000,15,REP071
4391,Fictional Outlet 04391,East,Wholesale,Large,2023-01-08,10000,60,REP072
4392,Fictional Outlet 04392,West,Wholesale,Small,2022-08-11,25000,45,REP073
4393,Fictional Outlet 04393,North,Traditional Trade,Medium,2023-08-19,5000,15,REP074
4394,Fictional Outlet 04394,South,Wholesale,Small,2023-04-21,5000,15,REP075
4395,Fictional Outlet 04395,East,Traditional Trade,Large,2023-10-10,10000,30,REP076
4396,Fictional Outlet 04396,West,Traditional Trade,Medium,2022-10-02,25000,15,REP077
4397,Fictional Outlet 04397,North,Traditional Trade,Small,2022-06-14,5000,30,REP078
4398,Fictional Outlet 04398,South,Traditional Trade,Large,2023-06-15,5000,60,REP079
4399,Fictional Outlet 04399,East,Traditional Trade,Large,2023-11-05,50000,45,REP080
4400,Fictional Outlet 04400,West,Traditional Trade,Small,2022-05-30,10000,45,REP001
4401,Fictional Outlet 04401,North,Traditional Trade,Medium,2023-10-23,5000,45,REP002
4402,Fictional Outlet 04402,South,Modern Trade,Large,2022-12-14,25000,15,REP003
4403,Fictional Outlet 04403,East,Traditional Trade,Medium,2023-01-03,10000,15,REP004
4404,Fictional Outlet 04404,West,Wholesale,Large,2023-09-20,25000,15,REP005
4405,Fictional Outlet 04405,North,Traditional Trade,Small,2022-04-27,10000,15,REP006
4406,Fictional Outlet 04406,South,Wholesale,Large,2022-03-09,10000,45,REP007
4407,Fictional Outlet 04407,East,Modern Trade,Medium,2023-05-08,10000,45,
4408,Fictional Outlet 04408,West,Traditional Trade,Medium,2023-10-29,10000,45,REP009
4409,Fictional Outlet 04409,North,Modern Trade,Medium,2023-04-12,10000,30,REP010
4410,Fictional Outlet 04410,South,Wholesale,Small,2023-12-01,5000,45,REP011
4411,Fictional Outlet 04411,East,Modern Trade,Medium,2023-12-03,5000,30,REP012
4412,Fictional Outlet 04412,West,Traditional Trade,Small,2022-05-29,10000,60,REP013
4413,Fictional Outlet 04413,North,Wholesale,Medium,2023-05-11,50000,45,REP014
4414,Fictional Outlet 04414,South,Modern Trade,Small,2022-09-03,25000,60,REP015
4415,Fictional Outlet 04415,East,Modern Trade,Medium,2023-09-19,50000,45,REP016
4416,Fictional Outlet 04416,West,Traditional Trade,Large,2023-11-16,5000,45,REP017
4417,Fictional Outlet 04417,North,Wholesale,Small,2023-02-11,5000,15,REP018
4418,Fictional Outlet 04418,South,Traditional Trade,Large,2022-06-24,50000,15,REP019
4419,Fictional Outlet 04419,East,Wholesale,Large,2022-05-17,5000,30,REP020
4420,Fictional Outlet 04420,West,Traditional Trade,Large,2023-01-30,50000,45,REP021
4421,Fictional Outlet 04421,North,Ecommerce,Large,2022-12-07,5000,15,REP022
4422,Fictional Outlet 04422,South,Wholesale,Large,2023-06-19,50000,30,REP023
4423,Fictional Outlet 04423,East,Traditional Trade,Medium,2023-01-04,10000,60,REP024
4424,Fictional Outlet 04424,West,Traditional Trade,Large,2023-12-01,50000,45,REP025
4425,Fictional Outlet 04425,North,Ecommerce,Small,2022-04-05,50000,45,REP026
4426,Fictional Outlet 04426,South,Traditional Trade,Medium,2022-09-03,10000,45,REP027
4427,Fictional Outlet 04427,East,Wholesale,Large,2022-07-30,5000,45,REP028
4428,Fictional Outlet 04428,West,Traditional Trade,Large,2022-10-16,10000,60,REP029
4429,Fictional Outlet 04429,North,Traditional Trade,Medium,2022-06-14,5000,15,REP030
4430,Fictional Outlet 04430,South,Wholesale,Small,2023-10-20,5000,60,REP031
4431,Fictional Outlet 04431,East,Traditional Trade,Medium,2023-06-21,5000,30,REP032
4432,Fictional Outlet 04432,West,Traditional Trade,Large,2023-01-30,5000,60,REP033
4433,Fictional Outlet 04433,North,Traditional Trade,Medium,2023-02-16,10000,30,REP034
4434,Fictional Outlet 04434,South,Traditional Trade,Small,2023-02-20,50000,45,REP035
4435,Fictional Outlet 04435,East,Traditional Trade,Small,2023-10-19,25000,60,REP036
4436,Fictional Outlet 04436,West,Traditional Trade,Large,2022-03-11,25000,15,REP037
4437,Fictional Outlet 04437,North,Traditional Trade,Large,2022-07-29,25000,15,REP038
4438,Fictional Outlet 04438,South,Traditional Trade,Medium,2023-05-27,10000,60,REP039
4439,Fictional Outlet 04439,East,Traditional Trade,Medium,2022-06-30,10000,30,REP040
4440,Fictional Outlet 04440,West,Modern Trade,Large,2022-11-10,50000,45,REP041
4441,Fictional Outlet 04441,North,Traditional Trade,Medium,2022-07-11,25000,60,REP042
4442,Fictional Outlet 04442,South,Traditional Trade,Small,2023-07-20,10000,45,REP043
4443,Fictional Outlet 04443,East,Wholesale,Medium,2023-10-11,5000,45,REP044
4444,Fictional Outlet 04444,West,Traditional Trade,Medium,2023-09-09,25000,45,REP045
4445,Fictional Outlet 04445,North,Traditional Trade,Large,2022-12-28,25000,30,REP046
4446,Fictional Outlet 04446,South,Traditional Trade,Large,2023-12-13,5000,45,REP047
4447,Fictional Outlet 04447,East,Modern Trade,Medium,2023-12-05,5000,45,REP048
4448,Fictional Outlet 04448,West,Traditional Trade,Medium,2023-03-16,50000,45,REP049
4449,Fictional Outlet 04449,North,Modern Trade,Large,2022-05-02,50000,30,REP050
4450,Fictional Outlet 04450,South,Traditional Trade,Medium,2022-08-09,50000,60,REP051
4451,Fictional Outlet 04451,East,Traditional Trade,Small,2022-09-05,5000,45,REP052
4452,Fictional Outlet 04452,West,Modern Trade,Small,2023-09-21,10000,15,REP053
4453,Fictional Outlet 04453,North,Modern Trade,Large,2022-12-04,25000,15,REP054
4454,Fictional Outlet 04454,South,Ecommerce,Large,2023-08-21,50000,15,REP055
4455,Fictional Outlet 04455,East,Modern Trade,Medium,2023-10-06,25000,60,REP056
4456,Fictional Outlet 04456,West,Traditional Trade,Medium,2023-12-23,5000,15,REP057
4457,Fictional Outlet 04457,North,Wholesale,Small,2023-04-19,25000,30,REP058
4458,Fictional Outlet 04458,South,Modern Trade,Small,2023-12-10,25000,30,REP059
4459,Fictional Outlet 04459,East,Traditional Trade,Small,2023-11-02,5000,60,REP060
4460,Fictional Outlet 04460,West,Traditional Trade,Small,2023-01-04,50000,45,REP061
4461,Fictional Outlet 04461,North,Traditional Trade,Small,2022-08-05,25000,45,REP062
4462,Fictional Outlet 04462,South, ECOMMERCE ,Large,2022-04-09,50000,30,REP063
4463,Fictional Outlet 04463,East,Traditional Trade,Small,2022-08-05,10000,15,REP064
4464,Fictional Outlet 04464,West,Traditional Trade,Medium,2022-09-04,10000,15,REP065
4465,Fictional Outlet 04465,North,Wholesale,Large,2022-10-26,10000,30,REP066
4466,Fictional Outlet 04466,South,Traditional Trade,Medium,2022-11-02,10000,60,REP067
4467,Fictional Outlet 04467,East,Traditional Trade,Large,2023-08-27,50000,15,REP068
4468,Fictional Outlet 04468,West,Modern Trade,Small,2022-04-28,50000,60,REP069
4469,Fictional Outlet 04469,North,Traditional Trade,Large,2022-10-13,50000,30,REP070
4470,Fictional Outlet 04470,South,Ecommerce,Large,2023-09-21,10000,15,REP071
4471,Fictional Outlet 04471,East,Modern Trade,Medium,2022-03-11,25000,30,REP072
4472,Fictional Outlet 04472,West,Ecommerce,Large,2022-03-28,50000,15,REP073
4473,Fictional Outlet 04473,North,Traditional Trade,Small,2023-03-26,10000,15,REP074
4474,Fictional Outlet 04474,South,Traditional Trade,Large,2023-09-02,25000,30,REP075
4475,Fictional Outlet 04475,East,Traditional Trade,Medium,2022-11-09,50000,60,REP076
4476,Fictional Outlet 04476,West,Traditional Trade,Small,2022-02-01,50000,60,REP077
4477,Fictional Outlet 04477,North,Traditional Trade,Small,2023-01-17,10000,15,REP078
4478,Fictional Outlet 04478,South,Wholesale,Large,2023-07-23,50000,15,REP079
4479,Fictional Outlet 04479,East,Traditional Trade,Large,2022-07-05,50000,60,REP080
4480,Fictional Outlet 04480,West,Traditional Trade,Large,2023-04-23,10000,15,REP001
4481,Fictional Outlet 04481,North,Modern Trade,Small,2023-04-24,5000,60,REP002
4482,Fictional Outlet 04482,South,Traditional Trade,Large,2023-09-18,25000,60,REP003
4483,Fictional Outlet 04483,East,Modern Trade,Small,2022-12-03,50000,30,REP004
4484,Fictional Outlet 04484,West,Traditional Trade,Medium,2022-03-30,25000,15,REP005
4485,Fictional Outlet 04485,North,Traditional Trade,Medium,2023-10-14,25000,45,REP006
4486,Fictional Outlet 04486,South,Ecommerce,Large,2022-09-28,50000,15,REP007
4487,Fictional Outlet 04487,East,Wholesale,Small,2022-06-22,50000,60,REP008
4488,Fictional Outlet 04488,West,Traditional Trade,Large,2022-05-26,5000,30,REP009
4489,Fictional Outlet 04489,North,Traditional Trade,Large,2022-02-01,50000,45,REP010
4490,Fictional Outlet 04490,South,Traditional Trade,Small,2023-12-07,5000,60,REP011
4491,Fictional Outlet 04491,East,Traditional Trade,Small,2022-08-05,5000,15,REP012
4492,Fictional Outlet 04492,West,Modern Trade,Large,2023-10-16,25000,60,REP013
4493,Fictional Outlet 04493,North,Wholesale,Small,2023-02-28,5000,30,REP014
4494,Fictional Outlet 04494,South,Traditional Trade,Small,2023-01-26,25000,30,REP015
4495,Fictional Outlet 04495,East,Traditional Trade,Small,2023-05-21,10000,30,REP016
4496,Fictional Outlet 04496,West,Traditional Trade,Large,2022-12-07,25000,45,REP017
4497,Fictional Outlet 04497,North,Wholesale,Medium,2022-06-01,25000,45,REP018
4498,Fictional Outlet 04498,South,Ecommerce,Small,2022-09-28,50000,45,REP019
4499,Fictional Outlet 04499,East,Traditional Trade,Medium,2023-05-05,50000,30,REP020
4500,Fictional Outlet 04500,West,Wholesale,Large,2023-03-23,50000,45,REP021
4501,Fictional Outlet 04501,North,Traditional Trade,Large,2023-06-17,10000,60,REP022
4502,Fictional Outlet 04502,South,Modern Trade,Medium,2023-07-09,25000,60,REP023
4503,Fictional Outlet 04503,East,Traditional Trade,Small,2023-07-18,50000,15,REP024
4504,Fictional Outlet 04504,West,Modern Trade,Medium,2022-10-31,50000,30,REP025
4505,Fictional Outlet 04505,North,Traditional Trade,Medium,2023-11-28,5000,60,REP026
4506,Fictional Outlet 04506,South,Traditional Trade,Large,2022-06-15,25000,45,REP027
4507,Fictional Outlet 04507,East,Traditional Trade,Small,2022-03-30,5000,60,REP028
4508,Fictional Outlet 04508,West,Wholesale,Small,2022-12-20,10000,15,REP029
4509,Fictional Outlet 04509,North,Traditional Trade,Small,2022-09-15,25000,60,REP030
4510,Fictional Outlet 04510,South,Wholesale,Large,2023-01-17,25000,60,REP031
4511,Fictional Outlet 04511,East,Traditional Trade,Small,2022-05-24,50000,60,REP032
4512,Fictional Outlet 04512,West,Traditional Trade,Large,2023-09-23,10000,60,REP033
4513,Fictional Outlet 04513,North,Traditional Trade,Medium,2023-08-15,5000,45,REP034
4514,Fictional Outlet 04514,South,Wholesale,Small,2022-09-28,10000,30,REP035
4515,Fictional Outlet 04515,East,Modern Trade,Large,2023-07-31,5000,60,REP036
4516,Fictional Outlet 04516,West,Traditional Trade,Medium,2022-02-25,25000,60,REP037
4517,Fictional Outlet 04517,North,Traditional Trade,Small,2023-01-29,25000,15,REP038
4518,Fictional Outlet 04518,South,Modern Trade,Large,2023-05-21,25000,15,REP039
4519,Fictional Outlet 04519,East,Ecommerce,Small,2023-01-09,25000,15,REP040
4520,Fictional Outlet 04520,West,Traditional Trade,Large,2022-04-06,10000,60,
4521,Fictional Outlet 04521,North,Wholesale,Medium,2023-01-18,25000,15,REP042
4522,Fictional Outlet 04522,South,Ecommerce,Medium,2022-02-01,5000,60,REP043
4523,Fictional Outlet 04523,East,Traditional Trade,Small,2023-04-06,5000,15,REP044
4524,Fictional Outlet 04524,West,Ecommerce,Small,2023-05-23,25000,15,REP045
4525,Fictional Outlet 04525,North,Ecommerce,Medium,2022-03-24,25000,15,REP046
4526,Fictional Outlet 04526,South,Traditional Trade,Small,2023-04-29,50000,15,REP047
4527,Fictional Outlet 04527,East,Traditional Trade,Small,2022-02-07,5000,45,REP048
4528,Fictional Outlet 04528,West,Ecommerce,Small,2022-11-14,25000,15,REP049
4529,Fictional Outlet 04529,North,Traditional Trade,Large,2023-05-18,10000,15,REP050
4530,Fictional Outlet 04530,South,Traditional Trade,Large,2023-10-18,25000,15,REP051
4531,Fictional Outlet 04531,East,Traditional Trade,Small,2023-06-28,50000,60,REP052
4532,Fictional Outlet 04532,West,Modern Trade,Small,2022-03-18,10000,15,REP053
4533,Fictional Outlet 04533,North,Wholesale,Large,2023-07-22,5000,45,REP054
4534,Fictional Outlet 04534,South,Wholesale,Large,2023-12-08,5000,45,REP055
4535,Fictional Outlet 04535,East,Traditional Trade,Small,2022-09-12,5000,15,REP056
4536,Fictional Outlet 04536,West,Traditional Trade,Medium,2023-01-18,10000,45,REP057
4537,Fictional Outlet 04537,North,Wholesale,Medium,2022-08-07,25000,30,REP058
4538,Fictional Outlet 04538,South,Wholesale,Small,2022-11-30,10000,45,REP059
4539,Fictional Outlet 04539,East,Modern Trade,Small,2023-05-29,50000,45,REP060
4540,Fictional Outlet 04540,West,Modern Trade,Large,2022-02-11,10000,45,REP061
4541,Fictional Outlet 04541,North,Modern Trade,Large,2022-02-18,50000,15,REP062
4542,Fictional Outlet 04542,South,Wholesale,Small,2023-12-26,25000,60,REP063
4543,Fictional Outlet 04543,East,Wholesale,Small,2022-01-23,10000,60,REP064
4544,Fictional Outlet 04544,West,Wholesale,Medium,2022-05-02,5000,30,REP065
4545,Fictional Outlet 04545,North,Traditional Trade,Large,2023-09-29,5000,60,REP066
4546,Fictional Outlet 04546,South,Traditional Trade,Small,2022-07-18,50000,15,REP067
4547,Fictional Outlet 04547,East,Wholesale,Medium,2022-02-05,25000,60,REP068
4548,Fictional Outlet 04548,West,Traditional Trade,Small,2023-07-05,50000,45,REP069
4549,Fictional Outlet 04549,North,Modern Trade,Medium,2022-04-02,25000,15,REP070
4550,Fictional Outlet 04550,South,Modern Trade,Small,2022-11-29,25000,30,REP071
4551,Fictional Outlet 04551,East,Modern Trade,Small,2022-01-25,50000,30,REP072
4552,Fictional Outlet 04552,West,Wholesale,Large,2023-11-16,5000,15,REP073
4553,Fictional Outlet 04553,North,Traditional Trade,Large,2023-04-23,25000,45,REP074
4554,Fictional Outlet 04554,South,Ecommerce,Small,2023-12-05,25000,60,REP075
4555,Fictional Outlet 04555,East,Modern Trade,Small,2022-05-06,10000,45,REP076
4556,Fictional Outlet 04556,West,Traditional Trade,Medium,2023-08-06,10000,45,REP077
4557,Fictional Outlet 04557,North,Traditional Trade,Small,2022-03-25,25000,60,REP078
4558,Fictional Outlet 04558,South,Traditional Trade,Small,2022-01-30,25000,60,REP079
4559,Fictional Outlet 04559,East, TRADITIONAL TRADE ,Large,2023-01-19,25000,45,REP080
4560,Fictional Outlet 04560,West,Traditional Trade,Small,2022-10-19,25000,45,REP001
4561,Fictional Outlet 04561,North,Traditional Trade,Large,2022-03-13,10000,60,REP002
4562,Fictional Outlet 04562,South,Modern Trade,Large,2023-09-06,50000,15,REP003
4563,Fictional Outlet 04563,East,Traditional Trade,Large,2022-12-19,50000,15,REP004
4564,Fictional Outlet 04564,West,Wholesale,Small,2022-02-21,25000,45,REP005
4565,Fictional Outlet 04565,North,Modern Trade,Large,2023-02-07,5000,60,REP006
4566,Fictional Outlet 04566,South,Traditional Trade,Medium,2023-12-22,5000,30,REP007
4567,Fictional Outlet 04567,East,Modern Trade,Large,2023-12-29,5000,60,REP008
4568,Fictional Outlet 04568,West,Wholesale,Small,2022-12-16,50000,30,REP009
4569,Fictional Outlet 04569,North,Traditional Trade,Small,2022-10-09,50000,45,REP010
4570,Fictional Outlet 04570,South,Ecommerce,Small,2023-04-14,10000,15,REP011
4571,Fictional Outlet 04571,East,Ecommerce,Large,2022-10-24,10000,30,REP012
4572,Fictional Outlet 04572,West,Ecommerce,Medium,2023-01-04,50000,60,REP013
4573,Fictional Outlet 04573,North,Traditional Trade,Medium,2022-09-21,10000,15,REP014
4574,Fictional Outlet 04574,South,Traditional Trade,Small,2023-02-10,25000,60,REP015
4575,Fictional Outlet 04575,East,Wholesale,Large,2022-03-13,5000,60,REP016
4576,Fictional Outlet 04576,West,Traditional Trade,Large,2023-08-28,25000,45,REP017
4577,Fictional Outlet 04577,North,Wholesale,Medium,2022-06-04,50000,15,REP018
4578,Fictional Outlet 04578,South,Traditional Trade,Small,2022-10-18,50000,60,REP019
4579,Fictional Outlet 04579,East,Wholesale,Small,2023-01-26,10000,60,REP020
4580,Fictional Outlet 04580,West,Traditional Trade,Large,2023-12-30,50000,15,REP021
4581,Fictional Outlet 04581,North,Traditional Trade,Medium,2023-09-15,50000,30,REP022
4582,Fictional Outlet 04582,South,Traditional Trade,Small,2022-03-01,5000,30,REP023
4583,Fictional Outlet 04583,East,Ecommerce,Large,2022-04-10,25000,60,REP024
4584,Fictional Outlet 04584,West,Traditional Trade,Medium,2023-03-22,50000,15,REP025
4585,Fictional Outlet 04585,North,Modern Trade,Large,2023-05-09,25000,15,REP026
4586,Fictional Outlet 04586,South,Modern Trade,Small,2022-02-06,10000,45,REP027
4587,Fictional Outlet 04587,East,Traditional Trade,Large,2023-03-07,50000,30,REP028
4588,Fictional Outlet 04588,West,Traditional Trade,Small,2022-05-25,50000,30,REP029
4589,Fictional Outlet 04589,North,Modern Trade,Medium,2022-02-26,50000,15,REP030
4590,Fictional Outlet 04590,South,Traditional Trade,Medium,2023-09-24,50000,60,REP031
4591,Fictional Outlet 04591,East,Wholesale,Large,2022-02-17,25000,60,REP032
4592,Fictional Outlet 04592,West,Traditional Trade,Large,2023-06-08,25000,45,REP033
4593,Fictional Outlet 04593,North,Wholesale,Large,2022-07-11,25000,60,REP034
4594,Fictional Outlet 04594,South,Ecommerce,Medium,2022-05-31,10000,15,REP035
4595,Fictional Outlet 04595,East,Traditional Trade,Large,2022-03-19,10000,60,REP036
4596,Fictional Outlet 04596,West,Traditional Trade,Small,2022-07-27,50000,60,REP037
4597,Fictional Outlet 04597,North,Traditional Trade,Medium,2022-09-28,50000,45,REP038
4598,Fictional Outlet 04598,South,Modern Trade,Small,2023-11-02,50000,30,REP039
4599,Fictional Outlet 04599,East,Wholesale,Medium,2022-12-27,10000,15,REP040
4600,Fictional Outlet 04600,West,Traditional Trade,Large,2023-11-27,5000,15,REP041
4601,Fictional Outlet 04601,North,Modern Trade,Medium,2022-09-11,50000,15,REP042
4602,Fictional Outlet 04602,South,Traditional Trade,Large,2022-12-11,25000,60,REP043
4603,Fictional Outlet 04603,East,Traditional Trade,Small,2022-01-27,50000,45,REP044
4604,Fictional Outlet 04604,West,Traditional Trade,Large,2023-03-15,10000,45,REP045
4605,Fictional Outlet 04605,North,Traditional Trade,Small,2022-12-20,25000,60,REP046
4606,Fictional Outlet 04606,South,Traditional Trade,Small,2022-07-15,5000,15,REP047
4607,Fictional Outlet 04607,East,Wholesale,Small,2022-05-10,25000,60,REP048
4608,Fictional Outlet 04608,West,Ecommerce,Large,2023-09-15,25000,30,REP049
4609,Fictional Outlet 04609,North,Traditional Trade,Small,2023-04-30,10000,15,REP050
4610,Fictional Outlet 04610,South,Traditional Trade,Small,2023-11-22,50000,60,REP051
4611,Fictional Outlet 04611,East,Wholesale,Small,2022-01-12,50000,30,REP052
4612,Fictional Outlet 04612,West,Traditional Trade,Small,2022-12-19,50000,30,REP053
4613,Fictional Outlet 04613,North,Traditional Trade,Small,2023-03-13,5000,60,REP054
4614,Fictional Outlet 04614,South,Traditional Trade,Medium,2022-03-30,10000,15,REP055
4615,Fictional Outlet 04615,East,Modern Trade,Small,2023-01-23,5000,45,REP056
4616,Fictional Outlet 04616,West,Wholesale,Large,2023-11-12,5000,30,REP057
4617,Fictional Outlet 04617,North,Modern Trade,Large,2023-11-25,10000,45,REP058
4618,Fictional Outlet 04618,South,Traditional Trade,Medium,2023-11-25,25000,60,REP059
4619,Fictional Outlet 04619,East,Ecommerce,Large,2022-12-14,50000,45,REP060
4620,Fictional Outlet 04620,West,Traditional Trade,Large,2022-03-18,5000,60,REP061
4621,Fictional Outlet 04621,North,Traditional Trade,Small,2023-07-06,5000,15,REP062
4622,Fictional Outlet 04622,South,Traditional Trade,Large,2022-05-18,50000,45,REP063
4623,Fictional Outlet 04623,East,Modern Trade,Medium,2023-10-22,50000,30,REP064
4624,Fictional Outlet 04624,West,Wholesale,Medium,2023-11-28,10000,60,REP065
4625,Fictional Outlet 04625,North,Traditional Trade,Small,2023-10-14,25000,30,REP066
4626,Fictional Outlet 04626,South,Wholesale,Large,2022-04-02,10000,60,REP067
4627,Fictional Outlet 04627,East,Traditional Trade,Medium,2023-09-12,10000,15,REP068
4628,Fictional Outlet 04628,West,Traditional Trade,Medium,2022-06-26,25000,60,REP069
4629,Fictional Outlet 04629,North,Traditional Trade,Medium,2022-10-22,25000,60,REP070
4630,Fictional Outlet 04630,South,Modern Trade,Medium,2022-12-11,10000,15,REP071
4631,Fictional Outlet 04631,East,Ecommerce,Large,2023-09-24,25000,60,REP072
4632,Fictional Outlet 04632,West,Traditional Trade,Medium,2023-01-20,50000,60,REP073
4633,Fictional Outlet 04633,North,Wholesale,Medium,2023-01-14,5000,15,
4634,Fictional Outlet 04634,South,Traditional Trade,Large,2023-12-18,50000,30,REP075
4635,Fictional Outlet 04635,East,Modern Trade,Medium,2023-03-01,25000,30,REP076
4636,Fictional Outlet 04636,West,Traditional Trade,Small,2023-12-01,5000,15,REP077
4637,Fictional Outlet 04637,North,Traditional Trade,Medium,2022-07-13,10000,45,REP078
4638,Fictional Outlet 04638,South,Modern Trade,Medium,2022-02-07,10000,45,REP079
4639,Fictional Outlet 04639,East,Traditional Trade,Large,2023-09-17,50000,45,REP080
4640,Fictional Outlet 04640,West,Traditional Trade,Large,2022-03-26,50000,60,REP001
4641,Fictional Outlet 04641,North,Wholesale,Small,2023-09-10,50000,45,REP002
4642,Fictional Outlet 04642,South,Wholesale,Medium,2023-11-15,5000,60,REP003
4643,Fictional Outlet 04643,East,Traditional Trade,Medium,2023-11-27,25000,30,REP004
4644,Fictional Outlet 04644,West,Wholesale,Medium,2022-01-20,50000,30,REP005
4645,Fictional Outlet 04645,North,Traditional Trade,Small,2022-12-02,50000,15,REP006
4646,Fictional Outlet 04646,South,Traditional Trade,Medium,2023-12-02,25000,45,REP007
4647,Fictional Outlet 04647,East,Traditional Trade,Large,2022-11-11,50000,30,REP008
4648,Fictional Outlet 04648,West,Traditional Trade,Medium,2022-09-18,5000,45,REP009
4649,Fictional Outlet 04649,North,Traditional Trade,Small,2023-09-06,10000,30,REP010
4650,Fictional Outlet 04650,South,Traditional Trade,Medium,2023-09-28,5000,60,REP011
4651,Fictional Outlet 04651,East,Traditional Trade,Small,2023-03-29,50000,30,REP012
4652,Fictional Outlet 04652,West,Traditional Trade,Medium,2022-09-05,10000,15,REP013
4653,Fictional Outlet 04653,North,Modern Trade,Large,2022-06-06,5000,30,REP014
4654,Fictional Outlet 04654,South,Traditional Trade,Large,2022-11-17,5000,60,REP015
4655,Fictional Outlet 04655,East,Modern Trade,Large,2023-06-21,50000,15,REP016
4656,Fictional Outlet 04656,West, MODERN TRADE ,Small,2022-07-13,50000,45,REP017
4657,Fictional Outlet 04657,North,Ecommerce,Small,2022-09-28,10000,60,REP018
4658,Fictional Outlet 04658,South,Traditional Trade,Small,2022-12-21,50000,45,REP019
4659,Fictional Outlet 04659,East,Traditional Trade,Medium,2022-02-13,50000,15,REP020
4660,Fictional Outlet 04660,West,Modern Trade,Small,2023-06-24,50000,60,REP021
4661,Fictional Outlet 04661,North,Ecommerce,Small,2023-07-26,5000,15,REP022
4662,Fictional Outlet 04662,South,Traditional Trade,Medium,2022-01-27,10000,60,REP023
4663,Fictional Outlet 04663,East,Modern Trade,Large,2022-09-07,50000,15,REP024
4664,Fictional Outlet 04664,West,Traditional Trade,Small,2023-01-15,10000,15,REP025
4665,Fictional Outlet 04665,North,Modern Trade,Small,2023-07-27,25000,60,REP026
4666,Fictional Outlet 04666,South,Wholesale,Small,2022-01-23,25000,15,REP027
4667,Fictional Outlet 04667,East,Traditional Trade,Small,2023-03-27,5000,15,REP028
4668,Fictional Outlet 04668,West,Ecommerce,Medium,2022-08-27,25000,15,REP029
4669,Fictional Outlet 04669,North,Modern Trade,Small,2023-03-02,50000,15,REP030
4670,Fictional Outlet 04670,South,Traditional Trade,Large,2023-12-31,25000,60,REP031
4671,Fictional Outlet 04671,East,Ecommerce,Large,2023-04-16,25000,45,REP032
4672,Fictional Outlet 04672,West,Traditional Trade,Medium,2022-04-30,25000,60,REP033
4673,Fictional Outlet 04673,North,Modern Trade,Small,2023-04-21,50000,60,REP034
4674,Fictional Outlet 04674,South,Modern Trade,Small,2022-12-24,10000,30,REP035
4675,Fictional Outlet 04675,East,Modern Trade,Small,2023-03-12,25000,30,REP036
4676,Fictional Outlet 04676,West,Traditional Trade,Large,2022-07-04,25000,60,REP037
4677,Fictional Outlet 04677,North,Modern Trade,Large,2023-07-29,5000,60,REP038
4678,Fictional Outlet 04678,South,Traditional Trade,Medium,2023-04-12,10000,60,REP039
4679,Fictional Outlet 04679,East,Wholesale,Medium,2023-02-23,10000,60,REP040
4680,Fictional Outlet 04680,West,Traditional Trade,Small,2022-07-16,25000,45,REP041
4681,Fictional Outlet 04681,North,Traditional Trade,Medium,2022-01-14,5000,15,REP042
4682,Fictional Outlet 04682,South,Traditional Trade,Large,2023-02-04,50000,45,REP043
4683,Fictional Outlet 04683,East,Modern Trade,Small,2023-08-23,5000,15,REP044
4684,Fictional Outlet 04684,West,Traditional Trade,Medium,2022-06-10,50000,60,REP045
4685,Fictional Outlet 04685,North,Ecommerce,Medium,2022-11-26,10000,15,REP046
4686,Fictional Outlet 04686,South,Wholesale,Large,2022-01-02,50000,30,REP047
4687,Fictional Outlet 04687,East,Traditional Trade,Medium,2022-08-12,50000,60,REP048
4688,Fictional Outlet 04688,West,Wholesale,Small,2023-04-16,25000,15,REP049
4689,Fictional Outlet 04689,North,Traditional Trade,Medium,2022-04-18,50000,60,REP050
4690,Fictional Outlet 04690,South,Modern Trade,Small,2022-12-31,50000,30,REP051
4691,Fictional Outlet 04691,East,Wholesale,Small,2023-08-25,25000,15,REP052
4692,Fictional Outlet 04692,West,Modern Trade,Large,2022-05-14,5000,60,REP053
4693,Fictional Outlet 04693,North,Traditional Trade,Large,2022-09-02,50000,30,REP054
4694,Fictional Outlet 04694,South,Traditional Trade,Small,2022-01-24,10000,15,REP055
4695,Fictional Outlet 04695,East,Traditional Trade,Medium,2022-08-04,25000,45,REP056
4696,Fictional Outlet 04696,West,Modern Trade,Large,2023-12-17,50000,15,REP057
4697,Fictional Outlet 04697,North,Traditional Trade,Small,2022-07-06,10000,45,REP058
4698,Fictional Outlet 04698,South,Traditional Trade,Small,2023-06-15,25000,15,REP059
4699,Fictional Outlet 04699,East,Traditional Trade,Small,2023-04-24,25000,60,REP060
4700,Fictional Outlet 04700,West,Modern Trade,Medium,2022-12-17,5000,15,REP061
4701,Fictional Outlet 04701,North,Traditional Trade,Large,2022-07-24,5000,15,REP062
4702,Fictional Outlet 04702,South,Modern Trade,Medium,2023-09-28,10000,45,REP063
4703,Fictional Outlet 04703,East,Wholesale,Large,2022-08-13,5000,30,REP064
4704,Fictional Outlet 04704,West,Modern Trade,Large,2022-04-27,50000,15,REP065
4705,Fictional Outlet 04705,North,Wholesale,Medium,2023-04-25,50000,60,REP066
4706,Fictional Outlet 04706,South,Traditional Trade,Medium,2022-03-26,25000,30,REP067
4707,Fictional Outlet 04707,East,Modern Trade,Medium,2023-11-29,25000,60,REP068
4708,Fictional Outlet 04708,West,Traditional Trade,Small,2023-02-10,5000,45,REP069
4709,Fictional Outlet 04709,North,Traditional Trade,Large,2022-04-01,5000,30,REP070
4710,Fictional Outlet 04710,South,Traditional Trade,Small,2022-01-12,25000,45,REP071
4711,Fictional Outlet 04711,East,Traditional Trade,Small,2023-06-14,50000,30,REP072
4712,Fictional Outlet 04712,West,Traditional Trade,Small,2022-06-24,10000,60,REP073
4713,Fictional Outlet 04713,North,Wholesale,Small,2022-04-03,25000,15,REP074
4714,Fictional Outlet 04714,South,Ecommerce,Medium,2023-12-29,5000,15,REP075
4715,Fictional Outlet 04715,East,Traditional Trade,Large,2023-11-09,25000,45,REP076
4716,Fictional Outlet 04716,West,Wholesale,Large,2022-07-17,50000,45,REP077
4717,Fictional Outlet 04717,North,Modern Trade,Large,2023-01-26,10000,45,REP078
4718,Fictional Outlet 04718,South,Traditional Trade,Large,2022-03-23,5000,30,REP079
4719,Fictional Outlet 04719,East,Traditional Trade,Medium,2022-06-11,5000,30,REP080
4720,Fictional Outlet 04720,West,Wholesale,Large,2023-05-30,25000,45,REP001
4721,Fictional Outlet 04721,North,Traditional Trade,Small,2023-03-16,10000,45,REP002
4722,Fictional Outlet 04722,South,Modern Trade,Large,2023-10-14,10000,15,REP003
4723,Fictional Outlet 04723,East,Modern Trade,Small,2023-10-18,5000,60,REP004
4724,Fictional Outlet 04724,West,Modern Trade,Large,2022-07-12,10000,30,REP005
4725,Fictional Outlet 04725,North,Wholesale,Large,2022-02-16,10000,15,REP006
4726,Fictional Outlet 04726,South,Modern Trade,Medium,2022-01-17,10000,60,REP007
4727,Fictional Outlet 04727,East,Traditional Trade,Small,2023-10-18,50000,60,REP008
4728,Fictional Outlet 04728,West,Traditional Trade,Medium,2023-05-14,5000,45,REP009
4729,Fictional Outlet 04729,North,Modern Trade,Small,2023-01-14,50000,15,REP010
4730,Fictional Outlet 04730,South,Traditional Trade,Medium,2023-01-12,50000,60,REP011
4731,Fictional Outlet 04731,East,Traditional Trade,Small,2022-01-31,25000,45,REP012
4732,Fictional Outlet 04732,West,Ecommerce,Medium,2022-10-26,10000,30,REP013
4733,Fictional Outlet 04733,North,Traditional Trade,Large,2023-12-24,5000,60,REP014
4734,Fictional Outlet 04734,South,Traditional Trade,Large,2022-07-07,10000,30,REP015
4735,Fictional Outlet 04735,East,Traditional Trade,Medium,2022-02-07,50000,60,REP016
4736,Fictional Outlet 04736,West,Modern Trade,Large,2022-05-11,5000,60,REP017
4737,Fictional Outlet 04737,North,Ecommerce,Large,2023-08-28,10000,45,REP018
4738,Fictional Outlet 04738,South,Traditional Trade,Medium,2023-10-06,25000,30,REP019
4739,Fictional Outlet 04739,East,Ecommerce,Small,2022-11-20,10000,45,REP020
4740,Fictional Outlet 04740,West,Traditional Trade,Large,2022-02-08,5000,15,REP021
4741,Fictional Outlet 04741,North,Modern Trade,Large,2022-05-03,5000,15,REP022
4742,Fictional Outlet 04742,South,Wholesale,Large,2022-06-06,5000,45,REP023
4743,Fictional Outlet 04743,East,Traditional Trade,Small,2022-03-07,50000,60,REP024
4744,Fictional Outlet 04744,West,Wholesale,Medium,2023-04-02,10000,15,REP025
4745,Fictional Outlet 04745,North,Modern Trade,Medium,2022-06-23,50000,45,REP026
4746,Fictional Outlet 04746,South,Traditional Trade,Large,2023-04-17,10000,15,
4747,Fictional Outlet 04747,East,Modern Trade,Small,2023-01-12,50000,15,REP028
4748,Fictional Outlet 04748,West,Traditional Trade,Large,2022-11-24,25000,30,REP029
4749,Fictional Outlet 04749,North,Traditional Trade,Small,2023-06-25,50000,45,REP030
4750,Fictional Outlet 04750,South,Traditional Trade,Medium,2023-03-24,10000,60,REP031
4751,Fictional Outlet 04751,East,Wholesale,Small,2023-12-27,50000,15,REP032
4752,Fictional Outlet 04752,West,Traditional Trade,Medium,2023-02-14,10000,15,REP033
4753,Fictional Outlet 04753,North, ECOMMERCE ,Medium,2023-08-31,10000,45,REP034
4754,Fictional Outlet 04754,South,Traditional Trade,Small,2022-09-13,10000,30,REP035
4755,Fictional Outlet 04755,East,Traditional Trade,Medium,2022-03-09,10000,30,REP036
4756,Fictional Outlet 04756,West,Traditional Trade,Large,2023-04-09,10000,45,REP037
4757,Fictional Outlet 04757,North,Traditional Trade,Small,2022-09-23,5000,30,REP038
4758,Fictional Outlet 04758,South,Modern Trade,Medium,2022-09-14,5000,45,REP039
4759,Fictional Outlet 04759,East,Traditional Trade,Small,2022-10-04,5000,60,REP040
4760,Fictional Outlet 04760,West,Traditional Trade,Large,2023-12-01,50000,60,REP041
4761,Fictional Outlet 04761,North,Traditional Trade,Small,2022-02-04,5000,60,REP042
4762,Fictional Outlet 04762,South,Traditional Trade,Large,2023-07-27,25000,15,REP043
4763,Fictional Outlet 04763,East,Modern Trade,Small,2023-07-14,10000,60,REP044
4764,Fictional Outlet 04764,West,Modern Trade,Large,2022-04-29,50000,15,REP045
4765,Fictional Outlet 04765,North,Wholesale,Small,2022-05-29,25000,45,REP046
4766,Fictional Outlet 04766,South,Traditional Trade,Medium,2022-06-09,50000,60,REP047
4767,Fictional Outlet 04767,East,Traditional Trade,Large,2022-07-04,25000,45,REP048
4768,Fictional Outlet 04768,West,Wholesale,Small,2023-01-17,50000,60,REP049
4769,Fictional Outlet 04769,North,Wholesale,Large,2022-10-24,5000,15,REP050
4770,Fictional Outlet 04770,South,Wholesale,Large,2023-10-06,50000,45,REP051
4771,Fictional Outlet 04771,East,Traditional Trade,Medium,2023-07-07,10000,60,REP052
4772,Fictional Outlet 04772,West,Traditional Trade,Large,2023-02-26,5000,30,REP053
4773,Fictional Outlet 04773,North,Traditional Trade,Large,2023-04-22,10000,30,REP054
4774,Fictional Outlet 04774,South,Traditional Trade,Small,2022-02-13,50000,15,REP055
4775,Fictional Outlet 04775,East,Traditional Trade,Medium,2023-01-23,50000,60,REP056
4776,Fictional Outlet 04776,West,Traditional Trade,Small,2023-11-17,25000,30,REP057
4777,Fictional Outlet 04777,North,Traditional Trade,Small,2023-04-16,50000,45,REP058
4778,Fictional Outlet 04778,South,Wholesale,Small,2023-02-04,25000,30,REP059
4779,Fictional Outlet 04779,East,Traditional Trade,Small,2023-04-20,50000,30,REP060
4780,Fictional Outlet 04780,West,Modern Trade,Small,2022-12-31,5000,60,REP061
4781,Fictional Outlet 04781,North,Wholesale,Medium,2023-09-13,50000,15,REP062
4782,Fictional Outlet 04782,South,Modern Trade,Small,2023-04-28,10000,60,REP063
4783,Fictional Outlet 04783,East,Traditional Trade,Medium,2022-04-06,50000,30,REP064
4784,Fictional Outlet 04784,West,Traditional Trade,Medium,2023-12-30,5000,15,REP065
4785,Fictional Outlet 04785,North,Traditional Trade,Medium,2023-06-14,50000,15,REP066
4786,Fictional Outlet 04786,South,Traditional Trade,Large,2023-09-02,5000,60,REP067
4787,Fictional Outlet 04787,East,Traditional Trade,Small,2023-01-12,50000,15,REP068
4788,Fictional Outlet 04788,West,Wholesale,Medium,2022-02-21,10000,15,REP069
4789,Fictional Outlet 04789,North,Traditional Trade,Small,2023-09-16,5000,15,REP070
4790,Fictional Outlet 04790,South,Traditional Trade,Small,2023-04-13,25000,15,REP071
4791,Fictional Outlet 04791,East,Modern Trade,Large,2023-02-12,25000,45,REP072
4792,Fictional Outlet 04792,West,Modern Trade,Medium,2023-01-02,5000,45,REP073
4793,Fictional Outlet 04793,North,Modern Trade,Large,2023-02-15,25000,45,REP074
4794,Fictional Outlet 04794,South,Traditional Trade,Small,2022-11-28,5000,45,REP075
4795,Fictional Outlet 04795,East,Wholesale,Small,2022-08-19,5000,60,REP076
4796,Fictional Outlet 04796,West,Traditional Trade,Small,2023-05-26,10000,45,REP077
4797,Fictional Outlet 04797,North,Modern Trade,Small,2023-06-21,25000,45,REP078
4798,Fictional Outlet 04798,South,Modern Trade,Small,2022-10-28,5000,60,REP079
4799,Fictional Outlet 04799,East,Modern Trade,Medium,2023-09-11,50000,45,REP080
4800,Fictional Outlet 04800,West,Traditional Trade,Small,2023-04-14,25000,60,REP001
4801,Fictional Outlet 04801,North,Traditional Trade,Large,2023-09-23,25000,60,REP002
4802,Fictional Outlet 04802,South,Wholesale,Medium,2023-03-18,50000,30,REP003
4803,Fictional Outlet 04803,East,Traditional Trade,Medium,2022-05-14,5000,15,REP004
4804,Fictional Outlet 04804,West,Traditional Trade,Small,2022-03-22,10000,45,REP005
4805,Fictional Outlet 04805,North,Modern Trade,Small,2023-02-14,50000,60,REP006
4806,Fictional Outlet 04806,South,Wholesale,Large,2023-06-27,10000,30,REP007
4807,Fictional Outlet 04807,East,Ecommerce,Medium,2023-08-17,10000,30,REP008
4808,Fictional Outlet 04808,West,Traditional Trade,Medium,2022-10-30,25000,60,REP009
4809,Fictional Outlet 04809,North,Wholesale,Large,2023-07-05,25000,30,REP010
4810,Fictional Outlet 04810,South,Wholesale,Large,2023-07-27,10000,15,REP011
4811,Fictional Outlet 04811,East,Ecommerce,Medium,2023-03-27,50000,30,REP012
4812,Fictional Outlet 04812,West,Modern Trade,Medium,2023-06-08,50000,60,REP013
4813,Fictional Outlet 04813,North,Wholesale,Large,2022-04-12,50000,60,REP014
4814,Fictional Outlet 04814,South,Ecommerce,Large,2023-02-06,25000,30,REP015
4815,Fictional Outlet 04815,East,Traditional Trade,Large,2022-07-04,50000,15,REP016
4816,Fictional Outlet 04816,West,Modern Trade,Medium,2023-05-26,5000,30,REP017
4817,Fictional Outlet 04817,North,Ecommerce,Small,2022-01-21,50000,45,REP018
4818,Fictional Outlet 04818,South,Traditional Trade,Small,2023-12-12,10000,15,REP019
4819,Fictional Outlet 04819,East,Ecommerce,Small,2023-11-18,10000,15,REP020
4820,Fictional Outlet 04820,West,Traditional Trade,Large,2023-05-09,10000,45,REP021
4821,Fictional Outlet 04821,North,Modern Trade,Large,2022-05-26,10000,60,REP022
4822,Fictional Outlet 04822,South,Traditional Trade,Medium,2023-08-23,5000,15,REP023
4823,Fictional Outlet 04823,East,Traditional Trade,Large,2023-10-26,10000,45,REP024
4824,Fictional Outlet 04824,West,Traditional Trade,Medium,2022-04-11,5000,45,REP025
4825,Fictional Outlet 04825,North,Traditional Trade,Small,2023-11-19,10000,15,REP026
4826,Fictional Outlet 04826,South,Traditional Trade,Small,2023-11-17,10000,15,REP027
4827,Fictional Outlet 04827,East,Traditional Trade,Large,2023-10-30,25000,60,REP028
4828,Fictional Outlet 04828,West,Modern Trade,Small,2023-08-17,50000,30,REP029
4829,Fictional Outlet 04829,North,Traditional Trade,Small,2023-09-22,10000,15,REP030
4830,Fictional Outlet 04830,South,Modern Trade,Small,2023-11-28,10000,45,REP031
4831,Fictional Outlet 04831,East,Wholesale,Small,2023-05-02,5000,30,REP032
4832,Fictional Outlet 04832,West,Traditional Trade,Large,2023-10-24,50000,15,REP033
4833,Fictional Outlet 04833,North,Traditional Trade,Medium,2023-11-24,10000,60,REP034
4834,Fictional Outlet 04834,South,Wholesale,Medium,2023-02-07,50000,45,REP035
4835,Fictional Outlet 04835,East,Traditional Trade,Small,2022-01-28,10000,60,REP036
4836,Fictional Outlet 04836,West,Modern Trade,Large,2022-10-13,25000,45,REP037
4837,Fictional Outlet 04837,North,Traditional Trade,Small,2022-12-04,50000,30,REP038
4838,Fictional Outlet 04838,South,Traditional Trade,Small,2022-11-06,5000,60,REP039
4839,Fictional Outlet 04839,East,Traditional Trade,Medium,2022-02-10,50000,45,REP040
4840,Fictional Outlet 04840,West,Traditional Trade,Small,2022-02-21,25000,15,REP041
4841,Fictional Outlet 04841,North,Traditional Trade,Small,2022-10-21,50000,15,REP042
4842,Fictional Outlet 04842,South,Modern Trade,Large,2022-07-05,25000,15,REP043
4843,Fictional Outlet 04843,East,Traditional Trade,Small,2023-08-01,25000,30,REP044
4844,Fictional Outlet 04844,West,Traditional Trade,Small,2023-11-08,5000,45,REP045
4845,Fictional Outlet 04845,North,Traditional Trade,Medium,2022-03-04,50000,30,REP046
4846,Fictional Outlet 04846,South,Traditional Trade,Large,2022-08-28,25000,30,REP047
4847,Fictional Outlet 04847,East,Modern Trade,Small,2023-06-21,5000,30,REP048
4848,Fictional Outlet 04848,West,Traditional Trade,Small,2023-04-12,25000,15,REP049
4849,Fictional Outlet 04849,North,Ecommerce,Small,2022-05-09,25000,45,REP050
4850,Fictional Outlet 04850,South, TRADITIONAL TRADE ,Medium,2022-05-09,50000,45,REP051
4851,Fictional Outlet 04851,East,Traditional Trade,Medium,2023-09-14,50000,45,REP052
4852,Fictional Outlet 04852,West,Traditional Trade,Small,2023-09-29,50000,60,REP053
4853,Fictional Outlet 04853,North,Traditional Trade,Medium,2022-06-19,50000,45,REP054
4854,Fictional Outlet 04854,South,Wholesale,Medium,2023-03-22,50000,45,REP055
4855,Fictional Outlet 04855,East,Modern Trade,Medium,2022-05-05,5000,15,REP056
4856,Fictional Outlet 04856,West,Modern Trade,Large,2022-08-11,10000,60,REP057
4857,Fictional Outlet 04857,North,Traditional Trade,Large,2022-08-31,10000,15,REP058
4858,Fictional Outlet 04858,South,Traditional Trade,Small,2022-06-13,50000,45,REP059
4859,Fictional Outlet 04859,East,Modern Trade,Small,2023-05-16,10000,60,
4860,Fictional Outlet 04860,West,Traditional Trade,Small,2022-06-04,25000,60,REP061
4861,Fictional Outlet 04861,North,Traditional Trade,Small,2022-08-10,25000,45,REP062
4862,Fictional Outlet 04862,South,Modern Trade,Large,2023-04-10,25000,15,REP063
4863,Fictional Outlet 04863,East,Traditional Trade,Medium,2023-01-21,5000,60,REP064
4864,Fictional Outlet 04864,West,Traditional Trade,Small,2023-09-22,10000,45,REP065
4865,Fictional Outlet 04865,North,Traditional Trade,Small,2023-12-24,50000,45,REP066
4866,Fictional Outlet 04866,South,Modern Trade,Medium,2022-09-29,10000,30,REP067
4867,Fictional Outlet 04867,East,Traditional Trade,Large,2022-08-03,5000,45,REP068
4868,Fictional Outlet 04868,West,Wholesale,Large,2022-12-07,50000,45,REP069
4869,Fictional Outlet 04869,North,Traditional Trade,Large,2023-06-19,10000,45,REP070
4870,Fictional Outlet 04870,South,Modern Trade,Large,2023-05-08,5000,60,REP071
4871,Fictional Outlet 04871,East,Modern Trade,Medium,2023-11-29,5000,45,REP072
4872,Fictional Outlet 04872,West,Traditional Trade,Medium,2023-12-28,50000,45,REP073
4873,Fictional Outlet 04873,North,Traditional Trade,Large,2022-03-30,25000,15,REP074
4874,Fictional Outlet 04874,South,Traditional Trade,Large,2022-07-31,10000,15,REP075
4875,Fictional Outlet 04875,East,Modern Trade,Large,2023-04-05,50000,45,REP076
4876,Fictional Outlet 04876,West,Traditional Trade,Small,2022-01-04,25000,45,REP077
4877,Fictional Outlet 04877,North,Traditional Trade,Medium,2022-05-04,5000,45,REP078
4878,Fictional Outlet 04878,South,Traditional Trade,Large,2022-07-18,10000,15,REP079
4879,Fictional Outlet 04879,East,Wholesale,Small,2022-06-17,25000,30,REP080
4880,Fictional Outlet 04880,West,Traditional Trade,Medium,2023-11-15,10000,45,REP001
4881,Fictional Outlet 04881,North,Traditional Trade,Small,2022-08-03,5000,45,REP002
4882,Fictional Outlet 04882,South,Traditional Trade,Small,2023-06-01,5000,45,REP003
4883,Fictional Outlet 04883,East,Traditional Trade,Small,2022-04-09,50000,30,REP004
4884,Fictional Outlet 04884,West,Modern Trade,Medium,2023-10-24,50000,45,REP005
4885,Fictional Outlet 04885,North,Traditional Trade,Medium,2023-11-05,25000,30,REP006
4886,Fictional Outlet 04886,South,Traditional Trade,Large,2022-12-09,50000,15,REP007
4887,Fictional Outlet 04887,East,Traditional Trade,Large,2022-08-22,5000,45,REP008
4888,Fictional Outlet 04888,West,Wholesale,Large,2022-08-08,25000,15,REP009
4889,Fictional Outlet 04889,North,Traditional Trade,Large,2022-11-22,5000,15,REP010
4890,Fictional Outlet 04890,South,Traditional Trade,Medium,2022-10-27,5000,45,REP011
4891,Fictional Outlet 04891,East,Wholesale,Small,2022-01-05,50000,45,REP012
4892,Fictional Outlet 04892,West,Modern Trade,Large,2023-12-01,50000,15,REP013
4893,Fictional Outlet 04893,North,Traditional Trade,Large,2022-03-07,25000,15,REP014
4894,Fictional Outlet 04894,South,Traditional Trade,Large,2022-08-11,25000,15,REP015
4895,Fictional Outlet 04895,East,Traditional Trade,Small,2023-11-09,50000,60,REP016
4896,Fictional Outlet 04896,West,Wholesale,Small,2023-03-23,10000,60,REP017
4897,Fictional Outlet 04897,North,Traditional Trade,Medium,2023-03-30,10000,45,REP018
4898,Fictional Outlet 04898,South,Traditional Trade,Large,2022-06-22,50000,15,REP019
4899,Fictional Outlet 04899,East,Traditional Trade,Small,2023-05-09,25000,15,REP020
4900,Fictional Outlet 04900,West,Modern Trade,Large,2023-08-23,5000,30,REP021
4901,Fictional Outlet 04901,North,Traditional Trade,Large,2023-06-03,5000,15,REP022
4902,Fictional Outlet 04902,South,Wholesale,Medium,2023-05-02,5000,30,REP023
4903,Fictional Outlet 04903,East,Modern Trade,Large,2023-05-25,50000,45,REP024
4904,Fictional Outlet 04904,West,Traditional Trade,Medium,2022-05-02,10000,45,REP025
4905,Fictional Outlet 04905,North,Traditional Trade,Medium,2023-09-06,25000,15,REP026
4906,Fictional Outlet 04906,South,Traditional Trade,Large,2023-02-24,10000,15,REP027
4907,Fictional Outlet 04907,East,Wholesale,Large,2023-10-06,10000,45,REP028
4908,Fictional Outlet 04908,West,Wholesale,Small,2023-05-12,5000,60,REP029
4909,Fictional Outlet 04909,North,Modern Trade,Medium,2022-04-27,5000,15,REP030
4910,Fictional Outlet 04910,South,Traditional Trade,Medium,2023-01-14,5000,15,REP031
4911,Fictional Outlet 04911,East,Wholesale,Medium,2023-07-02,5000,60,REP032
4912,Fictional Outlet 04912,West,Traditional Trade,Small,2022-03-08,10000,30,REP033
4913,Fictional Outlet 04913,North,Modern Trade,Small,2022-03-06,10000,45,REP034
4914,Fictional Outlet 04914,South,Modern Trade,Small,2023-03-24,50000,45,REP035
4915,Fictional Outlet 04915,East,Ecommerce,Small,2022-04-15,5000,45,REP036
4916,Fictional Outlet 04916,West,Traditional Trade,Medium,2022-12-14,25000,45,REP037
4917,Fictional Outlet 04917,North,Traditional Trade,Small,2022-11-04,10000,45,REP038
4918,Fictional Outlet 04918,South,Modern Trade,Large,2023-10-22,25000,60,REP039
4919,Fictional Outlet 04919,East,Modern Trade,Medium,2023-10-29,50000,45,REP040
4920,Fictional Outlet 04920,West,Traditional Trade,Large,2022-08-31,25000,30,REP041
4921,Fictional Outlet 04921,North,Wholesale,Large,2022-09-11,50000,60,REP042
4922,Fictional Outlet 04922,South,Ecommerce,Small,2022-02-15,5000,15,REP043
4923,Fictional Outlet 04923,East,Traditional Trade,Small,2022-03-05,5000,45,REP044
4924,Fictional Outlet 04924,West,Wholesale,Medium,2022-05-31,25000,30,REP045
4925,Fictional Outlet 04925,North,Wholesale,Large,2022-01-26,50000,60,REP046
4926,Fictional Outlet 04926,South,Traditional Trade,Medium,2023-03-03,5000,45,REP047
4927,Fictional Outlet 04927,East,Traditional Trade,Large,2022-08-25,5000,60,REP048
4928,Fictional Outlet 04928,West,Traditional Trade,Small,2023-06-07,5000,30,REP049
4929,Fictional Outlet 04929,North,Traditional Trade,Large,2023-01-03,50000,60,REP050
4930,Fictional Outlet 04930,South,Modern Trade,Small,2022-07-26,50000,45,REP051
4931,Fictional Outlet 04931,East,Modern Trade,Small,2022-03-25,10000,45,REP052
4932,Fictional Outlet 04932,West,Modern Trade,Small,2022-07-11,50000,45,REP053
4933,Fictional Outlet 04933,North,Traditional Trade,Medium,2023-06-30,50000,45,REP054
4934,Fictional Outlet 04934,South,Traditional Trade,Medium,2023-02-21,5000,15,REP055
4935,Fictional Outlet 04935,East,Traditional Trade,Large,2022-01-26,25000,45,REP056
4936,Fictional Outlet 04936,West,Ecommerce,Medium,2023-08-29,5000,15,REP057
4937,Fictional Outlet 04937,North,Modern Trade,Large,2023-08-05,50000,15,REP058
4938,Fictional Outlet 04938,South,Modern Trade,Medium,2022-12-27,5000,30,REP059
4939,Fictional Outlet 04939,East,Wholesale,Large,2023-04-13,25000,45,REP060
4940,Fictional Outlet 04940,West,Wholesale,Large,2023-04-15,10000,30,REP061
4941,Fictional Outlet 04941,North,Traditional Trade,Medium,2023-05-15,25000,60,REP062
4942,Fictional Outlet 04942,South,Modern Trade,Medium,2022-09-10,50000,45,REP063
4943,Fictional Outlet 04943,East,Traditional Trade,Medium,2023-06-18,50000,30,REP064
4944,Fictional Outlet 04944,West,Wholesale,Large,2022-10-28,50000,15,REP065
4945,Fictional Outlet 04945,North,Traditional Trade,Large,2023-04-21,10000,45,REP066
4946,Fictional Outlet 04946,South,Traditional Trade,Large,2023-05-27,25000,45,REP067
4947,Fictional Outlet 04947,East, MODERN TRADE ,Large,2023-11-02,5000,30,REP068
4948,Fictional Outlet 04948,West,Traditional Trade,Medium,2022-06-07,5000,60,REP069
4949,Fictional Outlet 04949,North,Traditional Trade,Small,2023-07-06,25000,45,REP070
4950,Fictional Outlet 04950,South,Traditional Trade,Small,2023-12-27,5000,15,REP071
4951,Fictional Outlet 04951,East,Traditional Trade,Large,2023-07-17,10000,30,REP072
4952,Fictional Outlet 04952,West,Traditional Trade,Small,2023-07-30,10000,60,REP073
4953,Fictional Outlet 04953,North,Wholesale,Small,2023-11-02,5000,30,REP074
4954,Fictional Outlet 04954,South,Traditional Trade,Small,2023-06-07,50000,15,REP075
4955,Fictional Outlet 04955,East,Ecommerce,Small,2022-09-27,5000,45,REP076
4956,Fictional Outlet 04956,West,Modern Trade,Small,2023-11-08,10000,45,REP077
4957,Fictional Outlet 04957,North,Traditional Trade,Medium,2023-03-25,25000,60,REP078
4958,Fictional Outlet 04958,South,Traditional Trade,Large,2022-01-05,50000,30,REP079
4959,Fictional Outlet 04959,East,Modern Trade,Large,2022-03-03,25000,45,REP080
4960,Fictional Outlet 04960,West,Modern Trade,Medium,2023-05-21,10000,45,REP001
4961,Fictional Outlet 04961,North,Traditional Trade,Large,2022-10-07,25000,30,REP002
4962,Fictional Outlet 04962,South,Traditional Trade,Medium,2022-02-04,5000,30,REP003
4963,Fictional Outlet 04963,East,Modern Trade,Small,2022-11-02,50000,15,REP004
4964,Fictional Outlet 04964,West,Modern Trade,Small,2022-11-02,10000,45,REP005
4965,Fictional Outlet 04965,North,Modern Trade,Large,2022-05-30,50000,45,REP006
4966,Fictional Outlet 04966,South,Wholesale,Small,2023-06-30,5000,45,REP007
4967,Fictional Outlet 04967,East,Wholesale,Medium,2023-09-27,50000,15,REP008
4968,Fictional Outlet 04968,West,Traditional Trade,Medium,2022-05-26,25000,60,REP009
4969,Fictional Outlet 04969,North,Modern Trade,Large,2022-06-09,10000,15,REP010
4970,Fictional Outlet 04970,South,Traditional Trade,Large,2023-05-31,50000,45,REP011
4971,Fictional Outlet 04971,East,Modern Trade,Medium,2022-06-19,5000,15,REP012
4972,Fictional Outlet 04972,West,Modern Trade,Medium,2023-01-03,5000,30,
4973,Fictional Outlet 04973,North,Traditional Trade,Small,2022-01-13,10000,15,REP014
4974,Fictional Outlet 04974,South,Modern Trade,Small,2023-04-06,5000,30,REP015
4975,Fictional Outlet 04975,East,Ecommerce,Medium,2023-05-05,50000,45,REP016
4976,Fictional Outlet 04976,West,Modern Trade,Large,2022-03-24,10000,45,REP017
4977,Fictional Outlet 04977,North,Modern Trade,Medium,2023-06-01,10000,45,REP018
4978,Fictional Outlet 04978,South,Wholesale,Medium,2022-06-24,10000,60,REP019
4979,Fictional Outlet 04979,East,Modern Trade,Medium,2023-10-10,50000,60,REP020
4980,Fictional Outlet 04980,West,Traditional Trade,Large,2022-09-11,5000,60,REP021
4981,Fictional Outlet 04981,North,Traditional Trade,Small,2022-10-17,25000,30,REP022
4982,Fictional Outlet 04982,South,Traditional Trade,Medium,2022-03-05,5000,15,REP023
4983,Fictional Outlet 04983,East,Traditional Trade,Small,2023-09-20,25000,60,REP024
4984,Fictional Outlet 04984,West,Traditional Trade,Medium,2022-01-11,5000,15,REP025
4985,Fictional Outlet 04985,North,Wholesale,Medium,2023-10-08,25000,60,REP026
4986,Fictional Outlet 04986,South,Ecommerce,Small,2023-02-06,50000,30,REP027
4987,Fictional Outlet 04987,East,Wholesale,Small,2023-08-01,5000,15,REP028
4988,Fictional Outlet 04988,West,Traditional Trade,Large,2022-05-25,5000,45,REP029
4989,Fictional Outlet 04989,North,Traditional Trade,Small,2023-08-11,50000,45,REP030
4990,Fictional Outlet 04990,South,Traditional Trade,Large,2023-03-18,5000,15,REP031
4991,Fictional Outlet 04991,East,Ecommerce,Large,2023-05-18,5000,15,REP032
4992,Fictional Outlet 04992,West,Traditional Trade,Medium,2022-05-02,50000,15,REP033
4993,Fictional Outlet 04993,North,Traditional Trade,Small,2022-08-04,25000,45,REP034
4994,Fictional Outlet 04994,South,Traditional Trade,Large,2022-06-16,25000,15,REP035
4995,Fictional Outlet 04995,East,Traditional Trade,Small,2023-12-23,10000,60,REP036
4996,Fictional Outlet 04996,West,Traditional Trade,Large,2022-09-15,5000,60,REP037
4997,Fictional Outlet 04997,North,Traditional Trade,Large,2023-11-01,25000,15,REP038
4998,Fictional Outlet 04998,South,Traditional Trade,Large,2022-01-27,5000,60,REP039
4999,Fictional Outlet 04999,East,Traditional Trade,Small,2022-05-10,10000,60,REP040
5000,Fictional Outlet 05000,West,Traditional Trade,Medium,2023-10-12,50000,60,REP041
5001,Fictional Outlet 05001,North,Traditional Trade,Medium,2022-02-03,25000,45,REP042
5002,Fictional Outlet 05002,South,Wholesale,Medium,2023-06-17,5000,45,REP043
5003,Fictional Outlet 05003,East,Wholesale,Medium,2022-08-30,25000,60,REP044
5004,Fictional Outlet 05004,West,Wholesale,Small,2022-08-16,50000,45,REP045
5005,Fictional Outlet 05005,North,Wholesale,Medium,2022-10-18,50000,30,REP046
5006,Fictional Outlet 05006,South,Wholesale,Large,2023-07-28,10000,30,REP047
5007,Fictional Outlet 05007,East,Wholesale,Medium,2023-01-21,50000,30,REP048
5008,Fictional Outlet 05008,West,Traditional Trade,Small,2023-05-01,5000,15,REP049
5009,Fictional Outlet 05009,North,Traditional Trade,Large,2022-01-08,10000,15,REP050
5010,Fictional Outlet 05010,South,Ecommerce,Large,2023-09-13,10000,15,REP051
5011,Fictional Outlet 05011,East,Traditional Trade,Large,2022-10-14,25000,30,REP052
5012,Fictional Outlet 05012,West,Ecommerce,Small,2023-10-15,25000,15,REP053
5013,Fictional Outlet 05013,North,Traditional Trade,Small,2023-07-27,5000,15,REP054
5014,Fictional Outlet 05014,South,Wholesale,Large,2023-03-10,50000,60,REP055
5015,Fictional Outlet 05015,East,Traditional Trade,Small,2023-01-18,25000,60,REP056
5016,Fictional Outlet 05016,West,Modern Trade,Large,2023-09-18,50000,30,REP057
5017,Fictional Outlet 05017,North,Traditional Trade,Large,2023-02-06,50000,30,REP058
5018,Fictional Outlet 05018,South,Traditional Trade,Medium,2022-01-23,50000,45,REP059
5019,Fictional Outlet 05019,East,Traditional Trade,Small,2023-06-07,5000,30,REP060
5020,Fictional Outlet 05020,West,Ecommerce,Small,2022-09-25,50000,45,REP061
5021,Fictional Outlet 05021,North,Modern Trade,Small,2022-06-03,10000,30,REP062
5022,Fictional Outlet 05022,South,Wholesale,Small,2022-10-25,5000,30,REP063
5023,Fictional Outlet 05023,East,Traditional Trade,Medium,2023-05-14,5000,60,REP064
5024,Fictional Outlet 05024,West,Traditional Trade,Small,2022-06-06,25000,30,REP065
5025,Fictional Outlet 05025,North,Traditional Trade,Small,2022-06-11,10000,15,REP066
5026,Fictional Outlet 05026,South,Traditional Trade,Small,2022-03-25,10000,30,REP067
5027,Fictional Outlet 05027,East,Wholesale,Small,2022-09-26,5000,60,REP068
5028,Fictional Outlet 05028,West,Traditional Trade,Large,2023-08-30,25000,30,REP069
5029,Fictional Outlet 05029,North,Traditional Trade,Medium,2023-06-17,10000,45,REP070
5030,Fictional Outlet 05030,South,Wholesale,Medium,2022-10-14,10000,60,REP071
5031,Fictional Outlet 05031,East,Traditional Trade,Small,2022-08-23,50000,15,REP072
5032,Fictional Outlet 05032,West,Traditional Trade,Large,2022-02-02,10000,15,REP073
5033,Fictional Outlet 05033,North,Traditional Trade,Medium,2023-01-27,10000,15,REP074
5034,Fictional Outlet 05034,South,Traditional Trade,Medium,2022-09-02,50000,60,REP075
5035,Fictional Outlet 05035,East,Wholesale,Large,2022-10-16,5000,15,REP076
5036,Fictional Outlet 05036,West,Traditional Trade,Small,2022-05-28,10000,30,REP077
5037,Fictional Outlet 05037,North,Wholesale,Large,2023-02-21,50000,45,REP078
5038,Fictional Outlet 05038,South,Traditional Trade,Large,2023-01-25,25000,60,REP079
5039,Fictional Outlet 05039,East,Modern Trade,Large,2022-05-27,5000,30,REP080
5040,Fictional Outlet 05040,West,Wholesale,Small,2023-05-16,5000,15,REP001
5041,Fictional Outlet 05041,North,Traditional Trade,Small,2023-05-27,5000,45,REP002
5042,Fictional Outlet 05042,South,Traditional Trade,Small,2023-02-18,50000,45,REP003
5043,Fictional Outlet 05043,East,Traditional Trade,Large,2023-07-15,10000,45,REP004
5044,Fictional Outlet 05044,West, MODERN TRADE ,Large,2022-11-08,10000,45,REP005
5045,Fictional Outlet 05045,North,Modern Trade,Medium,2022-12-24,5000,30,REP006
5046,Fictional Outlet 05046,South,Wholesale,Large,2022-02-02,10000,30,REP007
5047,Fictional Outlet 05047,East,Traditional Trade,Large,2022-02-08,50000,60,REP008
5048,Fictional Outlet 05048,West,Traditional Trade,Medium,2023-05-07,5000,45,REP009
5049,Fictional Outlet 05049,North,Traditional Trade,Medium,2023-11-04,50000,60,REP010
5050,Fictional Outlet 05050,South,Traditional Trade,Medium,2022-10-17,25000,60,REP011
5051,Fictional Outlet 05051,East,Traditional Trade,Large,2022-11-28,5000,30,REP012
5052,Fictional Outlet 05052,West,Traditional Trade,Large,2023-12-09,10000,60,REP013
5053,Fictional Outlet 05053,North,Traditional Trade,Medium,2023-05-04,50000,60,REP014
5054,Fictional Outlet 05054,South,Traditional Trade,Large,2023-03-18,5000,60,REP015
5055,Fictional Outlet 05055,East,Wholesale,Large,2022-09-05,10000,60,REP016
5056,Fictional Outlet 05056,West,Modern Trade,Medium,2023-04-16,10000,15,REP017
5057,Fictional Outlet 05057,North,Ecommerce,Medium,2023-02-21,50000,60,REP018
5058,Fictional Outlet 05058,South,Traditional Trade,Medium,2022-01-10,50000,45,REP019
5059,Fictional Outlet 05059,East,Wholesale,Small,2022-05-01,25000,30,REP020
5060,Fictional Outlet 05060,West,Ecommerce,Large,2023-12-08,10000,60,REP021
5061,Fictional Outlet 05061,North,Traditional Trade,Small,2023-06-30,10000,45,REP022
5062,Fictional Outlet 05062,South,Traditional Trade,Medium,2023-11-12,10000,45,REP023
5063,Fictional Outlet 05063,East,Traditional Trade,Medium,2023-01-04,10000,15,REP024
5064,Fictional Outlet 05064,West,Traditional Trade,Medium,2022-11-10,50000,45,REP025
5065,Fictional Outlet 05065,North,Traditional Trade,Small,2023-09-08,5000,15,REP026
5066,Fictional Outlet 05066,South,Traditional Trade,Medium,2023-12-26,25000,45,REP027
5067,Fictional Outlet 05067,East,Traditional Trade,Large,2023-03-24,5000,15,REP028
5068,Fictional Outlet 05068,West,Traditional Trade,Medium,2022-05-20,5000,15,REP029
5069,Fictional Outlet 05069,North,Traditional Trade,Small,2022-05-11,25000,15,REP030
5070,Fictional Outlet 05070,South,Traditional Trade,Medium,2022-04-07,10000,45,REP031
5071,Fictional Outlet 05071,East,Traditional Trade,Medium,2022-03-30,25000,15,REP032
5072,Fictional Outlet 05072,West,Traditional Trade,Large,2022-10-25,25000,15,REP033
5073,Fictional Outlet 05073,North,Traditional Trade,Large,2023-02-10,5000,15,REP034
5074,Fictional Outlet 05074,South,Traditional Trade,Medium,2023-03-14,5000,45,REP035
5075,Fictional Outlet 05075,East,Traditional Trade,Large,2022-08-01,5000,45,REP036
5076,Fictional Outlet 05076,West,Traditional Trade,Small,2023-01-05,25000,30,REP037
5077,Fictional Outlet 05077,North,Traditional Trade,Small,2023-09-03,5000,15,REP038
5078,Fictional Outlet 05078,South,Traditional Trade,Small,2022-02-27,50000,15,REP039
5079,Fictional Outlet 05079,East,Traditional Trade,Small,2023-08-17,10000,15,REP040
5080,Fictional Outlet 05080,West,Traditional Trade,Small,2022-07-09,25000,60,REP041
5081,Fictional Outlet 05081,North,Wholesale,Medium,2022-05-23,5000,15,REP042
5082,Fictional Outlet 05082,South,Traditional Trade,Medium,2022-06-18,5000,30,REP043
5083,Fictional Outlet 05083,East,Wholesale,Small,2023-03-28,10000,45,REP044
5084,Fictional Outlet 05084,West,Traditional Trade,Large,2022-01-30,5000,15,REP045
5085,Fictional Outlet 05085,North,Wholesale,Large,2022-11-15,25000,45,
5086,Fictional Outlet 05086,South,Modern Trade,Large,2022-11-12,5000,45,REP047
5087,Fictional Outlet 05087,East,Traditional Trade,Small,2022-03-23,10000,30,REP048
5088,Fictional Outlet 05088,West,Traditional Trade,Large,2023-12-24,50000,30,REP049
5089,Fictional Outlet 05089,North,Traditional Trade,Large,2023-05-26,50000,60,REP050
5090,Fictional Outlet 05090,South,Traditional Trade,Large,2022-01-16,50000,60,REP051
5091,Fictional Outlet 05091,East,Traditional Trade,Medium,2023-08-24,25000,15,REP052
5092,Fictional Outlet 05092,West,Traditional Trade,Medium,2022-10-15,25000,45,REP053
5093,Fictional Outlet 05093,North,Modern Trade,Medium,2023-09-29,10000,30,REP054
5094,Fictional Outlet 05094,South,Modern Trade,Medium,2023-05-27,5000,30,REP055
5095,Fictional Outlet 05095,East,Traditional Trade,Large,2022-06-29,5000,45,REP056
5096,Fictional Outlet 05096,West,Traditional Trade,Small,2022-04-05,50000,15,REP057
5097,Fictional Outlet 05097,North,Traditional Trade,Large,2022-03-01,10000,60,REP058
5098,Fictional Outlet 05098,South,Wholesale,Medium,2023-05-04,5000,30,REP059
5099,Fictional Outlet 05099,East,Wholesale,Medium,2023-10-24,10000,15,REP060
5100,Fictional Outlet 05100,West,Traditional Trade,Large,2022-08-01,50000,15,REP061
5101,Fictional Outlet 05101,North,Modern Trade,Large,2022-05-25,25000,60,REP062
5102,Fictional Outlet 05102,South,Traditional Trade,Large,2023-06-04,25000,30,REP063
5103,Fictional Outlet 05103,East,Traditional Trade,Small,2022-07-05,10000,30,REP064
5104,Fictional Outlet 05104,West,Traditional Trade,Large,2022-12-02,50000,45,REP065
5105,Fictional Outlet 05105,North,Ecommerce,Small,2022-02-18,50000,15,REP066
5106,Fictional Outlet 05106,South,Traditional Trade,Medium,2022-08-31,5000,15,REP067
5107,Fictional Outlet 05107,East,Traditional Trade,Large,2022-01-28,25000,30,REP068
5108,Fictional Outlet 05108,West,Traditional Trade,Large,2022-08-17,50000,30,REP069
5109,Fictional Outlet 05109,North,Modern Trade,Medium,2022-03-14,10000,60,REP070
5110,Fictional Outlet 05110,South,Ecommerce,Small,2023-11-21,5000,45,REP071
5111,Fictional Outlet 05111,East,Traditional Trade,Large,2022-11-03,25000,30,REP072
5112,Fictional Outlet 05112,West,Traditional Trade,Large,2023-01-29,25000,30,REP073
5113,Fictional Outlet 05113,North,Ecommerce,Small,2023-03-16,50000,30,REP074
5114,Fictional Outlet 05114,South,Traditional Trade,Small,2022-01-25,50000,45,REP075
5115,Fictional Outlet 05115,East,Traditional Trade,Large,2022-02-23,5000,15,REP076
5116,Fictional Outlet 05116,West,Wholesale,Medium,2023-03-04,10000,45,REP077
5117,Fictional Outlet 05117,North,Modern Trade,Medium,2022-01-28,25000,15,REP078
5118,Fictional Outlet 05118,South,Wholesale,Medium,2023-01-23,5000,45,REP079
5119,Fictional Outlet 05119,East,Traditional Trade,Small,2022-07-05,25000,15,REP080
5120,Fictional Outlet 05120,West,Traditional Trade,Small,2023-07-22,25000,30,REP001
5121,Fictional Outlet 05121,North,Traditional Trade,Large,2023-12-31,5000,30,REP002
5122,Fictional Outlet 05122,South,Traditional Trade,Medium,2023-12-04,25000,60,REP003
5123,Fictional Outlet 05123,East,Traditional Trade,Large,2023-07-01,25000,30,REP004
5124,Fictional Outlet 05124,West,Traditional Trade,Small,2023-04-14,50000,60,REP005
5125,Fictional Outlet 05125,North,Traditional Trade,Large,2023-01-23,25000,60,REP006
5126,Fictional Outlet 05126,South,Modern Trade,Medium,2023-07-28,50000,15,REP007
5127,Fictional Outlet 05127,East,Modern Trade,Large,2022-07-14,10000,15,REP008
5128,Fictional Outlet 05128,West,Wholesale,Small,2022-12-16,25000,15,REP009
5129,Fictional Outlet 05129,North,Traditional Trade,Large,2023-04-25,50000,15,REP010
5130,Fictional Outlet 05130,South,Modern Trade,Large,2023-08-17,10000,60,REP011
5131,Fictional Outlet 05131,East,Traditional Trade,Small,2022-01-20,25000,30,REP012
5132,Fictional Outlet 05132,West,Traditional Trade,Small,2023-10-29,25000,15,REP013
5133,Fictional Outlet 05133,North,Ecommerce,Medium,2023-01-08,10000,45,REP014
5134,Fictional Outlet 05134,South,Wholesale,Large,2022-12-08,10000,60,REP015
5135,Fictional Outlet 05135,East,Wholesale,Large,2023-10-12,5000,30,REP016
5136,Fictional Outlet 05136,West,Modern Trade,Small,2022-05-20,50000,60,REP017
5137,Fictional Outlet 05137,North,Traditional Trade,Small,2023-12-29,10000,15,REP018
5138,Fictional Outlet 05138,South,Modern Trade,Large,2023-09-24,10000,60,REP019
5139,Fictional Outlet 05139,East,Wholesale,Medium,2023-06-08,5000,30,REP020
5140,Fictional Outlet 05140,West,Wholesale,Medium,2022-05-01,10000,15,REP021
5141,Fictional Outlet 05141,North, TRADITIONAL TRADE ,Medium,2022-03-06,50000,45,REP022
5142,Fictional Outlet 05142,South,Wholesale,Small,2022-09-27,50000,45,REP023
5143,Fictional Outlet 05143,East,Modern Trade,Large,2023-04-08,50000,30,REP024
5144,Fictional Outlet 05144,West,Traditional Trade,Medium,2022-11-09,50000,45,REP025
5145,Fictional Outlet 05145,North,Traditional Trade,Small,2022-04-30,25000,60,REP026
5146,Fictional Outlet 05146,South,Modern Trade,Large,2022-02-15,5000,15,REP027
5147,Fictional Outlet 05147,East,Traditional Trade,Large,2022-03-21,10000,45,REP028
5148,Fictional Outlet 05148,West,Ecommerce,Large,2022-06-17,25000,30,REP029
5149,Fictional Outlet 05149,North,Traditional Trade,Large,2023-08-20,25000,30,REP030
5150,Fictional Outlet 05150,South,Wholesale,Medium,2023-03-18,5000,45,REP031
5151,Fictional Outlet 05151,East,Traditional Trade,Medium,2022-01-07,10000,30,REP032
5152,Fictional Outlet 05152,West,Wholesale,Small,2022-09-05,50000,15,REP033
5153,Fictional Outlet 05153,North,Traditional Trade,Small,2023-08-08,10000,15,REP034
5154,Fictional Outlet 05154,South,Modern Trade,Small,2022-05-29,25000,45,REP035
5155,Fictional Outlet 05155,East,Wholesale,Medium,2023-02-12,10000,60,REP036
5156,Fictional Outlet 05156,West,Wholesale,Medium,2022-11-06,25000,60,REP037
5157,Fictional Outlet 05157,North,Wholesale,Medium,2022-10-06,50000,30,REP038
5158,Fictional Outlet 05158,South,Traditional Trade,Small,2023-04-24,50000,30,REP039
5159,Fictional Outlet 05159,East,Traditional Trade,Small,2022-01-25,5000,30,REP040
5160,Fictional Outlet 05160,West,Wholesale,Medium,2022-03-09,5000,60,REP041
5161,Fictional Outlet 05161,North,Traditional Trade,Medium,2022-09-08,5000,30,REP042
5162,Fictional Outlet 05162,South,Wholesale,Small,2023-05-02,5000,15,REP043
5163,Fictional Outlet 05163,East,Wholesale,Large,2023-10-02,10000,30,REP044
5164,Fictional Outlet 05164,West,Traditional Trade,Small,2022-01-04,10000,15,REP045
5165,Fictional Outlet 05165,North,Wholesale,Small,2023-11-25,5000,60,REP046
5166,Fictional Outlet 05166,South,Traditional Trade,Large,2022-05-17,50000,15,REP047
5167,Fictional Outlet 05167,East,Traditional Trade,Large,2023-03-15,25000,15,REP048
5168,Fictional Outlet 05168,West,Traditional Trade,Small,2022-09-11,50000,45,REP049
5169,Fictional Outlet 05169,North,Traditional Trade,Medium,2023-03-18,10000,45,REP050
5170,Fictional Outlet 05170,South,Traditional Trade,Large,2022-06-13,5000,30,REP051
5171,Fictional Outlet 05171,East,Traditional Trade,Medium,2023-05-13,50000,15,REP052
5172,Fictional Outlet 05172,West,Ecommerce,Medium,2023-06-15,25000,60,REP053
5173,Fictional Outlet 05173,North,Traditional Trade,Medium,2022-09-07,50000,45,REP054
5174,Fictional Outlet 05174,South,Traditional Trade,Small,2023-12-21,10000,15,REP055
5175,Fictional Outlet 05175,East,Traditional Trade,Medium,2022-11-28,10000,30,REP056
5176,Fictional Outlet 05176,West,Traditional Trade,Small,2022-07-13,25000,15,REP057
5177,Fictional Outlet 05177,North,Wholesale,Medium,2022-11-05,5000,45,REP058
5178,Fictional Outlet 05178,South,Wholesale,Large,2023-09-03,5000,15,REP059
5179,Fictional Outlet 05179,East,Wholesale,Large,2022-12-24,5000,45,REP060
5180,Fictional Outlet 05180,West,Traditional Trade,Large,2022-09-20,5000,30,REP061
5181,Fictional Outlet 05181,North,Wholesale,Small,2022-10-03,25000,15,REP062
5182,Fictional Outlet 05182,South,Modern Trade,Large,2023-11-30,25000,60,REP063
5183,Fictional Outlet 05183,East,Modern Trade,Small,2023-04-22,50000,15,REP064
5184,Fictional Outlet 05184,West,Wholesale,Small,2022-06-22,25000,60,REP065
5185,Fictional Outlet 05185,North,Traditional Trade,Medium,2023-06-17,10000,15,REP066
5186,Fictional Outlet 05186,South,Traditional Trade,Medium,2022-07-14,25000,60,REP067
5187,Fictional Outlet 05187,East,Wholesale,Small,2023-07-18,25000,60,REP068
5188,Fictional Outlet 05188,West,Wholesale,Medium,2023-06-03,5000,60,REP069
5189,Fictional Outlet 05189,North,Traditional Trade,Small,2022-10-13,10000,45,REP070
5190,Fictional Outlet 05190,South,Modern Trade,Medium,2023-01-28,10000,15,REP071
5191,Fictional Outlet 05191,East,Traditional Trade,Medium,2022-04-15,10000,60,REP072
5192,Fictional Outlet 05192,West,Modern Trade,Small,2022-06-14,50000,45,REP073
5193,Fictional Outlet 05193,North,Traditional Trade,Medium,2023-04-18,50000,30,REP074
5194,Fictional Outlet 05194,South,Traditional Trade,Medium,2023-08-31,5000,15,REP075
5195,Fictional Outlet 05195,East,Modern Trade,Medium,2023-11-06,25000,60,REP076
5196,Fictional Outlet 05196,West,Traditional Trade,Large,2023-01-16,10000,15,REP077
5197,Fictional Outlet 05197,North,Ecommerce,Medium,2023-06-04,50000,30,REP078
5198,Fictional Outlet 05198,South,Traditional Trade,Medium,2023-08-12,50000,60,
5199,Fictional Outlet 05199,East,Ecommerce,Small,2023-01-20,10000,60,REP080
5200,Fictional Outlet 05200,West,Modern Trade,Medium,2022-10-07,25000,60,REP001
5201,Fictional Outlet 05201,North,Wholesale,Small,2023-03-11,25000,60,REP002
5202,Fictional Outlet 05202,South,Wholesale,Medium,2022-10-09,25000,60,REP003
5203,Fictional Outlet 05203,East,Traditional Trade,Large,2022-01-30,50000,45,REP004
5204,Fictional Outlet 05204,West,Traditional Trade,Large,2023-05-13,25000,15,REP005
5205,Fictional Outlet 05205,North,Ecommerce,Small,2023-05-14,5000,15,REP006
5206,Fictional Outlet 05206,South,Ecommerce,Large,2023-07-17,25000,30,REP007
5207,Fictional Outlet 05207,East,Modern Trade,Large,2023-06-06,10000,15,REP008
5208,Fictional Outlet 05208,West,Modern Trade,Small,2022-08-31,50000,45,REP009
5209,Fictional Outlet 05209,North,Modern Trade,Medium,2022-08-04,25000,45,REP010
5210,Fictional Outlet 05210,South,Traditional Trade,Small,2022-06-12,5000,30,REP011
5211,Fictional Outlet 05211,East,Traditional Trade,Large,2022-03-04,10000,30,REP012
5212,Fictional Outlet 05212,West,Traditional Trade,Medium,2022-02-19,25000,45,REP013
5213,Fictional Outlet 05213,North,Wholesale,Small,2022-03-26,10000,60,REP014
5214,Fictional Outlet 05214,South,Traditional Trade,Large,2022-10-28,10000,45,REP015
5215,Fictional Outlet 05215,East,Modern Trade,Medium,2022-09-13,10000,45,REP016
5216,Fictional Outlet 05216,West,Modern Trade,Medium,2023-04-30,10000,15,REP017
5217,Fictional Outlet 05217,North,Wholesale,Medium,2023-01-30,5000,15,REP018
5218,Fictional Outlet 05218,South,Traditional Trade,Large,2022-05-09,5000,30,REP019
5219,Fictional Outlet 05219,East,Traditional Trade,Large,2023-05-21,5000,45,REP020
5220,Fictional Outlet 05220,West,Traditional Trade,Small,2022-08-30,5000,60,REP021
5221,Fictional Outlet 05221,North,Wholesale,Small,2023-06-20,25000,45,REP022
5222,Fictional Outlet 05222,South,Modern Trade,Medium,2023-06-08,25000,60,REP023
5223,Fictional Outlet 05223,East,Traditional Trade,Medium,2023-11-25,50000,60,REP024
5224,Fictional Outlet 05224,West,Modern Trade,Small,2023-07-23,5000,15,REP025
5225,Fictional Outlet 05225,North,Modern Trade,Small,2023-11-26,5000,30,REP026
5226,Fictional Outlet 05226,South,Traditional Trade,Medium,2022-09-23,5000,30,REP027
5227,Fictional Outlet 05227,East,Traditional Trade,Small,2022-07-14,25000,15,REP028
5228,Fictional Outlet 05228,West,Traditional Trade,Small,2023-07-24,10000,45,REP029
5229,Fictional Outlet 05229,North,Traditional Trade,Small,2022-06-10,50000,15,REP030
5230,Fictional Outlet 05230,South,Traditional Trade,Medium,2022-02-18,5000,15,REP031
5231,Fictional Outlet 05231,East,Wholesale,Small,2023-07-15,25000,15,REP032
5232,Fictional Outlet 05232,West,Traditional Trade,Medium,2023-12-29,10000,60,REP033
5233,Fictional Outlet 05233,North,Traditional Trade,Small,2022-10-27,5000,30,REP034
5234,Fictional Outlet 05234,South,Wholesale,Medium,2023-10-19,5000,30,REP035
5235,Fictional Outlet 05235,East,Modern Trade,Large,2023-09-28,25000,15,REP036
5236,Fictional Outlet 05236,West,Traditional Trade,Medium,2023-05-18,5000,45,REP037
5237,Fictional Outlet 05237,North,Wholesale,Large,2022-10-10,5000,30,REP038
5238,Fictional Outlet 05238,South, ECOMMERCE ,Small,2022-04-17,25000,60,REP039
5239,Fictional Outlet 05239,East,Modern Trade,Medium,2023-09-28,5000,60,REP040
5240,Fictional Outlet 05240,West,Traditional Trade,Medium,2022-07-11,25000,60,REP041
5241,Fictional Outlet 05241,North,Wholesale,Small,2023-06-07,50000,15,REP042
5242,Fictional Outlet 05242,South,Traditional Trade,Medium,2022-01-16,5000,15,REP043
5243,Fictional Outlet 05243,East,Traditional Trade,Medium,2023-09-12,10000,15,REP044
5244,Fictional Outlet 05244,West,Wholesale,Medium,2023-09-06,10000,30,REP045
5245,Fictional Outlet 05245,North,Traditional Trade,Medium,2022-08-04,5000,30,REP046
5246,Fictional Outlet 05246,South,Modern Trade,Small,2023-08-22,10000,45,REP047
5247,Fictional Outlet 05247,East,Traditional Trade,Large,2022-05-01,5000,15,REP048
5248,Fictional Outlet 05248,West,Wholesale,Small,2022-12-17,10000,45,REP049
5249,Fictional Outlet 05249,North,Traditional Trade,Medium,2022-06-14,10000,15,REP050
5250,Fictional Outlet 05250,South,Traditional Trade,Small,2022-03-25,25000,15,REP051
5251,Fictional Outlet 05251,East,Wholesale,Medium,2023-06-07,25000,45,REP052
5252,Fictional Outlet 05252,West,Wholesale,Large,2023-06-21,10000,60,REP053
5253,Fictional Outlet 05253,North,Wholesale,Large,2022-05-09,10000,60,REP054
5254,Fictional Outlet 05254,South,Wholesale,Medium,2023-01-05,5000,60,REP055
5255,Fictional Outlet 05255,East,Traditional Trade,Large,2023-06-17,25000,15,REP056
5256,Fictional Outlet 05256,West,Traditional Trade,Medium,2022-09-27,5000,15,REP057
5257,Fictional Outlet 05257,North,Wholesale,Small,2023-10-17,50000,30,REP058
5258,Fictional Outlet 05258,South,Wholesale,Medium,2023-08-19,10000,30,REP059
5259,Fictional Outlet 05259,East,Traditional Trade,Small,2023-03-13,5000,60,REP060
5260,Fictional Outlet 05260,West,Traditional Trade,Medium,2023-11-11,10000,15,REP061
5261,Fictional Outlet 05261,North,Traditional Trade,Large,2023-03-27,10000,45,REP062
5262,Fictional Outlet 05262,South,Traditional Trade,Small,2022-02-16,25000,60,REP063
5263,Fictional Outlet 05263,East,Ecommerce,Large,2022-07-19,50000,30,REP064
5264,Fictional Outlet 05264,West,Traditional Trade,Large,2023-05-13,10000,60,REP065
5265,Fictional Outlet 05265,North,Traditional Trade,Small,2023-01-16,5000,15,REP066
5266,Fictional Outlet 05266,South,Modern Trade,Medium,2022-03-11,10000,45,REP067
5267,Fictional Outlet 05267,East,Traditional Trade,Medium,2023-07-28,10000,30,REP068
5268,Fictional Outlet 05268,West,Ecommerce,Medium,2022-12-29,10000,60,REP069
5269,Fictional Outlet 05269,North,Traditional Trade,Small,2022-03-21,5000,60,REP070
5270,Fictional Outlet 05270,South,Wholesale,Large,2023-08-22,25000,60,REP071
5271,Fictional Outlet 05271,East,Traditional Trade,Small,2023-10-19,25000,15,REP072
5272,Fictional Outlet 05272,West,Traditional Trade,Small,2023-04-16,50000,60,REP073
5273,Fictional Outlet 05273,North,Modern Trade,Large,2022-01-24,10000,30,REP074
5274,Fictional Outlet 05274,South,Traditional Trade,Medium,2023-09-15,25000,15,REP075
5275,Fictional Outlet 05275,East,Wholesale,Large,2022-03-21,25000,45,REP076
5276,Fictional Outlet 05276,West,Traditional Trade,Medium,2023-10-06,10000,30,REP077
5277,Fictional Outlet 05277,North,Modern Trade,Medium,2023-06-10,10000,45,REP078
5278,Fictional Outlet 05278,South,Traditional Trade,Large,2022-10-18,10000,45,REP079
5279,Fictional Outlet 05279,East,Traditional Trade,Small,2023-12-12,10000,15,REP080
5280,Fictional Outlet 05280,West,Traditional Trade,Large,2023-03-03,25000,30,REP001
5281,Fictional Outlet 05281,North,Wholesale,Large,2022-11-17,50000,30,REP002
5282,Fictional Outlet 05282,South,Traditional Trade,Medium,2023-02-22,50000,60,REP003
5283,Fictional Outlet 05283,East,Traditional Trade,Small,2022-06-16,50000,15,REP004
5284,Fictional Outlet 05284,West,Traditional Trade,Medium,2023-08-19,50000,15,REP005
5285,Fictional Outlet 05285,North,Wholesale,Medium,2023-10-14,5000,15,REP006
5286,Fictional Outlet 05286,South,Traditional Trade,Medium,2023-09-15,50000,60,REP007
5287,Fictional Outlet 05287,East,Traditional Trade,Small,2023-07-21,50000,45,REP008
5288,Fictional Outlet 05288,West,Modern Trade,Large,2022-06-17,50000,60,REP009
5289,Fictional Outlet 05289,North,Wholesale,Medium,2022-02-13,50000,30,REP010
5290,Fictional Outlet 05290,South,Wholesale,Large,2023-02-28,50000,45,REP011
5291,Fictional Outlet 05291,East,Traditional Trade,Small,2023-12-15,50000,30,REP012
5292,Fictional Outlet 05292,West,Traditional Trade,Small,2022-04-14,10000,45,REP013
5293,Fictional Outlet 05293,North,Modern Trade,Small,2022-02-25,10000,45,REP014
5294,Fictional Outlet 05294,South,Traditional Trade,Small,2022-09-05,10000,30,REP015
5295,Fictional Outlet 05295,East,Ecommerce,Large,2022-06-14,10000,30,REP016
5296,Fictional Outlet 05296,West,Traditional Trade,Medium,2023-06-13,10000,45,REP017
5297,Fictional Outlet 05297,North,Modern Trade,Large,2022-06-27,5000,30,REP018
5298,Fictional Outlet 05298,South,Ecommerce,Medium,2022-09-18,10000,45,REP019
5299,Fictional Outlet 05299,East,Traditional Trade,Medium,2022-07-17,25000,30,REP020
5300,Fictional Outlet 05300,West,Traditional Trade,Medium,2023-01-17,10000,60,REP021
5301,Fictional Outlet 05301,North,Wholesale,Medium,2022-04-21,25000,15,REP022
5302,Fictional Outlet 05302,South,Modern Trade,Medium,2022-11-07,10000,15,REP023
5303,Fictional Outlet 05303,East,Ecommerce,Medium,2023-04-26,50000,45,REP024
5304,Fictional Outlet 05304,West,Traditional Trade,Small,2023-01-15,5000,45,REP025
5305,Fictional Outlet 05305,North,Modern Trade,Large,2023-05-23,10000,15,REP026
5306,Fictional Outlet 05306,South,Traditional Trade,Medium,2022-11-08,10000,60,REP027
5307,Fictional Outlet 05307,East,Ecommerce,Large,2022-03-01,25000,45,REP028
5308,Fictional Outlet 05308,West,Traditional Trade,Medium,2023-10-29,10000,30,REP029
5309,Fictional Outlet 05309,North,Traditional Trade,Large,2022-09-12,5000,45,REP030
5310,Fictional Outlet 05310,South,Wholesale,Small,2023-12-10,10000,45,REP031
5311,Fictional Outlet 05311,East,Wholesale,Medium,2022-08-03,50000,45,
5312,Fictional Outlet 05312,West,Traditional Trade,Small,2023-10-05,25000,15,REP033
5313,Fictional Outlet 05313,North,Traditional Trade,Large,2022-07-16,25000,15,REP034
5314,Fictional Outlet 05314,South,Wholesale,Large,2023-10-15,50000,60,REP035
5315,Fictional Outlet 05315,East,Traditional Trade,Large,2023-11-10,25000,30,REP036
5316,Fictional Outlet 05316,West,Traditional Trade,Small,2022-04-01,5000,30,REP037
5317,Fictional Outlet 05317,North,Traditional Trade,Large,2022-12-05,25000,60,REP038
5318,Fictional Outlet 05318,South,Traditional Trade,Small,2022-12-29,5000,15,REP039
5319,Fictional Outlet 05319,East,Wholesale,Small,2022-02-04,50000,45,REP040
5320,Fictional Outlet 05320,West,Wholesale,Large,2023-04-01,5000,45,REP041
5321,Fictional Outlet 05321,North,Traditional Trade,Small,2023-01-24,25000,30,REP042
5322,Fictional Outlet 05322,South,Traditional Trade,Small,2022-12-04,10000,45,REP043
5323,Fictional Outlet 05323,East,Modern Trade,Small,2022-04-23,25000,15,REP044
5324,Fictional Outlet 05324,West,Traditional Trade,Medium,2023-05-31,50000,45,REP045
5325,Fictional Outlet 05325,North,Modern Trade,Small,2022-05-12,25000,60,REP046
5326,Fictional Outlet 05326,South,Wholesale,Large,2022-08-20,50000,15,REP047
5327,Fictional Outlet 05327,East,Traditional Trade,Medium,2022-05-03,50000,15,REP048
5328,Fictional Outlet 05328,West,Traditional Trade,Medium,2023-11-25,25000,45,REP049
5329,Fictional Outlet 05329,North,Ecommerce,Small,2023-02-10,5000,15,REP050
5330,Fictional Outlet 05330,South,Traditional Trade,Medium,2022-06-02,5000,45,REP051
5331,Fictional Outlet 05331,East,Traditional Trade,Medium,2022-02-07,25000,45,REP052
5332,Fictional Outlet 05332,West,Traditional Trade,Small,2022-01-09,25000,15,REP053
5333,Fictional Outlet 05333,North,Traditional Trade,Small,2023-04-14,25000,45,REP054
5334,Fictional Outlet 05334,South,Modern Trade,Small,2022-08-07,25000,30,REP055
5335,Fictional Outlet 05335,East, TRADITIONAL TRADE ,Large,2022-08-18,10000,30,REP056
5336,Fictional Outlet 05336,West,Modern Trade,Large,2022-07-22,10000,60,REP057
5337,Fictional Outlet 05337,North,Wholesale,Large,2023-11-28,50000,45,REP058
5338,Fictional Outlet 05338,South,Wholesale,Small,2022-01-06,50000,45,REP059
5339,Fictional Outlet 05339,East,Traditional Trade,Small,2023-06-20,10000,45,REP060
5340,Fictional Outlet 05340,West,Wholesale,Small,2022-08-21,50000,15,REP061
5341,Fictional Outlet 05341,North,Traditional Trade,Large,2023-04-14,5000,60,REP062
5342,Fictional Outlet 05342,South,Traditional Trade,Small,2022-03-15,50000,45,REP063
5343,Fictional Outlet 05343,East,Wholesale,Medium,2022-02-07,10000,30,REP064
5344,Fictional Outlet 05344,West,Modern Trade,Medium,2022-10-25,10000,15,REP065
5345,Fictional Outlet 05345,North,Traditional Trade,Large,2023-03-30,25000,30,REP066
5346,Fictional Outlet 05346,South,Traditional Trade,Small,2023-10-09,10000,15,REP067
5347,Fictional Outlet 05347,East,Traditional Trade,Large,2023-11-26,50000,30,REP068
5348,Fictional Outlet 05348,West,Traditional Trade,Large,2022-11-27,10000,30,REP069
5349,Fictional Outlet 05349,North,Traditional Trade,Large,2023-02-15,10000,45,REP070
5350,Fictional Outlet 05350,South,Traditional Trade,Medium,2023-10-17,5000,30,REP071
5351,Fictional Outlet 05351,East,Traditional Trade,Medium,2022-03-08,10000,45,REP072
5352,Fictional Outlet 05352,West,Traditional Trade,Small,2022-03-15,25000,45,REP073
5353,Fictional Outlet 05353,North,Modern Trade,Large,2022-06-11,10000,15,REP074
5354,Fictional Outlet 05354,South,Modern Trade,Large,2022-08-04,10000,30,REP075
5355,Fictional Outlet 05355,East,Traditional Trade,Medium,2022-09-21,5000,15,REP076
5356,Fictional Outlet 05356,West,Traditional Trade,Medium,2023-11-17,25000,45,REP077
5357,Fictional Outlet 05357,North,Modern Trade,Small,2022-09-28,50000,45,REP078
5358,Fictional Outlet 05358,South,Wholesale,Small,2023-11-18,50000,45,REP079
5359,Fictional Outlet 05359,East,Traditional Trade,Large,2023-06-20,50000,15,REP080
5360,Fictional Outlet 05360,West,Modern Trade,Large,2023-11-01,5000,30,REP001
5361,Fictional Outlet 05361,North,Traditional Trade,Medium,2022-10-13,25000,30,REP002
5362,Fictional Outlet 05362,South,Traditional Trade,Medium,2022-02-19,50000,15,REP003
5363,Fictional Outlet 05363,East,Ecommerce,Small,2023-10-25,50000,45,REP004
5364,Fictional Outlet 05364,West,Traditional Trade,Large,2023-12-15,5000,30,REP005
5365,Fictional Outlet 05365,North,Traditional Trade,Large,2023-08-16,25000,15,REP006
5366,Fictional Outlet 05366,South,Traditional Trade,Medium,2023-12-08,5000,15,REP007
5367,Fictional Outlet 05367,East,Traditional Trade,Large,2023-03-19,25000,45,REP008
5368,Fictional Outlet 05368,West,Wholesale,Small,2022-04-30,10000,45,REP009
5369,Fictional Outlet 05369,North,Traditional Trade,Large,2023-07-31,25000,30,REP010
5370,Fictional Outlet 05370,South,Traditional Trade,Large,2023-03-26,50000,45,REP011
5371,Fictional Outlet 05371,East,Traditional Trade,Large,2023-12-12,10000,30,REP012
5372,Fictional Outlet 05372,West,Traditional Trade,Large,2023-03-02,5000,45,REP013
5373,Fictional Outlet 05373,North,Traditional Trade,Small,2023-01-19,50000,45,REP014
5374,Fictional Outlet 05374,South,Modern Trade,Large,2022-05-18,5000,60,REP015
5375,Fictional Outlet 05375,East,Traditional Trade,Medium,2022-12-22,50000,15,REP016
5376,Fictional Outlet 05376,West,Traditional Trade,Small,2023-06-08,5000,15,REP017
5377,Fictional Outlet 05377,North,Traditional Trade,Medium,2022-11-28,10000,60,REP018
5378,Fictional Outlet 05378,South,Wholesale,Large,2022-05-19,25000,15,REP019
5379,Fictional Outlet 05379,East,Ecommerce,Large,2022-03-06,5000,60,REP020
5380,Fictional Outlet 05380,West,Traditional Trade,Large,2023-06-21,5000,15,REP021
5381,Fictional Outlet 05381,North,Traditional Trade,Small,2022-07-30,50000,15,REP022
5382,Fictional Outlet 05382,South,Ecommerce,Large,2023-01-10,25000,45,REP023
5383,Fictional Outlet 05383,East,Wholesale,Large,2023-05-14,25000,15,REP024
5384,Fictional Outlet 05384,West,Wholesale,Small,2023-03-26,10000,60,REP025
5385,Fictional Outlet 05385,North,Modern Trade,Small,2022-12-15,25000,30,REP026
5386,Fictional Outlet 05386,South,Traditional Trade,Small,2023-03-19,25000,30,REP027
5387,Fictional Outlet 05387,East,Traditional Trade,Medium,2022-11-25,5000,15,REP028
5388,Fictional Outlet 05388,West,Wholesale,Large,2022-03-12,50000,30,REP029
5389,Fictional Outlet 05389,North,Modern Trade,Small,2022-06-28,25000,15,REP030
5390,Fictional Outlet 05390,South,Traditional Trade,Small,2022-09-13,25000,15,REP031
5391,Fictional Outlet 05391,East,Ecommerce,Small,2023-04-14,10000,45,REP032
5392,Fictional Outlet 05392,West,Modern Trade,Small,2022-05-07,50000,60,REP033
5393,Fictional Outlet 05393,North,Traditional Trade,Small,2022-09-23,25000,60,REP034
5394,Fictional Outlet 05394,South,Wholesale,Small,2023-06-06,5000,30,REP035
5395,Fictional Outlet 05395,East,Traditional Trade,Small,2022-01-24,10000,15,REP036
5396,Fictional Outlet 05396,West,Wholesale,Small,2022-05-20,25000,45,REP037
5397,Fictional Outlet 05397,North,Ecommerce,Small,2023-03-16,25000,15,REP038
5398,Fictional Outlet 05398,South,Ecommerce,Large,2023-05-14,25000,15,REP039
5399,Fictional Outlet 05399,East,Modern Trade,Small,2022-08-24,5000,30,REP040
5400,Fictional Outlet 05400,West,Modern Trade,Large,2023-04-15,10000,30,REP041
5401,Fictional Outlet 05401,North,Traditional Trade,Medium,2023-04-26,50000,15,REP042
5402,Fictional Outlet 05402,South,Ecommerce,Small,2023-12-12,10000,60,REP043
5403,Fictional Outlet 05403,East,Traditional Trade,Medium,2023-12-14,5000,45,REP044
5404,Fictional Outlet 05404,West,Ecommerce,Large,2023-08-08,5000,45,REP045
5405,Fictional Outlet 05405,North,Traditional Trade,Large,2022-10-02,5000,60,REP046
5406,Fictional Outlet 05406,South,Traditional Trade,Large,2023-08-11,5000,15,REP047
5407,Fictional Outlet 05407,East,Modern Trade,Small,2022-07-06,25000,60,REP048
5408,Fictional Outlet 05408,West,Wholesale,Small,2022-08-23,5000,30,REP049
5409,Fictional Outlet 05409,North,Modern Trade,Medium,2023-09-16,50000,45,REP050
5410,Fictional Outlet 05410,South,Modern Trade,Small,2022-11-11,5000,60,REP051
5411,Fictional Outlet 05411,East,Traditional Trade,Small,2022-04-16,25000,45,REP052
5412,Fictional Outlet 05412,West,Wholesale,Small,2022-11-27,5000,15,REP053
5413,Fictional Outlet 05413,North,Traditional Trade,Medium,2022-03-07,25000,60,REP054
5414,Fictional Outlet 05414,South,Traditional Trade,Large,2023-05-23,5000,30,REP055
5415,Fictional Outlet 05415,East,Traditional Trade,Small,2022-11-21,25000,30,REP056
5416,Fictional Outlet 05416,West,Traditional Trade,Large,2022-07-05,50000,30,REP057
5417,Fictional Outlet 05417,North,Traditional Trade,Small,2023-06-06,10000,60,REP058
5418,Fictional Outlet 05418,South,Traditional Trade,Large,2023-02-24,5000,45,REP059
5419,Fictional Outlet 05419,East,Modern Trade,Medium,2023-05-06,5000,15,REP060
5420,Fictional Outlet 05420,West,Traditional Trade,Large,2023-04-13,10000,60,REP061
5421,Fictional Outlet 05421,North,Traditional Trade,Medium,2023-03-30,25000,60,REP062
5422,Fictional Outlet 05422,South,Traditional Trade,Medium,2022-08-17,5000,15,REP063
5423,Fictional Outlet 05423,East,Traditional Trade,Medium,2023-05-30,5000,30,REP064
5424,Fictional Outlet 05424,West,Traditional Trade,Large,2023-01-10,50000,30,
5425,Fictional Outlet 05425,North,Traditional Trade,Medium,2023-01-17,5000,15,REP066
5426,Fictional Outlet 05426,South,Traditional Trade,Small,2023-07-09,25000,45,REP067
5427,Fictional Outlet 05427,East,Modern Trade,Small,2023-09-27,25000,60,REP068
5428,Fictional Outlet 05428,West,Traditional Trade,Large,2023-02-02,50000,30,REP069
5429,Fictional Outlet 05429,North,Traditional Trade,Small,2023-06-03,10000,45,REP070
5430,Fictional Outlet 05430,South,Wholesale,Medium,2023-12-02,10000,15,REP071
5431,Fictional Outlet 05431,East,Modern Trade,Small,2022-11-27,5000,30,REP072
5432,Fictional Outlet 05432,West, WHOLESALE ,Medium,2023-10-06,25000,30,REP073
5433,Fictional Outlet 05433,North,Traditional Trade,Large,2022-03-03,10000,60,REP074
5434,Fictional Outlet 05434,South,Ecommerce,Large,2023-01-30,5000,15,REP075
5435,Fictional Outlet 05435,East,Traditional Trade,Small,2022-12-25,10000,15,REP076
5436,Fictional Outlet 05436,West,Traditional Trade,Medium,2022-11-20,25000,30,REP077
5437,Fictional Outlet 05437,North,Traditional Trade,Large,2023-07-31,10000,60,REP078
5438,Fictional Outlet 05438,South,Modern Trade,Large,2023-01-15,5000,60,REP079
5439,Fictional Outlet 05439,East,Traditional Trade,Medium,2023-05-25,10000,15,REP080
5440,Fictional Outlet 05440,West,Traditional Trade,Large,2023-11-19,5000,45,REP001
5441,Fictional Outlet 05441,North,Modern Trade,Medium,2023-06-04,10000,45,REP002
5442,Fictional Outlet 05442,South,Traditional Trade,Small,2023-01-09,10000,45,REP003
5443,Fictional Outlet 05443,East,Modern Trade,Large,2022-08-13,10000,45,REP004
5444,Fictional Outlet 05444,West,Modern Trade,Large,2023-08-02,10000,15,REP005
5445,Fictional Outlet 05445,North,Traditional Trade,Large,2023-06-08,5000,60,REP006
5446,Fictional Outlet 05446,South,Wholesale,Small,2023-02-27,50000,45,REP007
5447,Fictional Outlet 05447,East,Traditional Trade,Large,2023-01-19,50000,60,REP008
5448,Fictional Outlet 05448,West,Wholesale,Large,2023-08-16,10000,15,REP009
5449,Fictional Outlet 05449,North,Modern Trade,Medium,2022-08-21,50000,45,REP010
5450,Fictional Outlet 05450,South,Modern Trade,Medium,2022-01-12,50000,60,REP011
5451,Fictional Outlet 05451,East,Modern Trade,Medium,2023-08-20,50000,60,REP012
5452,Fictional Outlet 05452,West,Wholesale,Medium,2022-10-22,50000,60,REP013
5453,Fictional Outlet 05453,North,Traditional Trade,Small,2023-12-24,50000,60,REP014
5454,Fictional Outlet 05454,South,Modern Trade,Medium,2023-02-08,10000,45,REP015
5455,Fictional Outlet 05455,East,Traditional Trade,Large,2022-12-26,50000,45,REP016
5456,Fictional Outlet 05456,West,Modern Trade,Small,2023-03-31,10000,15,REP017
5457,Fictional Outlet 05457,North,Traditional Trade,Large,2022-04-11,5000,60,REP018
5458,Fictional Outlet 05458,South,Traditional Trade,Large,2022-01-10,50000,60,REP019
5459,Fictional Outlet 05459,East,Wholesale,Medium,2023-11-12,50000,15,REP020
5460,Fictional Outlet 05460,West,Traditional Trade,Small,2022-10-06,10000,15,REP021
5461,Fictional Outlet 05461,North,Traditional Trade,Small,2023-06-16,25000,45,REP022
5462,Fictional Outlet 05462,South,Traditional Trade,Large,2022-02-28,50000,45,REP023
5463,Fictional Outlet 05463,East,Traditional Trade,Small,2023-01-25,5000,30,REP024
5464,Fictional Outlet 05464,West,Traditional Trade,Large,2023-02-28,25000,60,REP025
5465,Fictional Outlet 05465,North,Traditional Trade,Large,2023-06-05,5000,45,REP026
5466,Fictional Outlet 05466,South,Wholesale,Medium,2023-07-16,50000,60,REP027
5467,Fictional Outlet 05467,East,Traditional Trade,Large,2022-07-05,5000,30,REP028
5468,Fictional Outlet 05468,West,Wholesale,Medium,2023-12-23,5000,15,REP029
5469,Fictional Outlet 05469,North,Traditional Trade,Large,2023-05-30,5000,45,REP030
5470,Fictional Outlet 05470,South,Modern Trade,Large,2023-08-29,25000,60,REP031
5471,Fictional Outlet 05471,East,Traditional Trade,Large,2022-06-21,25000,30,REP032
5472,Fictional Outlet 05472,West,Traditional Trade,Large,2023-06-18,5000,60,REP033
5473,Fictional Outlet 05473,North,Traditional Trade,Large,2022-05-21,25000,60,REP034
5474,Fictional Outlet 05474,South,Traditional Trade,Small,2022-04-06,50000,60,REP035
5475,Fictional Outlet 05475,East,Traditional Trade,Medium,2023-11-10,50000,30,REP036
5476,Fictional Outlet 05476,West,Wholesale,Small,2023-07-08,25000,45,REP037
5477,Fictional Outlet 05477,North,Traditional Trade,Small,2023-08-18,25000,15,REP038
5478,Fictional Outlet 05478,South,Traditional Trade,Medium,2023-03-04,50000,60,REP039
5479,Fictional Outlet 05479,East,Traditional Trade,Large,2023-09-15,50000,60,REP040
5480,Fictional Outlet 05480,West,Wholesale,Large,2023-10-29,25000,60,REP041
5481,Fictional Outlet 05481,North,Traditional Trade,Medium,2023-07-31,25000,30,REP042
5482,Fictional Outlet 05482,South,Traditional Trade,Small,2022-05-25,10000,45,REP043
5483,Fictional Outlet 05483,East,Traditional Trade,Small,2023-10-10,5000,45,REP044
5484,Fictional Outlet 05484,West,Traditional Trade,Medium,2023-02-19,25000,60,REP045
5485,Fictional Outlet 05485,North,Wholesale,Small,2023-10-07,25000,15,REP046
5486,Fictional Outlet 05486,South,Traditional Trade,Medium,2022-01-05,5000,30,REP047
5487,Fictional Outlet 05487,East,Traditional Trade,Small,2022-09-14,50000,15,REP048
5488,Fictional Outlet 05488,West,Modern Trade,Small,2022-12-08,10000,60,REP049
5489,Fictional Outlet 05489,North,Wholesale,Medium,2023-01-14,50000,60,REP050
5490,Fictional Outlet 05490,South,Traditional Trade,Small,2022-11-07,25000,60,REP051
5491,Fictional Outlet 05491,East,Traditional Trade,Large,2023-09-17,10000,45,REP052
5492,Fictional Outlet 05492,West,Traditional Trade,Medium,2022-05-22,10000,60,REP053
5493,Fictional Outlet 05493,North,Traditional Trade,Small,2022-05-20,5000,30,REP054
5494,Fictional Outlet 05494,South,Traditional Trade,Medium,2023-06-13,50000,60,REP055
5495,Fictional Outlet 05495,East,Traditional Trade,Small,2022-06-18,50000,60,REP056
5496,Fictional Outlet 05496,West,Traditional Trade,Medium,2022-09-23,50000,60,REP057
5497,Fictional Outlet 05497,North,Traditional Trade,Medium,2022-03-14,50000,15,REP058
5498,Fictional Outlet 05498,South,Traditional Trade,Large,2023-08-07,50000,30,REP059
5499,Fictional Outlet 05499,East,Traditional Trade,Small,2023-05-08,10000,60,REP060
5500,Fictional Outlet 05500,West,Traditional Trade,Large,2022-09-20,10000,15,REP061
5501,Fictional Outlet 05501,North,Ecommerce,Medium,2023-06-01,25000,15,REP062
5502,Fictional Outlet 05502,South,Modern Trade,Small,2022-09-25,5000,60,REP063
5503,Fictional Outlet 05503,East,Wholesale,Large,2023-10-30,5000,60,REP064
5504,Fictional Outlet 05504,West,Wholesale,Small,2023-05-04,25000,45,REP065
5505,Fictional Outlet 05505,North,Traditional Trade,Medium,2022-08-23,10000,30,REP066
5506,Fictional Outlet 05506,South,Modern Trade,Small,2022-03-25,25000,45,REP067
5507,Fictional Outlet 05507,East,Traditional Trade,Large,2022-06-12,50000,60,REP068
5508,Fictional Outlet 05508,West,Traditional Trade,Small,2022-07-11,10000,15,REP069
5509,Fictional Outlet 05509,North,Traditional Trade,Medium,2022-11-17,50000,45,REP070
5510,Fictional Outlet 05510,South,Traditional Trade,Small,2022-12-25,5000,60,REP071
5511,Fictional Outlet 05511,East,Modern Trade,Medium,2023-02-05,50000,60,REP072
5512,Fictional Outlet 05512,West,Modern Trade,Large,2023-07-31,5000,45,REP073
5513,Fictional Outlet 05513,North,Traditional Trade,Medium,2022-01-20,5000,60,REP074
5514,Fictional Outlet 05514,South,Traditional Trade,Small,2022-10-10,5000,45,REP075
5515,Fictional Outlet 05515,East,Traditional Trade,Medium,2022-09-15,10000,15,REP076
5516,Fictional Outlet 05516,West,Wholesale,Medium,2023-11-02,5000,30,REP077
5517,Fictional Outlet 05517,North,Ecommerce,Small,2022-09-03,50000,60,REP078
5518,Fictional Outlet 05518,South,Traditional Trade,Small,2023-08-04,10000,45,REP079
5519,Fictional Outlet 05519,East,Modern Trade,Medium,2022-12-01,25000,15,REP080
5520,Fictional Outlet 05520,West,Traditional Trade,Large,2023-08-15,25000,15,REP001
5521,Fictional Outlet 05521,North,Traditional Trade,Medium,2023-03-29,50000,45,REP002
5522,Fictional Outlet 05522,South,Ecommerce,Small,2022-09-20,5000,45,REP003
5523,Fictional Outlet 05523,East,Traditional Trade,Medium,2023-09-22,50000,15,REP004
5524,Fictional Outlet 05524,West,Modern Trade,Small,2023-10-02,5000,15,REP005
5525,Fictional Outlet 05525,North,Traditional Trade,Small,2022-07-12,10000,45,REP006
5526,Fictional Outlet 05526,South,Traditional Trade,Large,2023-04-07,25000,15,REP007
5527,Fictional Outlet 05527,East,Ecommerce,Medium,2022-06-04,25000,45,REP008
5528,Fictional Outlet 05528,West,Wholesale,Medium,2023-02-14,10000,45,REP009
5529,Fictional Outlet 05529,North, MODERN TRADE ,Large,2022-01-04,50000,45,REP010
5530,Fictional Outlet 05530,South,Traditional Trade,Medium,2022-10-17,5000,60,REP011
5531,Fictional Outlet 05531,East,Wholesale,Large,2022-09-25,5000,60,REP012
5532,Fictional Outlet 05532,West,Traditional Trade,Medium,2022-03-17,50000,30,REP013
5533,Fictional Outlet 05533,North,Traditional Trade,Medium,2022-06-05,50000,60,REP014
5534,Fictional Outlet 05534,South,Ecommerce,Small,2022-09-02,50000,30,REP015
5535,Fictional Outlet 05535,East,Modern Trade,Small,2023-04-04,10000,45,REP016
5536,Fictional Outlet 05536,West,Traditional Trade,Small,2023-06-21,5000,15,REP017
5537,Fictional Outlet 05537,North,Modern Trade,Small,2022-01-30,50000,60,
5538,Fictional Outlet 05538,South,Traditional Trade,Small,2022-07-29,50000,15,REP019
5539,Fictional Outlet 05539,East,Traditional Trade,Medium,2022-04-19,50000,15,REP020
5540,Fictional Outlet 05540,West,Traditional Trade,Medium,2022-08-14,5000,45,REP021
5541,Fictional Outlet 05541,North,Traditional Trade,Medium,2022-11-10,25000,30,REP022
5542,Fictional Outlet 05542,South,Wholesale,Medium,2023-01-01,10000,45,REP023
5543,Fictional Outlet 05543,East,Traditional Trade,Medium,2023-09-05,50000,15,REP024
5544,Fictional Outlet 05544,West,Modern Trade,Large,2023-06-23,25000,60,REP025
5545,Fictional Outlet 05545,North,Traditional Trade,Small,2022-04-18,50000,60,REP026
5546,Fictional Outlet 05546,South,Traditional Trade,Large,2023-10-09,5000,30,REP027
5547,Fictional Outlet 05547,East,Traditional Trade,Small,2022-04-06,50000,15,REP028
5548,Fictional Outlet 05548,West,Modern Trade,Medium,2022-06-19,50000,45,REP029
5549,Fictional Outlet 05549,North,Ecommerce,Medium,2022-02-26,5000,60,REP030
5550,Fictional Outlet 05550,South,Traditional Trade,Medium,2022-07-11,25000,60,REP031
5551,Fictional Outlet 05551,East,Traditional Trade,Small,2023-08-27,25000,60,REP032
5552,Fictional Outlet 05552,West,Traditional Trade,Large,2023-03-11,25000,60,REP033
5553,Fictional Outlet 05553,North,Modern Trade,Small,2022-02-12,25000,45,REP034
5554,Fictional Outlet 05554,South,Ecommerce,Medium,2022-06-16,50000,15,REP035
5555,Fictional Outlet 05555,East,Traditional Trade,Small,2022-06-20,10000,15,REP036
5556,Fictional Outlet 05556,West,Traditional Trade,Medium,2023-05-08,25000,45,REP037
5557,Fictional Outlet 05557,North,Wholesale,Large,2022-02-20,50000,30,REP038
5558,Fictional Outlet 05558,South,Wholesale,Small,2023-05-24,10000,30,REP039
5559,Fictional Outlet 05559,East,Traditional Trade,Small,2022-03-08,25000,60,REP040
5560,Fictional Outlet 05560,West,Traditional Trade,Medium,2022-11-15,5000,15,REP041
5561,Fictional Outlet 05561,North,Wholesale,Small,2022-06-04,5000,60,REP042
5562,Fictional Outlet 05562,South,Modern Trade,Large,2022-06-02,50000,60,REP043
5563,Fictional Outlet 05563,East,Traditional Trade,Small,2023-06-06,10000,30,REP044
5564,Fictional Outlet 05564,West,Modern Trade,Medium,2023-11-28,10000,45,REP045
5565,Fictional Outlet 05565,North,Wholesale,Medium,2023-03-23,50000,45,REP046
5566,Fictional Outlet 05566,South,Traditional Trade,Medium,2023-09-22,10000,45,REP047
5567,Fictional Outlet 05567,East,Traditional Trade,Large,2023-03-14,25000,15,REP048
5568,Fictional Outlet 05568,West,Ecommerce,Medium,2023-09-17,50000,30,REP049
5569,Fictional Outlet 05569,North,Modern Trade,Small,2022-09-28,10000,30,REP050
5570,Fictional Outlet 05570,South,Wholesale,Large,2023-12-02,25000,15,REP051
5571,Fictional Outlet 05571,East,Traditional Trade,Small,2023-07-20,5000,60,REP052
5572,Fictional Outlet 05572,West,Traditional Trade,Small,2023-02-01,50000,45,REP053
5573,Fictional Outlet 05573,North,Traditional Trade,Small,2023-04-28,10000,60,REP054
5574,Fictional Outlet 05574,South,Traditional Trade,Small,2022-03-17,25000,45,REP055
5575,Fictional Outlet 05575,East,Traditional Trade,Small,2022-01-04,5000,15,REP056
5576,Fictional Outlet 05576,West,Traditional Trade,Large,2022-07-23,25000,15,REP057
5577,Fictional Outlet 05577,North,Wholesale,Medium,2022-10-30,10000,45,REP058
5578,Fictional Outlet 05578,South,Modern Trade,Large,2023-10-19,10000,15,REP059
5579,Fictional Outlet 05579,East,Traditional Trade,Small,2023-12-26,50000,60,REP060
5580,Fictional Outlet 05580,West,Modern Trade,Small,2022-06-07,10000,15,REP061
5581,Fictional Outlet 05581,North,Modern Trade,Small,2022-06-14,10000,60,REP062
5582,Fictional Outlet 05582,South,Traditional Trade,Small,2022-02-07,10000,60,REP063
5583,Fictional Outlet 05583,East,Traditional Trade,Large,2023-11-06,10000,45,REP064
5584,Fictional Outlet 05584,West,Ecommerce,Medium,2023-06-26,25000,15,REP065
5585,Fictional Outlet 05585,North,Traditional Trade,Small,2023-02-15,50000,45,REP066
5586,Fictional Outlet 05586,South,Traditional Trade,Large,2023-06-25,25000,60,REP067
5587,Fictional Outlet 05587,East,Traditional Trade,Small,2023-07-13,10000,30,REP068
5588,Fictional Outlet 05588,West,Modern Trade,Medium,2022-01-22,50000,30,REP069
5589,Fictional Outlet 05589,North,Ecommerce,Large,2022-11-03,5000,60,REP070
5590,Fictional Outlet 05590,South,Traditional Trade,Small,2023-08-18,25000,15,REP071
5591,Fictional Outlet 05591,East,Modern Trade,Small,2023-08-21,10000,30,REP072
5592,Fictional Outlet 05592,West,Wholesale,Medium,2022-09-13,5000,45,REP073
5593,Fictional Outlet 05593,North,Traditional Trade,Medium,2023-01-21,25000,15,REP074
5594,Fictional Outlet 05594,South,Traditional Trade,Large,2022-12-07,5000,45,REP075
5595,Fictional Outlet 05595,East,Modern Trade,Small,2022-03-02,50000,30,REP076
5596,Fictional Outlet 05596,West,Ecommerce,Small,2023-09-21,25000,15,REP077
5597,Fictional Outlet 05597,North,Traditional Trade,Medium,2022-07-03,25000,30,REP078
5598,Fictional Outlet 05598,South,Traditional Trade,Large,2022-08-18,25000,15,REP079
5599,Fictional Outlet 05599,East,Traditional Trade,Medium,2022-08-26,5000,15,REP080
5600,Fictional Outlet 05600,West,Traditional Trade,Small,2022-04-05,10000,30,REP001
5601,Fictional Outlet 05601,North,Wholesale,Large,2022-02-09,5000,45,REP002
5602,Fictional Outlet 05602,South,Traditional Trade,Large,2022-09-24,50000,60,REP003
5603,Fictional Outlet 05603,East,Traditional Trade,Large,2022-12-14,10000,45,REP004
5604,Fictional Outlet 05604,West,Traditional Trade,Small,2022-03-24,5000,15,REP005
5605,Fictional Outlet 05605,North,Traditional Trade,Small,2022-02-12,5000,45,REP006
5606,Fictional Outlet 05606,South,Modern Trade,Large,2023-07-06,50000,45,REP007
5607,Fictional Outlet 05607,East,Ecommerce,Large,2022-11-28,25000,45,REP008
5608,Fictional Outlet 05608,West,Traditional Trade,Medium,2023-08-09,50000,45,REP009
5609,Fictional Outlet 05609,North,Wholesale,Small,2022-05-07,5000,15,REP010
5610,Fictional Outlet 05610,South,Wholesale,Small,2023-12-01,50000,30,REP011
5611,Fictional Outlet 05611,East,Traditional Trade,Medium,2023-10-28,5000,30,REP012
5612,Fictional Outlet 05612,West,Wholesale,Medium,2023-10-22,10000,60,REP013
5613,Fictional Outlet 05613,North,Wholesale,Medium,2023-09-22,5000,30,REP014
5614,Fictional Outlet 05614,South,Traditional Trade,Medium,2023-07-16,50000,60,REP015
5615,Fictional Outlet 05615,East,Ecommerce,Large,2023-09-15,50000,60,REP016
5616,Fictional Outlet 05616,West,Modern Trade,Medium,2022-08-16,50000,60,REP017
5617,Fictional Outlet 05617,North,Modern Trade,Medium,2022-07-07,50000,15,REP018
5618,Fictional Outlet 05618,South,Traditional Trade,Small,2023-01-02,25000,60,REP019
5619,Fictional Outlet 05619,East,Wholesale,Small,2023-11-15,25000,15,REP020
5620,Fictional Outlet 05620,West,Modern Trade,Medium,2022-03-28,25000,45,REP021
5621,Fictional Outlet 05621,North,Traditional Trade,Small,2023-07-08,25000,15,REP022
5622,Fictional Outlet 05622,South,Traditional Trade,Large,2022-01-15,50000,30,REP023
5623,Fictional Outlet 05623,East,Traditional Trade,Large,2023-08-13,5000,60,REP024
5624,Fictional Outlet 05624,West,Traditional Trade,Small,2023-10-31,10000,60,REP025
5625,Fictional Outlet 05625,North,Wholesale,Small,2023-03-09,25000,45,REP026
5626,Fictional Outlet 05626,South, TRADITIONAL TRADE ,Large,2022-05-30,10000,60,REP027
5627,Fictional Outlet 05627,East,Traditional Trade,Medium,2023-02-04,10000,30,REP028
5628,Fictional Outlet 05628,West,Traditional Trade,Large,2022-09-24,10000,45,REP029
5629,Fictional Outlet 05629,North,Traditional Trade,Small,2022-02-02,5000,30,REP030
5630,Fictional Outlet 05630,South,Traditional Trade,Small,2022-02-28,5000,45,REP031
5631,Fictional Outlet 05631,East,Modern Trade,Large,2023-07-23,5000,60,REP032
5632,Fictional Outlet 05632,West,Traditional Trade,Small,2022-10-13,25000,45,REP033
5633,Fictional Outlet 05633,North,Traditional Trade,Large,2023-05-18,25000,30,REP034
5634,Fictional Outlet 05634,South,Modern Trade,Large,2023-09-08,50000,15,REP035
5635,Fictional Outlet 05635,East,Ecommerce,Medium,2022-11-06,25000,45,REP036
5636,Fictional Outlet 05636,West,Modern Trade,Medium,2022-12-17,10000,30,REP037
5637,Fictional Outlet 05637,North,Traditional Trade,Small,2023-03-08,50000,30,REP038
5638,Fictional Outlet 05638,South,Traditional Trade,Medium,2023-12-17,10000,15,REP039
5639,Fictional Outlet 05639,East,Modern Trade,Small,2022-09-12,5000,15,REP040
5640,Fictional Outlet 05640,West,Modern Trade,Small,2022-02-12,5000,60,REP041
5641,Fictional Outlet 05641,North,Wholesale,Small,2022-08-07,50000,60,REP042
5642,Fictional Outlet 05642,South,Traditional Trade,Large,2023-12-07,50000,45,REP043
5643,Fictional Outlet 05643,East,Wholesale,Medium,2022-08-07,5000,30,REP044
5644,Fictional Outlet 05644,West,Traditional Trade,Medium,2022-02-22,25000,45,REP045
5645,Fictional Outlet 05645,North,Traditional Trade,Small,2022-08-09,25000,15,REP046
5646,Fictional Outlet 05646,South,Traditional Trade,Large,2023-06-02,25000,60,REP047
5647,Fictional Outlet 05647,East,Traditional Trade,Small,2022-10-13,10000,60,REP048
5648,Fictional Outlet 05648,West,Traditional Trade,Medium,2022-07-25,25000,60,REP049
5649,Fictional Outlet 05649,North,Traditional Trade,Medium,2023-01-03,50000,30,REP050
5650,Fictional Outlet 05650,South,Traditional Trade,Small,2022-11-18,25000,45,
5651,Fictional Outlet 05651,East,Traditional Trade,Large,2022-09-04,5000,45,REP052
5652,Fictional Outlet 05652,West,Modern Trade,Large,2023-03-08,10000,60,REP053
5653,Fictional Outlet 05653,North,Ecommerce,Small,2023-07-17,10000,15,REP054
5654,Fictional Outlet 05654,South,Traditional Trade,Small,2022-09-19,50000,30,REP055
5655,Fictional Outlet 05655,East,Ecommerce,Large,2022-02-01,50000,45,REP056
5656,Fictional Outlet 05656,West,Traditional Trade,Large,2022-12-12,25000,45,REP057
5657,Fictional Outlet 05657,North,Traditional Trade,Medium,2022-06-27,10000,30,REP058
5658,Fictional Outlet 05658,South,Modern Trade,Small,2022-06-10,5000,45,REP059
5659,Fictional Outlet 05659,East,Traditional Trade,Small,2023-12-25,10000,30,REP060
5660,Fictional Outlet 05660,West,Traditional Trade,Large,2023-10-02,10000,15,REP061
5661,Fictional Outlet 05661,North,Wholesale,Medium,2023-11-12,10000,45,REP062
5662,Fictional Outlet 05662,South,Traditional Trade,Small,2023-01-19,50000,15,REP063
5663,Fictional Outlet 05663,East,Traditional Trade,Large,2023-06-06,10000,15,REP064
5664,Fictional Outlet 05664,West,Modern Trade,Small,2023-03-14,10000,60,REP065
5665,Fictional Outlet 05665,North,Modern Trade,Medium,2023-02-07,50000,60,REP066
5666,Fictional Outlet 05666,South,Traditional Trade,Large,2023-02-06,50000,15,REP067
5667,Fictional Outlet 05667,East,Modern Trade,Medium,2023-03-12,50000,30,REP068
5668,Fictional Outlet 05668,West,Traditional Trade,Medium,2023-04-19,50000,60,REP069
5669,Fictional Outlet 05669,North,Traditional Trade,Small,2022-01-14,25000,45,REP070
5670,Fictional Outlet 05670,South,Traditional Trade,Medium,2022-11-05,50000,45,REP071
5671,Fictional Outlet 05671,East,Wholesale,Large,2022-01-06,10000,45,REP072
5672,Fictional Outlet 05672,West,Modern Trade,Small,2022-05-02,5000,30,REP073
5673,Fictional Outlet 05673,North,Ecommerce,Medium,2022-06-01,10000,60,REP074
5674,Fictional Outlet 05674,South,Ecommerce,Large,2022-04-18,25000,60,REP075
5675,Fictional Outlet 05675,East,Modern Trade,Large,2023-05-26,50000,45,REP076
5676,Fictional Outlet 05676,West,Traditional Trade,Small,2023-07-24,10000,45,REP077
5677,Fictional Outlet 05677,North,Wholesale,Medium,2022-02-18,10000,30,REP078
5678,Fictional Outlet 05678,South,Modern Trade,Medium,2022-08-01,50000,15,REP079
5679,Fictional Outlet 05679,East,Modern Trade,Small,2023-07-14,10000,45,REP080
5680,Fictional Outlet 05680,West,Traditional Trade,Medium,2022-07-15,5000,60,REP001
5681,Fictional Outlet 05681,North,Modern Trade,Large,2022-07-05,25000,60,REP002
5682,Fictional Outlet 05682,South,Wholesale,Small,2023-12-29,5000,30,REP003
5683,Fictional Outlet 05683,East,Wholesale,Large,2023-06-02,50000,30,REP004
5684,Fictional Outlet 05684,West,Wholesale,Small,2022-06-25,5000,15,REP005
5685,Fictional Outlet 05685,North,Wholesale,Medium,2022-01-04,10000,15,REP006
5686,Fictional Outlet 05686,South,Traditional Trade,Small,2023-06-01,10000,60,REP007
5687,Fictional Outlet 05687,East,Ecommerce,Small,2022-01-27,5000,15,REP008
5688,Fictional Outlet 05688,West,Traditional Trade,Medium,2022-03-29,5000,60,REP009
5689,Fictional Outlet 05689,North,Traditional Trade,Medium,2023-07-25,50000,45,REP010
5690,Fictional Outlet 05690,South,Traditional Trade,Small,2023-08-07,10000,60,REP011
5691,Fictional Outlet 05691,East,Traditional Trade,Small,2022-03-22,5000,15,REP012
5692,Fictional Outlet 05692,West,Ecommerce,Medium,2023-03-06,10000,15,REP013
5693,Fictional Outlet 05693,North,Modern Trade,Large,2023-09-17,10000,60,REP014
5694,Fictional Outlet 05694,South,Traditional Trade,Medium,2022-07-30,5000,15,REP015
5695,Fictional Outlet 05695,East,Traditional Trade,Medium,2023-01-15,5000,30,REP016
5696,Fictional Outlet 05696,West,Traditional Trade,Medium,2022-06-25,25000,30,REP017
5697,Fictional Outlet 05697,North,Traditional Trade,Medium,2023-01-01,5000,30,REP018
5698,Fictional Outlet 05698,South,Traditional Trade,Large,2023-09-14,50000,60,REP019
5699,Fictional Outlet 05699,East,Traditional Trade,Small,2023-01-17,5000,45,REP020
5700,Fictional Outlet 05700,West,Traditional Trade,Medium,2023-04-04,10000,60,REP021
5701,Fictional Outlet 05701,North,Modern Trade,Large,2023-03-13,25000,30,REP022
5702,Fictional Outlet 05702,South,Modern Trade,Large,2023-11-06,25000,45,REP023
5703,Fictional Outlet 05703,East,Modern Trade,Medium,2023-03-04,50000,15,REP024
5704,Fictional Outlet 05704,West,Traditional Trade,Medium,2023-11-08,25000,15,REP025
5705,Fictional Outlet 05705,North,Wholesale,Medium,2023-03-29,25000,60,REP026
5706,Fictional Outlet 05706,South,Traditional Trade,Medium,2023-01-06,10000,45,REP027
5707,Fictional Outlet 05707,East,Modern Trade,Large,2023-11-05,25000,45,REP028
5708,Fictional Outlet 05708,West,Traditional Trade,Large,2022-02-26,25000,15,REP029
5709,Fictional Outlet 05709,North,Traditional Trade,Small,2023-05-14,5000,30,REP030
5710,Fictional Outlet 05710,South,Modern Trade,Small,2022-12-11,25000,45,REP031
5711,Fictional Outlet 05711,East,Traditional Trade,Small,2022-04-16,25000,15,REP032
5712,Fictional Outlet 05712,West,Traditional Trade,Medium,2023-03-15,5000,30,REP033
5713,Fictional Outlet 05713,North,Traditional Trade,Medium,2023-05-16,10000,45,REP034
5714,Fictional Outlet 05714,South,Traditional Trade,Large,2022-11-28,10000,45,REP035
5715,Fictional Outlet 05715,East,Traditional Trade,Large,2022-05-05,50000,60,REP036
5716,Fictional Outlet 05716,West,Wholesale,Large,2023-12-01,25000,60,REP037
5717,Fictional Outlet 05717,North,Traditional Trade,Small,2023-12-04,25000,60,REP038
5718,Fictional Outlet 05718,South,Ecommerce,Medium,2023-09-01,25000,60,REP039
5719,Fictional Outlet 05719,East,Traditional Trade,Small,2022-07-27,10000,45,REP040
5720,Fictional Outlet 05720,West,Traditional Trade,Large,2022-11-26,50000,60,REP041
5721,Fictional Outlet 05721,North,Traditional Trade,Large,2023-07-13,50000,45,REP042
5722,Fictional Outlet 05722,South,Traditional Trade,Small,2023-06-06,10000,30,REP043
5723,Fictional Outlet 05723,East, TRADITIONAL TRADE ,Medium,2022-08-10,25000,15,REP044
5724,Fictional Outlet 05724,West,Modern Trade,Small,2023-07-04,50000,45,REP045
5725,Fictional Outlet 05725,North,Traditional Trade,Small,2022-03-31,10000,45,REP046
5726,Fictional Outlet 05726,South,Modern Trade,Small,2023-02-14,25000,15,REP047
5727,Fictional Outlet 05727,East,Traditional Trade,Medium,2023-04-24,5000,30,REP048
5728,Fictional Outlet 05728,West,Traditional Trade,Medium,2022-06-03,25000,30,REP049
5729,Fictional Outlet 05729,North,Traditional Trade,Large,2022-03-12,10000,60,REP050
5730,Fictional Outlet 05730,South,Modern Trade,Medium,2023-05-03,5000,60,REP051
5731,Fictional Outlet 05731,East,Traditional Trade,Medium,2023-12-24,25000,45,REP052
5732,Fictional Outlet 05732,West,Modern Trade,Medium,2022-09-13,50000,60,REP053
5733,Fictional Outlet 05733,North,Modern Trade,Large,2022-08-29,10000,60,REP054
5734,Fictional Outlet 05734,South,Modern Trade,Small,2023-08-31,5000,60,REP055
5735,Fictional Outlet 05735,East,Modern Trade,Large,2023-09-10,5000,30,REP056
5736,Fictional Outlet 05736,West,Traditional Trade,Small,2023-04-04,10000,60,REP057
5737,Fictional Outlet 05737,North,Traditional Trade,Large,2022-01-03,5000,45,REP058
5738,Fictional Outlet 05738,South,Traditional Trade,Medium,2023-03-31,25000,45,REP059
5739,Fictional Outlet 05739,East,Wholesale,Large,2022-12-30,25000,60,REP060
5740,Fictional Outlet 05740,West,Traditional Trade,Large,2023-04-14,10000,15,REP061
5741,Fictional Outlet 05741,North,Traditional Trade,Small,2022-10-05,25000,15,REP062
5742,Fictional Outlet 05742,South,Modern Trade,Small,2023-08-02,5000,45,REP063
5743,Fictional Outlet 05743,East,Modern Trade,Small,2022-11-10,5000,15,REP064
5744,Fictional Outlet 05744,West,Modern Trade,Large,2022-01-05,5000,45,REP065
5745,Fictional Outlet 05745,North,Wholesale,Small,2023-05-07,25000,60,REP066
5746,Fictional Outlet 05746,South,Traditional Trade,Small,2023-01-02,50000,45,REP067
5747,Fictional Outlet 05747,East,Traditional Trade,Large,2022-07-18,25000,15,REP068
5748,Fictional Outlet 05748,West,Wholesale,Large,2022-10-17,50000,45,REP069
5749,Fictional Outlet 05749,North,Modern Trade,Small,2022-08-13,50000,45,REP070
5750,Fictional Outlet 05750,South,Modern Trade,Large,2022-04-27,10000,60,REP071
5751,Fictional Outlet 05751,East,Traditional Trade,Small,2022-12-26,5000,30,REP072
5752,Fictional Outlet 05752,West,Traditional Trade,Small,2023-10-25,25000,45,REP073
5753,Fictional Outlet 05753,North,Modern Trade,Small,2022-03-24,25000,60,REP074
5754,Fictional Outlet 05754,South,Modern Trade,Large,2022-08-10,10000,45,REP075
5755,Fictional Outlet 05755,East,Wholesale,Medium,2022-04-01,25000,60,REP076
5756,Fictional Outlet 05756,West,Wholesale,Medium,2023-03-28,10000,15,REP077
5757,Fictional Outlet 05757,North,Traditional Trade,Small,2022-02-03,5000,15,REP078
5758,Fictional Outlet 05758,South,Traditional Trade,Medium,2022-01-09,10000,15,REP079
5759,Fictional Outlet 05759,East,Wholesale,Large,2022-04-24,25000,15,REP080
5760,Fictional Outlet 05760,West,Traditional Trade,Small,2022-08-24,5000,60,REP001
5761,Fictional Outlet 05761,North,Traditional Trade,Large,2022-09-04,25000,45,REP002
5762,Fictional Outlet 05762,South,Traditional Trade,Small,2022-05-26,10000,30,REP003
5763,Fictional Outlet 05763,East,Traditional Trade,Medium,2022-04-07,25000,30,
5764,Fictional Outlet 05764,West,Traditional Trade,Small,2022-07-29,5000,30,REP005
5765,Fictional Outlet 05765,North,Modern Trade,Large,2022-07-21,25000,45,REP006
5766,Fictional Outlet 05766,South,Traditional Trade,Large,2023-09-21,50000,45,REP007
5767,Fictional Outlet 05767,East,Wholesale,Medium,2022-01-09,25000,45,REP008
5768,Fictional Outlet 05768,West,Modern Trade,Small,2023-06-11,50000,15,REP009
5769,Fictional Outlet 05769,North,Traditional Trade,Small,2022-11-14,10000,30,REP010
5770,Fictional Outlet 05770,South,Wholesale,Small,2022-02-13,25000,45,REP011
5771,Fictional Outlet 05771,East,Traditional Trade,Small,2022-05-28,25000,30,REP012
5772,Fictional Outlet 05772,West,Traditional Trade,Small,2022-05-22,25000,60,REP013
5773,Fictional Outlet 05773,North,Modern Trade,Medium,2023-05-06,50000,45,REP014
5774,Fictional Outlet 05774,South,Modern Trade,Medium,2023-07-08,5000,60,REP015
5775,Fictional Outlet 05775,East,Modern Trade,Large,2023-10-19,10000,45,REP016
5776,Fictional Outlet 05776,West,Modern Trade,Large,2023-06-24,25000,45,REP017
5777,Fictional Outlet 05777,North,Traditional Trade,Small,2022-06-25,10000,45,REP018
5778,Fictional Outlet 05778,South,Traditional Trade,Medium,2023-10-08,5000,30,REP019
5779,Fictional Outlet 05779,East,Wholesale,Small,2023-06-27,25000,15,REP020
5780,Fictional Outlet 05780,West,Traditional Trade,Small,2023-09-23,5000,60,REP021
5781,Fictional Outlet 05781,North,Traditional Trade,Small,2023-06-10,10000,30,REP022
5782,Fictional Outlet 05782,South,Traditional Trade,Medium,2022-06-11,5000,30,REP023
5783,Fictional Outlet 05783,East,Wholesale,Small,2023-09-28,50000,60,REP024
5784,Fictional Outlet 05784,West,Wholesale,Medium,2023-11-02,10000,45,REP025
5785,Fictional Outlet 05785,North,Wholesale,Large,2022-04-22,50000,15,REP026
5786,Fictional Outlet 05786,South,Wholesale,Large,2023-01-16,25000,60,REP027
5787,Fictional Outlet 05787,East,Modern Trade,Small,2022-02-26,5000,30,REP028
5788,Fictional Outlet 05788,West,Traditional Trade,Medium,2023-12-20,50000,60,REP029
5789,Fictional Outlet 05789,North,Wholesale,Small,2023-09-23,25000,60,REP030
5790,Fictional Outlet 05790,South,Wholesale,Small,2022-01-23,50000,45,REP031
5791,Fictional Outlet 05791,East,Traditional Trade,Medium,2022-04-16,25000,60,REP032
5792,Fictional Outlet 05792,West,Modern Trade,Medium,2023-08-29,10000,15,REP033
5793,Fictional Outlet 05793,North,Wholesale,Medium,2022-09-20,50000,30,REP034
5794,Fictional Outlet 05794,South,Modern Trade,Large,2023-09-15,10000,30,REP035
5795,Fictional Outlet 05795,East,Wholesale,Small,2023-10-21,10000,15,REP036
5796,Fictional Outlet 05796,West,Traditional Trade,Large,2022-03-31,25000,30,REP037
5797,Fictional Outlet 05797,North,Modern Trade,Small,2022-10-17,10000,30,REP038
5798,Fictional Outlet 05798,South,Modern Trade,Small,2023-08-12,10000,30,REP039
5799,Fictional Outlet 05799,East,Traditional Trade,Large,2023-07-02,50000,30,REP040
5800,Fictional Outlet 05800,West,Modern Trade,Small,2023-07-20,25000,15,REP041
5801,Fictional Outlet 05801,North,Traditional Trade,Small,2023-10-29,5000,60,REP042
5802,Fictional Outlet 05802,South,Traditional Trade,Large,2023-06-14,25000,45,REP043
5803,Fictional Outlet 05803,East,Modern Trade,Large,2022-12-30,50000,15,REP044
5804,Fictional Outlet 05804,West,Wholesale,Large,2023-10-07,25000,60,REP045
5805,Fictional Outlet 05805,North,Modern Trade,Medium,2022-01-05,50000,45,REP046
5806,Fictional Outlet 05806,South,Traditional Trade,Large,2022-11-26,10000,60,REP047
5807,Fictional Outlet 05807,East,Modern Trade,Medium,2023-10-18,5000,30,REP048
5808,Fictional Outlet 05808,West,Traditional Trade,Small,2023-02-17,10000,15,REP049
5809,Fictional Outlet 05809,North,Traditional Trade,Large,2023-11-04,25000,15,REP050
5810,Fictional Outlet 05810,South,Traditional Trade,Small,2023-05-02,10000,15,REP051
5811,Fictional Outlet 05811,East,Modern Trade,Medium,2023-05-09,25000,45,REP052
5812,Fictional Outlet 05812,West,Traditional Trade,Small,2022-05-27,10000,60,REP053
5813,Fictional Outlet 05813,North,Wholesale,Small,2023-03-24,50000,45,REP054
5814,Fictional Outlet 05814,South,Traditional Trade,Small,2022-07-20,25000,60,REP055
5815,Fictional Outlet 05815,East,Wholesale,Medium,2023-07-06,10000,15,REP056
5816,Fictional Outlet 05816,West,Wholesale,Large,2022-05-20,10000,15,REP057
5817,Fictional Outlet 05817,North,Modern Trade,Medium,2022-08-07,5000,30,REP058
5818,Fictional Outlet 05818,South,Wholesale,Small,2023-04-16,5000,45,REP059
5819,Fictional Outlet 05819,East,Traditional Trade,Medium,2023-11-26,10000,30,REP060
5820,Fictional Outlet 05820,West, TRADITIONAL TRADE ,Small,2022-05-15,10000,45,REP061
5821,Fictional Outlet 05821,North,Traditional Trade,Small,2022-01-21,25000,45,REP062
5822,Fictional Outlet 05822,South,Traditional Trade,Medium,2023-07-30,10000,30,REP063
5823,Fictional Outlet 05823,East,Modern Trade,Large,2023-08-26,5000,30,REP064
5824,Fictional Outlet 05824,West,Modern Trade,Large,2023-01-23,10000,15,REP065
5825,Fictional Outlet 05825,North,Traditional Trade,Medium,2023-01-16,50000,60,REP066
5826,Fictional Outlet 05826,South,Modern Trade,Large,2023-09-17,50000,45,REP067
5827,Fictional Outlet 05827,East,Traditional Trade,Large,2022-04-27,5000,45,REP068
5828,Fictional Outlet 05828,West,Traditional Trade,Medium,2023-05-10,10000,60,REP069
5829,Fictional Outlet 05829,North,Traditional Trade,Medium,2023-02-19,10000,45,REP070
5830,Fictional Outlet 05830,South,Ecommerce,Medium,2023-07-22,10000,30,REP071
5831,Fictional Outlet 05831,East,Modern Trade,Large,2023-07-02,25000,60,REP072
5832,Fictional Outlet 05832,West,Ecommerce,Small,2023-02-13,5000,60,REP073
5833,Fictional Outlet 05833,North,Traditional Trade,Small,2023-06-26,5000,30,REP074
5834,Fictional Outlet 05834,South,Traditional Trade,Medium,2023-12-09,10000,15,REP075
5835,Fictional Outlet 05835,East,Modern Trade,Medium,2022-05-30,10000,45,REP076
5836,Fictional Outlet 05836,West,Wholesale,Medium,2022-02-12,25000,45,REP077
5837,Fictional Outlet 05837,North,Traditional Trade,Small,2022-12-24,10000,60,REP078
5838,Fictional Outlet 05838,South,Wholesale,Large,2022-08-27,50000,30,REP079
5839,Fictional Outlet 05839,East,Traditional Trade,Large,2022-11-07,10000,60,REP080
5840,Fictional Outlet 05840,West,Traditional Trade,Medium,2023-11-19,10000,45,REP001
5841,Fictional Outlet 05841,North,Traditional Trade,Medium,2023-06-03,5000,30,REP002
5842,Fictional Outlet 05842,South,Traditional Trade,Large,2023-12-02,50000,60,REP003
5843,Fictional Outlet 05843,East,Ecommerce,Medium,2022-07-22,25000,30,REP004
5844,Fictional Outlet 05844,West,Modern Trade,Small,2022-12-06,10000,60,REP005
5845,Fictional Outlet 05845,North,Traditional Trade,Large,2023-07-08,5000,30,REP006
5846,Fictional Outlet 05846,South,Modern Trade,Medium,2022-04-24,10000,60,REP007
5847,Fictional Outlet 05847,East,Wholesale,Small,2023-10-09,5000,15,REP008
5848,Fictional Outlet 05848,West,Traditional Trade,Medium,2023-05-25,25000,45,REP009
5849,Fictional Outlet 05849,North,Wholesale,Small,2022-06-14,25000,45,REP010
5850,Fictional Outlet 05850,South,Traditional Trade,Large,2022-03-10,50000,15,REP011
5851,Fictional Outlet 05851,East,Wholesale,Medium,2023-01-06,5000,45,REP012
5852,Fictional Outlet 05852,West,Traditional Trade,Medium,2022-11-29,25000,15,REP013
5853,Fictional Outlet 05853,North,Modern Trade,Large,2022-02-25,50000,30,REP014
5854,Fictional Outlet 05854,South,Modern Trade,Small,2023-10-30,25000,45,REP015
5855,Fictional Outlet 05855,East,Modern Trade,Medium,2023-10-13,5000,60,REP016
5856,Fictional Outlet 05856,West,Traditional Trade,Large,2022-10-05,10000,30,REP017
5857,Fictional Outlet 05857,North,Traditional Trade,Medium,2022-06-19,50000,30,REP018
5858,Fictional Outlet 05858,South,Traditional Trade,Large,2022-12-12,10000,60,REP019
5859,Fictional Outlet 05859,East,Traditional Trade,Small,2022-01-02,25000,45,REP020
5860,Fictional Outlet 05860,West,Ecommerce,Small,2022-11-28,50000,45,REP021
5861,Fictional Outlet 05861,North,Traditional Trade,Large,2023-03-17,25000,15,REP022
5862,Fictional Outlet 05862,South,Traditional Trade,Small,2023-01-14,10000,45,REP023
5863,Fictional Outlet 05863,East,Traditional Trade,Large,2023-01-17,5000,15,REP024
5864,Fictional Outlet 05864,West,Traditional Trade,Large,2023-10-15,10000,30,REP025
5865,Fictional Outlet 05865,North,Modern Trade,Small,2022-02-18,25000,45,REP026
5866,Fictional Outlet 05866,South,Wholesale,Large,2023-11-14,10000,45,REP027
5867,Fictional Outlet 05867,East,Modern Trade,Medium,2023-04-14,5000,30,REP028
5868,Fictional Outlet 05868,West,Traditional Trade,Large,2023-12-15,50000,45,REP029
5869,Fictional Outlet 05869,North,Modern Trade,Small,2022-07-09,10000,60,REP030
5870,Fictional Outlet 05870,South,Traditional Trade,Medium,2023-04-01,50000,15,REP031
5871,Fictional Outlet 05871,East,Modern Trade,Small,2022-11-08,50000,30,REP032
5872,Fictional Outlet 05872,West,Traditional Trade,Medium,2023-10-17,25000,45,REP033
5873,Fictional Outlet 05873,North,Traditional Trade,Medium,2022-01-11,25000,45,REP034
5874,Fictional Outlet 05874,South,Traditional Trade,Medium,2023-04-25,50000,15,REP035
5875,Fictional Outlet 05875,East,Traditional Trade,Large,2023-02-21,10000,30,REP036
5876,Fictional Outlet 05876,West,Traditional Trade,Medium,2022-04-20,10000,15,
5877,Fictional Outlet 05877,North,Modern Trade,Small,2022-04-25,5000,30,REP038
5878,Fictional Outlet 05878,South,Modern Trade,Large,2022-12-14,25000,30,REP039
5879,Fictional Outlet 05879,East,Modern Trade,Large,2023-11-13,5000,60,REP040
5880,Fictional Outlet 05880,West,Modern Trade,Medium,2023-09-01,25000,60,REP041
5881,Fictional Outlet 05881,North,Traditional Trade,Medium,2023-11-27,25000,15,REP042
5882,Fictional Outlet 05882,South,Traditional Trade,Small,2023-03-25,10000,15,REP043
5883,Fictional Outlet 05883,East,Traditional Trade,Large,2023-02-08,50000,45,REP044
5884,Fictional Outlet 05884,West,Wholesale,Small,2023-12-27,25000,45,REP045
5885,Fictional Outlet 05885,North,Ecommerce,Medium,2023-06-03,10000,15,REP046
5886,Fictional Outlet 05886,South,Traditional Trade,Small,2022-03-27,50000,45,REP047
5887,Fictional Outlet 05887,East,Wholesale,Medium,2022-12-03,5000,45,REP048
5888,Fictional Outlet 05888,West,Modern Trade,Large,2022-10-30,5000,60,REP049
5889,Fictional Outlet 05889,North,Traditional Trade,Small,2023-09-20,50000,30,REP050
5890,Fictional Outlet 05890,South,Wholesale,Small,2022-05-28,50000,45,REP051
5891,Fictional Outlet 05891,East,Traditional Trade,Large,2022-07-28,25000,15,REP052
5892,Fictional Outlet 05892,West,Traditional Trade,Small,2023-10-30,50000,15,REP053
5893,Fictional Outlet 05893,North,Traditional Trade,Large,2022-05-09,25000,45,REP054
5894,Fictional Outlet 05894,South,Modern Trade,Small,2023-04-17,5000,45,REP055
5895,Fictional Outlet 05895,East,Traditional Trade,Medium,2023-02-07,10000,15,REP056
5896,Fictional Outlet 05896,West,Traditional Trade,Small,2022-07-07,50000,15,REP057
5897,Fictional Outlet 05897,North,Traditional Trade,Small,2022-06-24,5000,60,REP058
5898,Fictional Outlet 05898,South,Modern Trade,Medium,2022-10-09,50000,15,REP059
5899,Fictional Outlet 05899,East,Modern Trade,Medium,2023-02-17,50000,30,REP060
5900,Fictional Outlet 05900,West,Wholesale,Medium,2022-11-04,10000,60,REP061
5901,Fictional Outlet 05901,North,Wholesale,Medium,2023-04-10,50000,45,REP062
5902,Fictional Outlet 05902,South,Traditional Trade,Small,2023-05-07,5000,60,REP063
5903,Fictional Outlet 05903,East,Traditional Trade,Small,2023-12-13,5000,30,REP064
5904,Fictional Outlet 05904,West,Traditional Trade,Large,2023-03-17,50000,30,REP065
5905,Fictional Outlet 05905,North,Modern Trade,Small,2023-04-17,50000,60,REP066
5906,Fictional Outlet 05906,South,Wholesale,Small,2022-07-15,25000,30,REP067
5907,Fictional Outlet 05907,East,Traditional Trade,Small,2023-09-28,5000,30,REP068
5908,Fictional Outlet 05908,West,Traditional Trade,Large,2023-07-14,25000,15,REP069
5909,Fictional Outlet 05909,North,Traditional Trade,Large,2022-05-08,10000,30,REP070
5910,Fictional Outlet 05910,South,Wholesale,Medium,2023-07-18,50000,60,REP071
5911,Fictional Outlet 05911,East,Traditional Trade,Small,2023-04-04,5000,45,REP072
5912,Fictional Outlet 05912,West,Traditional Trade,Medium,2022-01-03,5000,45,REP073
5913,Fictional Outlet 05913,North,Modern Trade,Medium,2022-11-12,25000,45,REP074
5914,Fictional Outlet 05914,South,Wholesale,Medium,2023-12-12,5000,15,REP075
5915,Fictional Outlet 05915,East,Modern Trade,Medium,2022-04-16,10000,30,REP076
5916,Fictional Outlet 05916,West,Wholesale,Small,2023-07-13,10000,45,REP077
5917,Fictional Outlet 05917,North, TRADITIONAL TRADE ,Large,2023-08-28,25000,30,REP078
5918,Fictional Outlet 05918,South,Traditional Trade,Small,2022-09-14,5000,30,REP079
5919,Fictional Outlet 05919,East,Traditional Trade,Small,2022-04-25,25000,30,REP080
5920,Fictional Outlet 05920,West,Traditional Trade,Medium,2022-05-29,50000,15,REP001
5921,Fictional Outlet 05921,North,Traditional Trade,Large,2023-05-19,25000,30,REP002
5922,Fictional Outlet 05922,South,Traditional Trade,Small,2023-05-01,10000,15,REP003
5923,Fictional Outlet 05923,East,Traditional Trade,Small,2022-03-31,5000,30,REP004
5924,Fictional Outlet 05924,West,Wholesale,Medium,2023-08-26,5000,45,REP005
5925,Fictional Outlet 05925,North,Modern Trade,Small,2022-02-04,50000,15,REP006
5926,Fictional Outlet 05926,South,Traditional Trade,Large,2022-09-18,10000,60,REP007
5927,Fictional Outlet 05927,East,Traditional Trade,Medium,2023-05-08,25000,60,REP008
5928,Fictional Outlet 05928,West,Modern Trade,Small,2023-05-28,25000,30,REP009
5929,Fictional Outlet 05929,North,Traditional Trade,Medium,2022-10-17,25000,45,REP010
5930,Fictional Outlet 05930,South,Traditional Trade,Large,2023-10-12,10000,60,REP011
5931,Fictional Outlet 05931,East,Modern Trade,Medium,2022-11-11,25000,15,REP012
5932,Fictional Outlet 05932,West,Ecommerce,Large,2022-05-25,50000,45,REP013
5933,Fictional Outlet 05933,North,Traditional Trade,Medium,2023-04-21,25000,45,REP014
5934,Fictional Outlet 05934,South,Traditional Trade,Medium,2023-06-13,5000,30,REP015
5935,Fictional Outlet 05935,East,Modern Trade,Large,2023-10-25,5000,30,REP016
5936,Fictional Outlet 05936,West,Traditional Trade,Medium,2022-05-02,25000,60,REP017
5937,Fictional Outlet 05937,North,Modern Trade,Large,2023-11-07,5000,60,REP018
5938,Fictional Outlet 05938,South,Traditional Trade,Large,2023-11-27,10000,30,REP019
5939,Fictional Outlet 05939,East,Ecommerce,Large,2023-09-28,10000,30,REP020
5940,Fictional Outlet 05940,West,Traditional Trade,Medium,2023-04-10,25000,45,REP021
5941,Fictional Outlet 05941,North,Wholesale,Medium,2022-10-25,25000,30,REP022
5942,Fictional Outlet 05942,South,Traditional Trade,Medium,2022-03-04,5000,60,REP023
5943,Fictional Outlet 05943,East,Traditional Trade,Large,2022-07-07,5000,60,REP024
5944,Fictional Outlet 05944,West,Traditional Trade,Large,2022-10-18,10000,30,REP025
5945,Fictional Outlet 05945,North,Traditional Trade,Medium,2022-11-19,25000,15,REP026
5946,Fictional Outlet 05946,South,Traditional Trade,Small,2022-04-21,50000,30,REP027
5947,Fictional Outlet 05947,East,Traditional Trade,Medium,2022-07-29,10000,30,REP028
5948,Fictional Outlet 05948,West,Wholesale,Small,2023-05-29,5000,15,REP029
5949,Fictional Outlet 05949,North,Ecommerce,Medium,2023-10-26,50000,45,REP030
5950,Fictional Outlet 05950,South,Traditional Trade,Medium,2022-02-16,50000,15,REP031
5951,Fictional Outlet 05951,East,Traditional Trade,Small,2023-11-07,10000,30,REP032
5952,Fictional Outlet 05952,West,Ecommerce,Small,2023-05-31,50000,60,REP033
5953,Fictional Outlet 05953,North,Traditional Trade,Medium,2022-04-01,10000,15,REP034
5954,Fictional Outlet 05954,South,Wholesale,Medium,2023-06-07,5000,15,REP035
5955,Fictional Outlet 05955,East,Traditional Trade,Small,2022-02-26,5000,60,REP036
5956,Fictional Outlet 05956,West,Modern Trade,Medium,2022-07-12,50000,30,REP037
5957,Fictional Outlet 05957,North,Wholesale,Small,2022-03-24,25000,45,REP038
5958,Fictional Outlet 05958,South,Modern Trade,Large,2023-02-21,50000,30,REP039
5959,Fictional Outlet 05959,East,Traditional Trade,Large,2022-08-21,5000,30,REP040
5960,Fictional Outlet 05960,West,Traditional Trade,Small,2023-10-29,25000,15,REP041
5961,Fictional Outlet 05961,North,Wholesale,Large,2022-06-29,25000,45,REP042
5962,Fictional Outlet 05962,South,Traditional Trade,Large,2023-10-23,5000,30,REP043
5963,Fictional Outlet 05963,East,Wholesale,Small,2023-09-29,50000,30,REP044
5964,Fictional Outlet 05964,West,Traditional Trade,Large,2023-12-10,10000,15,REP045
5965,Fictional Outlet 05965,North,Wholesale,Small,2023-02-22,5000,45,REP046
5966,Fictional Outlet 05966,South,Modern Trade,Small,2022-04-23,25000,30,REP047
5967,Fictional Outlet 05967,East,Traditional Trade,Large,2023-06-05,10000,15,REP048
5968,Fictional Outlet 05968,West,Wholesale,Large,2023-08-05,50000,45,REP049
5969,Fictional Outlet 05969,North,Traditional Trade,Small,2023-04-20,25000,30,REP050
5970,Fictional Outlet 05970,South,Traditional Trade,Small,2023-08-05,50000,60,REP051
5971,Fictional Outlet 05971,East,Traditional Trade,Medium,2022-11-27,5000,60,REP052
5972,Fictional Outlet 05972,West,Wholesale,Medium,2023-03-20,5000,60,REP053
5973,Fictional Outlet 05973,North,Traditional Trade,Medium,2022-02-05,25000,60,REP054
5974,Fictional Outlet 05974,South,Wholesale,Medium,2022-02-05,50000,60,REP055
5975,Fictional Outlet 05975,East,Traditional Trade,Small,2022-04-24,5000,30,REP056
5976,Fictional Outlet 05976,West,Traditional Trade,Medium,2022-09-28,10000,60,REP057
5977,Fictional Outlet 05977,North,Traditional Trade,Large,2023-11-26,25000,30,REP058
5978,Fictional Outlet 05978,South,Wholesale,Large,2022-11-20,10000,45,REP059
5979,Fictional Outlet 05979,East,Traditional Trade,Large,2023-06-29,5000,15,REP060
5980,Fictional Outlet 05980,West,Modern Trade,Small,2022-05-01,5000,30,REP061
5981,Fictional Outlet 05981,North,Modern Trade,Medium,2022-10-09,25000,45,REP062
5982,Fictional Outlet 05982,South,Traditional Trade,Small,2023-01-22,50000,45,REP063
5983,Fictional Outlet 05983,East,Modern Trade,Large,2023-05-29,25000,45,REP064
5984,Fictional Outlet 05984,West,Traditional Trade,Medium,2023-03-12,50000,45,REP065
5985,Fictional Outlet 05985,North,Wholesale,Small,2022-09-10,50000,15,REP066
5986,Fictional Outlet 05986,South,Modern Trade,Large,2023-01-03,50000,45,REP067
5987,Fictional Outlet 05987,East,Traditional Trade,Small,2022-01-27,10000,60,REP068
5988,Fictional Outlet 05988,West,Wholesale,Large,2023-10-18,10000,60,REP069
5989,Fictional Outlet 05989,North,Traditional Trade,Large,2023-11-10,25000,30,
5990,Fictional Outlet 05990,South,Traditional Trade,Medium,2022-01-17,50000,60,REP071
5991,Fictional Outlet 05991,East,Traditional Trade,Medium,2023-01-06,5000,45,REP072
5992,Fictional Outlet 05992,West,Modern Trade,Large,2022-05-27,25000,60,REP073
5993,Fictional Outlet 05993,North,Traditional Trade,Medium,2022-07-18,50000,15,REP074
5994,Fictional Outlet 05994,South,Traditional Trade,Medium,2022-04-30,50000,15,REP075
5995,Fictional Outlet 05995,East,Modern Trade,Large,2023-05-07,5000,15,REP076
5996,Fictional Outlet 05996,West,Modern Trade,Small,2022-08-09,50000,15,REP077
5997,Fictional Outlet 05997,North,Traditional Trade,Small,2022-04-30,10000,30,REP078
5998,Fictional Outlet 05998,South,Traditional Trade,Large,2023-12-23,25000,30,REP079
5999,Fictional Outlet 05999,East,Traditional Trade,Small,2023-03-28,50000,30,REP080
6000,Fictional Outlet 06000,West,Traditional Trade,Medium,2023-07-12,25000,15,REP001
6001,Fictional Outlet 06001,North,Wholesale,Medium,2023-01-10,10000,45,REP002
6002,Fictional Outlet 06002,South,Traditional Trade,Large,2023-07-06,5000,45,REP003
6003,Fictional Outlet 06003,East,Traditional Trade,Large,2023-06-06,5000,60,REP004
6004,Fictional Outlet 06004,West,Modern Trade,Small,2023-07-04,5000,15,REP005
6005,Fictional Outlet 06005,North,Wholesale,Large,2022-03-27,5000,15,REP006
6006,Fictional Outlet 06006,South,Ecommerce,Large,2023-10-20,10000,30,REP007
6007,Fictional Outlet 06007,East,Traditional Trade,Medium,2023-01-31,10000,15,REP008
6008,Fictional Outlet 06008,West,Modern Trade,Medium,2023-12-24,10000,30,REP009
6009,Fictional Outlet 06009,North,Ecommerce,Medium,2022-08-25,50000,30,REP010
6010,Fictional Outlet 06010,South,Traditional Trade,Medium,2022-03-20,10000,60,REP011
6011,Fictional Outlet 06011,East,Traditional Trade,Small,2023-04-19,5000,15,REP012
6012,Fictional Outlet 06012,West,Traditional Trade,Small,2022-09-26,50000,45,REP013
6013,Fictional Outlet 06013,North,Traditional Trade,Large,2023-01-27,5000,60,REP014
6014,Fictional Outlet 06014,South, TRADITIONAL TRADE ,Medium,2022-01-27,5000,45,REP015
6015,Fictional Outlet 06015,East,Modern Trade,Small,2022-06-04,5000,60,REP016
6016,Fictional Outlet 06016,West,Traditional Trade,Medium,2023-04-06,50000,60,REP017
6017,Fictional Outlet 06017,North,Traditional Trade,Medium,2022-01-23,50000,30,REP018
6018,Fictional Outlet 06018,South,Traditional Trade,Medium,2023-10-05,5000,45,REP019
6019,Fictional Outlet 06019,East,Ecommerce,Large,2022-06-03,25000,60,REP020
6020,Fictional Outlet 06020,West,Traditional Trade,Medium,2023-11-20,10000,45,REP021
6021,Fictional Outlet 06021,North,Wholesale,Medium,2023-09-19,25000,45,REP022
6022,Fictional Outlet 06022,South,Traditional Trade,Small,2023-07-30,50000,45,REP023
6023,Fictional Outlet 06023,East,Modern Trade,Medium,2022-12-24,25000,30,REP024
6024,Fictional Outlet 06024,West,Modern Trade,Medium,2023-08-12,5000,60,REP025
6025,Fictional Outlet 06025,North,Traditional Trade,Small,2022-08-05,5000,45,REP026
6026,Fictional Outlet 06026,South,Traditional Trade,Medium,2023-08-08,5000,60,REP027
6027,Fictional Outlet 06027,East,Modern Trade,Large,2023-03-31,5000,15,REP028
6028,Fictional Outlet 06028,West,Modern Trade,Large,2022-02-21,25000,45,REP029
6029,Fictional Outlet 06029,North,Traditional Trade,Medium,2022-04-06,25000,45,REP030
6030,Fictional Outlet 06030,South,Wholesale,Large,2022-06-24,5000,15,REP031
6031,Fictional Outlet 06031,East,Wholesale,Medium,2022-04-27,5000,45,REP032
6032,Fictional Outlet 06032,West,Modern Trade,Medium,2023-08-17,25000,15,REP033
6033,Fictional Outlet 06033,North,Traditional Trade,Medium,2023-03-15,50000,45,REP034
6034,Fictional Outlet 06034,South,Modern Trade,Small,2022-03-08,50000,15,REP035
6035,Fictional Outlet 06035,East,Traditional Trade,Small,2022-12-16,10000,60,REP036
6036,Fictional Outlet 06036,West,Traditional Trade,Large,2022-04-05,5000,30,REP037
6037,Fictional Outlet 06037,North,Wholesale,Medium,2022-10-19,10000,30,REP038
6038,Fictional Outlet 06038,South,Traditional Trade,Small,2023-03-21,5000,30,REP039
6039,Fictional Outlet 06039,East,Traditional Trade,Medium,2022-08-05,10000,45,REP040
6040,Fictional Outlet 06040,West,Traditional Trade,Large,2022-12-24,50000,60,REP041
6041,Fictional Outlet 06041,North,Wholesale,Medium,2023-11-02,5000,30,REP042
6042,Fictional Outlet 06042,South,Traditional Trade,Medium,2022-07-02,25000,30,REP043
6043,Fictional Outlet 06043,East,Modern Trade,Small,2022-01-26,50000,15,REP044
6044,Fictional Outlet 06044,West,Traditional Trade,Large,2022-04-01,5000,15,REP045
6045,Fictional Outlet 06045,North,Traditional Trade,Small,2022-07-22,25000,30,REP046
6046,Fictional Outlet 06046,South,Traditional Trade,Medium,2022-01-07,10000,30,REP047
6047,Fictional Outlet 06047,East,Modern Trade,Medium,2022-03-25,25000,45,REP048
6048,Fictional Outlet 06048,West,Traditional Trade,Small,2023-10-21,5000,60,REP049
6049,Fictional Outlet 06049,North,Traditional Trade,Medium,2022-04-27,10000,30,REP050
6050,Fictional Outlet 06050,South,Wholesale,Small,2022-08-02,10000,60,REP051
6051,Fictional Outlet 06051,East,Modern Trade,Large,2023-05-29,25000,60,REP052
6052,Fictional Outlet 06052,West,Traditional Trade,Large,2022-01-28,5000,60,REP053
6053,Fictional Outlet 06053,North,Traditional Trade,Small,2022-12-29,5000,45,REP054
6054,Fictional Outlet 06054,South,Traditional Trade,Large,2022-08-11,5000,30,REP055
6055,Fictional Outlet 06055,East,Wholesale,Large,2022-01-02,50000,15,REP056
6056,Fictional Outlet 06056,West,Wholesale,Large,2022-03-23,5000,30,REP057
6057,Fictional Outlet 06057,North,Modern Trade,Small,2023-04-28,5000,30,REP058
6058,Fictional Outlet 06058,South,Modern Trade,Small,2022-09-20,5000,60,REP059
6059,Fictional Outlet 06059,East,Wholesale,Large,2022-07-18,25000,45,REP060
6060,Fictional Outlet 06060,West,Traditional Trade,Large,2023-05-29,5000,45,REP061
6061,Fictional Outlet 06061,North,Traditional Trade,Large,2023-04-03,10000,30,REP062
6062,Fictional Outlet 06062,South,Traditional Trade,Medium,2022-05-13,10000,45,REP063
6063,Fictional Outlet 06063,East,Traditional Trade,Small,2023-11-16,50000,15,REP064
6064,Fictional Outlet 06064,West,Traditional Trade,Small,2023-12-26,5000,45,REP065
6065,Fictional Outlet 06065,North,Traditional Trade,Medium,2022-07-20,5000,60,REP066
6066,Fictional Outlet 06066,South,Modern Trade,Small,2022-07-09,10000,30,REP067
6067,Fictional Outlet 06067,East,Traditional Trade,Small,2022-11-15,50000,45,REP068
6068,Fictional Outlet 06068,West,Modern Trade,Medium,2022-03-03,50000,15,REP069
6069,Fictional Outlet 06069,North,Traditional Trade,Medium,2022-02-28,10000,45,REP070
6070,Fictional Outlet 06070,South,Traditional Trade,Large,2023-08-29,5000,30,REP071
6071,Fictional Outlet 06071,East,Modern Trade,Medium,2023-06-21,50000,15,REP072
6072,Fictional Outlet 06072,West,Traditional Trade,Large,2022-03-25,5000,30,REP073
6073,Fictional Outlet 06073,North,Traditional Trade,Large,2022-03-28,5000,30,REP074
6074,Fictional Outlet 06074,South,Traditional Trade,Medium,2022-05-12,50000,60,REP075
6075,Fictional Outlet 06075,East,Traditional Trade,Small,2023-02-27,50000,15,REP076
6076,Fictional Outlet 06076,West,Traditional Trade,Small,2022-08-08,25000,30,REP077
6077,Fictional Outlet 06077,North,Traditional Trade,Large,2022-01-02,50000,30,REP078
6078,Fictional Outlet 06078,South,Traditional Trade,Medium,2022-10-04,5000,45,REP079
6079,Fictional Outlet 06079,East,Traditional Trade,Medium,2022-12-06,5000,30,REP080
6080,Fictional Outlet 06080,West,Modern Trade,Large,2023-01-26,25000,60,REP001
6081,Fictional Outlet 06081,North,Traditional Trade,Small,2023-11-08,50000,15,REP002
6082,Fictional Outlet 06082,South,Traditional Trade,Large,2022-01-15,5000,60,REP003
6083,Fictional Outlet 06083,East,Modern Trade,Medium,2022-06-23,10000,45,REP004
6084,Fictional Outlet 06084,West,Wholesale,Medium,2022-08-02,5000,60,REP005
6085,Fictional Outlet 06085,North,Traditional Trade,Medium,2023-09-04,25000,60,REP006
6086,Fictional Outlet 06086,South,Wholesale,Medium,2023-02-09,10000,15,REP007
6087,Fictional Outlet 06087,East,Traditional Trade,Small,2023-08-15,25000,60,REP008
6088,Fictional Outlet 06088,West,Wholesale,Large,2022-04-18,5000,15,REP009
6089,Fictional Outlet 06089,North,Traditional Trade,Large,2023-07-07,25000,15,REP010
6090,Fictional Outlet 06090,South,Traditional Trade,Medium,2023-09-29,25000,45,REP011
6091,Fictional Outlet 06091,East,Modern Trade,Medium,2023-03-13,50000,45,REP012
6092,Fictional Outlet 06092,West,Traditional Trade,Medium,2023-09-19,5000,60,REP013
6093,Fictional Outlet 06093,North,Wholesale,Small,2023-03-15,10000,60,REP014
6094,Fictional Outlet 06094,South,Wholesale,Medium,2023-01-05,25000,60,REP015
6095,Fictional Outlet 06095,East,Modern Trade,Medium,2022-11-12,10000,30,REP016
6096,Fictional Outlet 06096,West,Modern Trade,Small,2023-09-21,10000,60,REP017
6097,Fictional Outlet 06097,North,Modern Trade,Large,2023-11-01,5000,60,REP018
6098,Fictional Outlet 06098,South,Ecommerce,Large,2023-09-15,50000,30,REP019
6099,Fictional Outlet 06099,East,Traditional Trade,Medium,2023-09-10,50000,60,REP020
6100,Fictional Outlet 06100,West,Traditional Trade,Large,2022-10-26,10000,30,REP021
6101,Fictional Outlet 06101,North,Traditional Trade,Small,2023-11-02,25000,45,REP022
6102,Fictional Outlet 06102,South,Traditional Trade,Small,2023-11-03,50000,60,
6103,Fictional Outlet 06103,East,Traditional Trade,Large,2022-08-16,50000,15,REP024
6104,Fictional Outlet 06104,West,Wholesale,Medium,2022-03-02,10000,45,REP025
6105,Fictional Outlet 06105,North,Traditional Trade,Medium,2023-06-13,5000,60,REP026
6106,Fictional Outlet 06106,South,Traditional Trade,Medium,2022-07-03,25000,60,REP027
6107,Fictional Outlet 06107,East,Traditional Trade,Small,2023-06-11,5000,30,REP028
6108,Fictional Outlet 06108,West,Modern Trade,Small,2023-01-12,5000,45,REP029
6109,Fictional Outlet 06109,North,Traditional Trade,Small,2022-03-14,5000,45,REP030
6110,Fictional Outlet 06110,South,Wholesale,Medium,2022-07-12,25000,15,REP031
6111,Fictional Outlet 06111,East, MODERN TRADE ,Medium,2022-04-23,50000,30,REP032
6112,Fictional Outlet 06112,West,Traditional Trade,Small,2022-11-03,10000,45,REP033
6113,Fictional Outlet 06113,North,Wholesale,Large,2022-03-18,50000,60,REP034
6114,Fictional Outlet 06114,South,Traditional Trade,Small,2023-02-13,25000,45,REP035
6115,Fictional Outlet 06115,East,Traditional Trade,Medium,2023-04-20,10000,15,REP036
6116,Fictional Outlet 06116,West,Modern Trade,Large,2022-11-21,25000,15,REP037
6117,Fictional Outlet 06117,North,Wholesale,Medium,2022-05-25,25000,60,REP038
6118,Fictional Outlet 06118,South,Traditional Trade,Large,2023-10-20,10000,30,REP039
6119,Fictional Outlet 06119,East,Traditional Trade,Medium,2023-08-05,25000,15,REP040
6120,Fictional Outlet 06120,West,Traditional Trade,Small,2022-08-30,5000,60,REP041
6121,Fictional Outlet 06121,North,Traditional Trade,Large,2023-02-11,50000,45,REP042
6122,Fictional Outlet 06122,South,Traditional Trade,Medium,2022-06-07,25000,15,REP043
6123,Fictional Outlet 06123,East,Wholesale,Small,2022-11-25,5000,30,REP044
6124,Fictional Outlet 06124,West,Traditional Trade,Large,2022-10-23,5000,45,REP045
6125,Fictional Outlet 06125,North,Modern Trade,Medium,2022-06-12,50000,60,REP046
6126,Fictional Outlet 06126,South,Traditional Trade,Medium,2023-04-24,5000,15,REP047
6127,Fictional Outlet 06127,East,Wholesale,Small,2022-01-30,5000,45,REP048
6128,Fictional Outlet 06128,West,Ecommerce,Small,2022-02-12,10000,45,REP049
6129,Fictional Outlet 06129,North,Traditional Trade,Large,2023-07-29,10000,30,REP050
6130,Fictional Outlet 06130,South,Traditional Trade,Small,2023-05-07,10000,45,REP051
6131,Fictional Outlet 06131,East,Modern Trade,Large,2023-03-14,25000,60,REP052
6132,Fictional Outlet 06132,West,Traditional Trade,Medium,2022-12-18,25000,30,REP053
6133,Fictional Outlet 06133,North,Traditional Trade,Large,2022-01-03,50000,60,REP054
6134,Fictional Outlet 06134,South,Traditional Trade,Large,2023-12-03,50000,60,REP055
6135,Fictional Outlet 06135,East,Traditional Trade,Small,2022-01-27,10000,30,REP056
6136,Fictional Outlet 06136,West,Traditional Trade,Medium,2023-09-01,25000,30,REP057
6137,Fictional Outlet 06137,North,Modern Trade,Large,2022-07-27,10000,45,REP058
6138,Fictional Outlet 06138,South,Traditional Trade,Large,2023-06-06,50000,60,REP059
6139,Fictional Outlet 06139,East,Wholesale,Small,2023-11-12,5000,60,REP060
6140,Fictional Outlet 06140,West,Traditional Trade,Medium,2023-09-29,50000,45,REP061
6141,Fictional Outlet 06141,North,Traditional Trade,Large,2022-02-16,25000,15,REP062
6142,Fictional Outlet 06142,South,Ecommerce,Large,2022-12-27,25000,15,REP063
6143,Fictional Outlet 06143,East,Traditional Trade,Large,2022-11-27,5000,60,REP064
6144,Fictional Outlet 06144,West,Modern Trade,Large,2023-06-10,5000,30,REP065
6145,Fictional Outlet 06145,North,Modern Trade,Small,2022-05-01,50000,45,REP066
6146,Fictional Outlet 06146,South,Traditional Trade,Large,2022-10-04,5000,60,REP067
6147,Fictional Outlet 06147,East,Modern Trade,Medium,2022-12-06,5000,15,REP068
6148,Fictional Outlet 06148,West,Traditional Trade,Large,2023-10-30,25000,15,REP069
6149,Fictional Outlet 06149,North,Wholesale,Large,2023-08-13,50000,15,REP070
6150,Fictional Outlet 06150,South,Traditional Trade,Large,2022-09-06,10000,30,REP071
6151,Fictional Outlet 06151,East,Traditional Trade,Medium,2023-10-28,5000,60,REP072
6152,Fictional Outlet 06152,West,Modern Trade,Small,2023-10-15,5000,15,REP073
6153,Fictional Outlet 06153,North,Wholesale,Medium,2023-12-16,5000,30,REP074
6154,Fictional Outlet 06154,South,Ecommerce,Medium,2023-05-04,10000,30,REP075
6155,Fictional Outlet 06155,East,Traditional Trade,Large,2022-05-25,50000,45,REP076
6156,Fictional Outlet 06156,West,Traditional Trade,Large,2023-08-12,10000,30,REP077
6157,Fictional Outlet 06157,North,Ecommerce,Medium,2023-08-15,5000,45,REP078
6158,Fictional Outlet 06158,South,Traditional Trade,Large,2023-02-25,10000,60,REP079
6159,Fictional Outlet 06159,East,Traditional Trade,Medium,2022-07-15,10000,60,REP080
6160,Fictional Outlet 06160,West,Modern Trade,Small,2023-07-02,5000,30,REP001
6161,Fictional Outlet 06161,North,Traditional Trade,Medium,2023-11-07,10000,30,REP002
6162,Fictional Outlet 06162,South,Modern Trade,Large,2022-04-05,25000,15,REP003
6163,Fictional Outlet 06163,East,Wholesale,Medium,2023-06-02,50000,60,REP004
6164,Fictional Outlet 06164,West,Wholesale,Large,2023-11-02,25000,15,REP005
6165,Fictional Outlet 06165,North,Modern Trade,Large,2022-06-23,25000,45,REP006
6166,Fictional Outlet 06166,South,Ecommerce,Medium,2023-11-17,50000,30,REP007
6167,Fictional Outlet 06167,East,Traditional Trade,Small,2023-05-11,10000,15,REP008
6168,Fictional Outlet 06168,West,Traditional Trade,Medium,2023-01-27,10000,15,REP009
6169,Fictional Outlet 06169,North,Traditional Trade,Medium,2022-01-17,50000,15,REP010
6170,Fictional Outlet 06170,South,Modern Trade,Small,2022-09-18,10000,60,REP011
6171,Fictional Outlet 06171,East,Wholesale,Small,2023-03-09,25000,60,REP012
6172,Fictional Outlet 06172,West,Wholesale,Large,2023-06-30,25000,15,REP013
6173,Fictional Outlet 06173,North,Traditional Trade,Medium,2023-05-19,5000,45,REP014
6174,Fictional Outlet 06174,South,Traditional Trade,Large,2022-02-09,5000,60,REP015
6175,Fictional Outlet 06175,East,Traditional Trade,Small,2023-07-02,10000,30,REP016
6176,Fictional Outlet 06176,West,Traditional Trade,Medium,2023-01-18,25000,30,REP017
6177,Fictional Outlet 06177,North,Traditional Trade,Medium,2022-11-01,25000,30,REP018
6178,Fictional Outlet 06178,South,Wholesale,Small,2022-01-20,5000,15,REP019
6179,Fictional Outlet 06179,East,Traditional Trade,Large,2023-08-23,25000,30,REP020
6180,Fictional Outlet 06180,West,Traditional Trade,Medium,2022-05-04,10000,45,REP021
6181,Fictional Outlet 06181,North,Traditional Trade,Medium,2022-04-14,5000,15,REP022
6182,Fictional Outlet 06182,South,Traditional Trade,Small,2022-03-22,10000,30,REP023
6183,Fictional Outlet 06183,East,Modern Trade,Medium,2023-08-18,25000,45,REP024
6184,Fictional Outlet 06184,West,Traditional Trade,Medium,2022-11-05,50000,30,REP025
6185,Fictional Outlet 06185,North,Wholesale,Small,2022-12-25,10000,15,REP026
6186,Fictional Outlet 06186,South,Traditional Trade,Medium,2023-12-15,50000,45,REP027
6187,Fictional Outlet 06187,East,Traditional Trade,Large,2023-04-11,10000,30,REP028
6188,Fictional Outlet 06188,West,Traditional Trade,Medium,2022-02-28,25000,45,REP029
6189,Fictional Outlet 06189,North,Modern Trade,Large,2022-08-29,10000,15,REP030
6190,Fictional Outlet 06190,South,Wholesale,Medium,2022-04-07,10000,60,REP031
6191,Fictional Outlet 06191,East,Wholesale,Large,2022-08-26,25000,15,REP032
6192,Fictional Outlet 06192,West,Modern Trade,Large,2022-05-16,10000,15,REP033
6193,Fictional Outlet 06193,North,Traditional Trade,Small,2022-07-20,10000,30,REP034
6194,Fictional Outlet 06194,South,Traditional Trade,Large,2023-08-23,10000,15,REP035
6195,Fictional Outlet 06195,East,Modern Trade,Small,2023-01-29,5000,45,REP036
6196,Fictional Outlet 06196,West,Traditional Trade,Medium,2023-07-11,10000,15,REP037
6197,Fictional Outlet 06197,North,Traditional Trade,Medium,2023-04-15,50000,60,REP038
6198,Fictional Outlet 06198,South,Traditional Trade,Small,2022-09-01,25000,60,REP039
6199,Fictional Outlet 06199,East,Modern Trade,Medium,2022-12-08,5000,15,REP040
6200,Fictional Outlet 06200,West,Traditional Trade,Medium,2023-12-26,10000,60,REP041
6201,Fictional Outlet 06201,North,Wholesale,Large,2023-01-17,5000,30,REP042
6202,Fictional Outlet 06202,South,Traditional Trade,Small,2022-06-02,25000,30,REP043
6203,Fictional Outlet 06203,East,Traditional Trade,Large,2022-11-10,5000,45,REP044
6204,Fictional Outlet 06204,West,Traditional Trade,Large,2022-04-17,25000,15,REP045
6205,Fictional Outlet 06205,North,Traditional Trade,Small,2023-03-15,5000,30,REP046
6206,Fictional Outlet 06206,South,Ecommerce,Medium,2022-02-18,50000,30,REP047
6207,Fictional Outlet 06207,East,Wholesale,Medium,2022-12-08,10000,60,REP048
6208,Fictional Outlet 06208,West, MODERN TRADE ,Medium,2023-11-30,25000,30,REP049
6209,Fictional Outlet 06209,North,Traditional Trade,Medium,2023-08-30,50000,15,REP050
6210,Fictional Outlet 06210,South,Wholesale,Large,2023-11-07,50000,15,REP051
6211,Fictional Outlet 06211,East,Traditional Trade,Medium,2023-07-16,50000,30,REP052
6212,Fictional Outlet 06212,West,Wholesale,Medium,2022-07-17,10000,15,REP053
6213,Fictional Outlet 06213,North,Traditional Trade,Medium,2023-12-21,5000,30,REP054
6214,Fictional Outlet 06214,South,Modern Trade,Small,2023-08-03,50000,60,REP055
6215,Fictional Outlet 06215,East,Wholesale,Large,2023-05-16,10000,30,
6216,Fictional Outlet 06216,West,Traditional Trade,Large,2022-08-31,5000,45,REP057
6217,Fictional Outlet 06217,North,Traditional Trade,Small,2023-10-18,5000,15,REP058
6218,Fictional Outlet 06218,South,Traditional Trade,Medium,2022-07-23,5000,45,REP059
6219,Fictional Outlet 06219,East,Traditional Trade,Small,2022-12-30,50000,15,REP060
6220,Fictional Outlet 06220,West,Wholesale,Small,2023-04-15,25000,30,REP061
6221,Fictional Outlet 06221,North,Traditional Trade,Medium,2023-04-16,25000,30,REP062
6222,Fictional Outlet 06222,South,Modern Trade,Small,2022-06-12,5000,15,REP063
6223,Fictional Outlet 06223,East,Traditional Trade,Large,2023-10-03,5000,15,REP064
6224,Fictional Outlet 06224,West,Modern Trade,Small,2023-01-03,10000,15,REP065
6225,Fictional Outlet 06225,North,Traditional Trade,Medium,2023-04-23,50000,45,REP066
6226,Fictional Outlet 06226,South,Modern Trade,Large,2023-03-26,10000,60,REP067
6227,Fictional Outlet 06227,East,Wholesale,Small,2023-01-19,25000,30,REP068
6228,Fictional Outlet 06228,West,Wholesale,Large,2023-05-12,10000,60,REP069
6229,Fictional Outlet 06229,North,Traditional Trade,Large,2023-02-14,10000,60,REP070
6230,Fictional Outlet 06230,South,Traditional Trade,Large,2022-08-03,5000,45,REP071
6231,Fictional Outlet 06231,East,Traditional Trade,Large,2022-01-02,25000,30,REP072
6232,Fictional Outlet 06232,West,Traditional Trade,Large,2023-05-29,50000,60,REP073
6233,Fictional Outlet 06233,North,Traditional Trade,Small,2023-03-09,25000,30,REP074
6234,Fictional Outlet 06234,South,Modern Trade,Small,2023-01-09,5000,30,REP075
6235,Fictional Outlet 06235,East,Traditional Trade,Medium,2022-02-18,10000,30,REP076
6236,Fictional Outlet 06236,West,Modern Trade,Large,2023-05-08,50000,60,REP077
6237,Fictional Outlet 06237,North,Traditional Trade,Large,2022-03-03,50000,30,REP078
6238,Fictional Outlet 06238,South,Traditional Trade,Large,2023-02-14,50000,45,REP079
6239,Fictional Outlet 06239,East,Wholesale,Large,2023-01-20,25000,30,REP080
6240,Fictional Outlet 06240,West,Traditional Trade,Medium,2022-09-23,50000,45,REP001
6241,Fictional Outlet 06241,North,Modern Trade,Large,2023-05-15,5000,60,REP002
6242,Fictional Outlet 06242,South,Wholesale,Small,2022-04-07,10000,30,REP003
6243,Fictional Outlet 06243,East,Wholesale,Small,2022-09-30,10000,60,REP004
6244,Fictional Outlet 06244,West,Modern Trade,Large,2022-05-08,10000,45,REP005
6245,Fictional Outlet 06245,North,Traditional Trade,Medium,2023-07-07,10000,15,REP006
6246,Fictional Outlet 06246,South,Traditional Trade,Small,2023-11-26,5000,45,REP007
6247,Fictional Outlet 06247,East,Traditional Trade,Medium,2023-05-08,50000,60,REP008
6248,Fictional Outlet 06248,West,Wholesale,Medium,2022-08-25,50000,15,REP009
6249,Fictional Outlet 06249,North,Modern Trade,Medium,2023-06-16,10000,30,REP010
6250,Fictional Outlet 06250,South,Traditional Trade,Small,2022-11-05,50000,30,REP011
6251,Fictional Outlet 06251,East,Traditional Trade,Large,2022-10-28,25000,60,REP012
6252,Fictional Outlet 06252,West,Traditional Trade,Medium,2023-08-17,5000,30,REP013
6253,Fictional Outlet 06253,North,Traditional Trade,Medium,2022-07-29,50000,60,REP014
6254,Fictional Outlet 06254,South,Wholesale,Medium,2022-04-23,5000,45,REP015
6255,Fictional Outlet 06255,East,Traditional Trade,Medium,2023-12-12,25000,60,REP016
6256,Fictional Outlet 06256,West,Traditional Trade,Medium,2022-06-10,25000,30,REP017
6257,Fictional Outlet 06257,North,Traditional Trade,Small,2023-06-18,5000,15,REP018
6258,Fictional Outlet 06258,South,Traditional Trade,Large,2023-05-18,5000,45,REP019
6259,Fictional Outlet 06259,East,Wholesale,Medium,2023-05-05,25000,30,REP020
6260,Fictional Outlet 06260,West,Wholesale,Medium,2023-10-09,50000,45,REP021
6261,Fictional Outlet 06261,North,Traditional Trade,Small,2022-06-06,25000,45,REP022
6262,Fictional Outlet 06262,South,Traditional Trade,Medium,2022-03-08,25000,15,REP023
6263,Fictional Outlet 06263,East,Modern Trade,Large,2023-06-08,10000,30,REP024
6264,Fictional Outlet 06264,West,Ecommerce,Large,2022-11-13,10000,15,REP025
6265,Fictional Outlet 06265,North,Traditional Trade,Small,2023-02-21,10000,60,REP026
6266,Fictional Outlet 06266,South,Wholesale,Large,2022-10-08,25000,60,REP027
6267,Fictional Outlet 06267,East,Traditional Trade,Small,2022-04-15,50000,15,REP028
6268,Fictional Outlet 06268,West,Traditional Trade,Medium,2023-12-06,10000,15,REP029
6269,Fictional Outlet 06269,North,Traditional Trade,Medium,2022-10-01,25000,15,REP030
6270,Fictional Outlet 06270,South,Ecommerce,Medium,2023-07-31,50000,15,REP031
6271,Fictional Outlet 06271,East,Ecommerce,Medium,2023-10-05,50000,30,REP032
6272,Fictional Outlet 06272,West,Traditional Trade,Small,2023-07-20,25000,15,REP033
6273,Fictional Outlet 06273,North,Ecommerce,Small,2023-04-11,5000,45,REP034
6274,Fictional Outlet 06274,South,Wholesale,Medium,2022-01-17,25000,30,REP035
6275,Fictional Outlet 06275,East,Traditional Trade,Medium,2022-06-16,25000,45,REP036
6276,Fictional Outlet 06276,West,Ecommerce,Large,2022-12-25,10000,30,REP037
6277,Fictional Outlet 06277,North,Traditional Trade,Medium,2022-07-15,25000,15,REP038
6278,Fictional Outlet 06278,South,Traditional Trade,Medium,2022-01-07,25000,45,REP039
6279,Fictional Outlet 06279,East,Traditional Trade,Large,2022-04-16,10000,60,REP040
6280,Fictional Outlet 06280,West,Traditional Trade,Large,2022-11-07,50000,60,REP041
6281,Fictional Outlet 06281,North,Wholesale,Small,2023-08-22,50000,30,REP042
6282,Fictional Outlet 06282,South,Traditional Trade,Small,2023-07-05,10000,15,REP043
6283,Fictional Outlet 06283,East,Modern Trade,Medium,2023-06-01,25000,15,REP044
6284,Fictional Outlet 06284,West,Traditional Trade,Small,2023-11-22,5000,30,REP045
6285,Fictional Outlet 06285,North,Traditional Trade,Small,2023-05-31,5000,30,REP046
6286,Fictional Outlet 06286,South,Traditional Trade,Large,2022-06-24,50000,45,REP047
6287,Fictional Outlet 06287,East,Traditional Trade,Small,2023-02-25,50000,60,REP048
6288,Fictional Outlet 06288,West,Traditional Trade,Medium,2022-05-03,5000,15,REP049
6289,Fictional Outlet 06289,North,Traditional Trade,Medium,2023-04-30,10000,15,REP050
6290,Fictional Outlet 06290,South,Wholesale,Medium,2022-12-13,5000,15,REP051
6291,Fictional Outlet 06291,East,Wholesale,Large,2023-04-06,25000,45,REP052
6292,Fictional Outlet 06292,West,Traditional Trade,Large,2023-12-31,5000,30,REP053
6293,Fictional Outlet 06293,North,Wholesale,Small,2023-05-24,25000,45,REP054
6294,Fictional Outlet 06294,South,Modern Trade,Small,2023-10-13,25000,45,REP055
6295,Fictional Outlet 06295,East,Wholesale,Medium,2022-06-18,10000,15,REP056
6296,Fictional Outlet 06296,West,Wholesale,Large,2022-07-12,5000,15,REP057
6297,Fictional Outlet 06297,North,Traditional Trade,Large,2023-04-02,25000,45,REP058
6298,Fictional Outlet 06298,South,Modern Trade,Medium,2022-08-19,50000,30,REP059
6299,Fictional Outlet 06299,East,Traditional Trade,Medium,2023-11-22,50000,60,REP060
6300,Fictional Outlet 06300,West,Modern Trade,Large,2023-06-30,10000,45,REP061
6301,Fictional Outlet 06301,North,Traditional Trade,Medium,2022-07-19,25000,45,REP062
6302,Fictional Outlet 06302,South,Traditional Trade,Medium,2022-11-17,5000,30,REP063
6303,Fictional Outlet 06303,East,Traditional Trade,Medium,2022-07-17,25000,45,REP064
6304,Fictional Outlet 06304,West,Traditional Trade,Small,2023-03-10,25000,15,REP065
6305,Fictional Outlet 06305,North, WHOLESALE ,Large,2022-12-10,50000,15,REP066
6306,Fictional Outlet 06306,South,Ecommerce,Medium,2023-01-01,10000,45,REP067
6307,Fictional Outlet 06307,East,Ecommerce,Small,2023-08-22,5000,30,REP068
6308,Fictional Outlet 06308,West,Ecommerce,Medium,2023-07-09,50000,15,REP069
6309,Fictional Outlet 06309,North,Wholesale,Small,2022-08-15,25000,60,REP070
6310,Fictional Outlet 06310,South,Modern Trade,Small,2023-08-19,50000,15,REP071
6311,Fictional Outlet 06311,East,Modern Trade,Small,2022-08-21,25000,60,REP072
6312,Fictional Outlet 06312,West,Wholesale,Large,2022-04-07,5000,45,REP073
6313,Fictional Outlet 06313,North,Wholesale,Large,2023-03-01,25000,30,REP074
6314,Fictional Outlet 06314,South,Wholesale,Large,2022-05-18,25000,30,REP075
6315,Fictional Outlet 06315,East,Traditional Trade,Large,2023-09-12,5000,15,REP076
6316,Fictional Outlet 06316,West,Ecommerce,Medium,2022-06-16,10000,30,REP077
6317,Fictional Outlet 06317,North,Traditional Trade,Small,2022-04-19,10000,45,REP078
6318,Fictional Outlet 06318,South,Traditional Trade,Small,2022-10-02,25000,60,REP079
6319,Fictional Outlet 06319,East,Wholesale,Medium,2022-02-11,50000,60,REP080
6320,Fictional Outlet 06320,West,Modern Trade,Medium,2022-01-01,5000,30,REP001
6321,Fictional Outlet 06321,North,Wholesale,Small,2023-05-10,5000,15,REP002
6322,Fictional Outlet 06322,South,Traditional Trade,Large,2022-08-22,5000,30,REP003
6323,Fictional Outlet 06323,East,Modern Trade,Medium,2022-11-08,10000,45,REP004
6324,Fictional Outlet 06324,West,Modern Trade,Large,2022-04-08,5000,45,REP005
6325,Fictional Outlet 06325,North,Ecommerce,Small,2023-10-30,10000,45,REP006
6326,Fictional Outlet 06326,South,Traditional Trade,Large,2023-04-07,10000,30,REP007
6327,Fictional Outlet 06327,East,Traditional Trade,Large,2023-04-21,10000,60,REP008
6328,Fictional Outlet 06328,West,Wholesale,Small,2022-12-24,5000,15,
6329,Fictional Outlet 06329,North,Traditional Trade,Large,2023-01-30,10000,30,REP010
6330,Fictional Outlet 06330,South,Traditional Trade,Large,2022-07-04,25000,45,REP011
6331,Fictional Outlet 06331,East,Traditional Trade,Small,2022-06-16,10000,15,REP012
6332,Fictional Outlet 06332,West,Traditional Trade,Small,2022-02-04,10000,60,REP013
6333,Fictional Outlet 06333,North,Modern Trade,Medium,2023-04-24,25000,30,REP014
6334,Fictional Outlet 06334,South,Modern Trade,Medium,2023-04-03,25000,15,REP015
6335,Fictional Outlet 06335,East,Traditional Trade,Small,2023-04-12,50000,15,REP016
6336,Fictional Outlet 06336,West,Modern Trade,Large,2022-05-01,50000,15,REP017
6337,Fictional Outlet 06337,North,Traditional Trade,Medium,2022-06-09,10000,60,REP018
6338,Fictional Outlet 06338,South,Traditional Trade,Large,2023-10-21,25000,60,REP019
6339,Fictional Outlet 06339,East,Traditional Trade,Medium,2022-04-29,25000,15,REP020
6340,Fictional Outlet 06340,West,Wholesale,Large,2022-06-24,25000,15,REP021
6341,Fictional Outlet 06341,North,Traditional Trade,Large,2023-07-04,25000,15,REP022
6342,Fictional Outlet 06342,South,Traditional Trade,Small,2022-08-25,50000,45,REP023
6343,Fictional Outlet 06343,East,Traditional Trade,Medium,2022-03-14,25000,60,REP024
6344,Fictional Outlet 06344,West,Wholesale,Large,2023-08-16,50000,15,REP025
6345,Fictional Outlet 06345,North,Traditional Trade,Small,2022-01-18,5000,30,REP026
6346,Fictional Outlet 06346,South,Traditional Trade,Small,2022-05-16,5000,15,REP027
6347,Fictional Outlet 06347,East,Traditional Trade,Small,2023-12-08,10000,60,REP028
6348,Fictional Outlet 06348,West,Modern Trade,Large,2023-05-06,50000,30,REP029
6349,Fictional Outlet 06349,North,Traditional Trade,Large,2023-09-06,10000,60,REP030
6350,Fictional Outlet 06350,South,Modern Trade,Small,2022-11-27,50000,15,REP031
6351,Fictional Outlet 06351,East,Ecommerce,Large,2022-09-30,10000,45,REP032
6352,Fictional Outlet 06352,West,Wholesale,Medium,2023-05-25,10000,60,REP033
6353,Fictional Outlet 06353,North,Wholesale,Large,2022-09-16,10000,60,REP034
6354,Fictional Outlet 06354,South,Modern Trade,Medium,2022-03-24,25000,60,REP035
6355,Fictional Outlet 06355,East,Traditional Trade,Small,2022-06-19,10000,30,REP036
6356,Fictional Outlet 06356,West,Traditional Trade,Large,2022-10-08,10000,15,REP037
6357,Fictional Outlet 06357,North,Traditional Trade,Medium,2022-01-14,50000,30,REP038
6358,Fictional Outlet 06358,South,Modern Trade,Medium,2023-04-03,25000,60,REP039
6359,Fictional Outlet 06359,East,Traditional Trade,Large,2023-07-30,50000,45,REP040
6360,Fictional Outlet 06360,West,Traditional Trade,Large,2023-09-21,25000,45,REP041
6361,Fictional Outlet 06361,North,Modern Trade,Medium,2023-03-27,25000,15,REP042
6362,Fictional Outlet 06362,South,Wholesale,Medium,2022-10-27,50000,60,REP043
6363,Fictional Outlet 06363,East,Traditional Trade,Large,2023-03-11,5000,15,REP044
6364,Fictional Outlet 06364,West,Traditional Trade,Large,2023-10-15,10000,30,REP045
6365,Fictional Outlet 06365,North,Modern Trade,Large,2022-04-19,5000,15,REP046
6366,Fictional Outlet 06366,South,Traditional Trade,Large,2022-04-12,50000,15,REP047
6367,Fictional Outlet 06367,East,Traditional Trade,Medium,2023-05-01,10000,60,REP048
6368,Fictional Outlet 06368,West,Traditional Trade,Medium,2022-07-24,50000,15,REP049
6369,Fictional Outlet 06369,North,Traditional Trade,Large,2022-11-17,5000,60,REP050
6370,Fictional Outlet 06370,South,Traditional Trade,Medium,2023-07-30,5000,30,REP051
6371,Fictional Outlet 06371,East,Traditional Trade,Large,2022-08-27,5000,45,REP052
6372,Fictional Outlet 06372,West,Traditional Trade,Small,2022-06-23,25000,45,REP053
6373,Fictional Outlet 06373,North,Modern Trade,Large,2022-01-23,5000,30,REP054
6374,Fictional Outlet 06374,South,Traditional Trade,Small,2023-04-26,50000,45,REP055
6375,Fictional Outlet 06375,East,Traditional Trade,Large,2023-01-04,10000,15,REP056
6376,Fictional Outlet 06376,West,Traditional Trade,Medium,2023-10-13,5000,60,REP057
6377,Fictional Outlet 06377,North,Traditional Trade,Small,2023-07-03,50000,60,REP058
6378,Fictional Outlet 06378,South,Wholesale,Large,2022-12-18,25000,15,REP059
6379,Fictional Outlet 06379,East,Traditional Trade,Medium,2022-02-06,10000,60,REP060
6380,Fictional Outlet 06380,West,Wholesale,Small,2022-03-27,10000,45,REP061
6381,Fictional Outlet 06381,North,Traditional Trade,Medium,2022-11-30,10000,45,REP062
6382,Fictional Outlet 06382,South,Modern Trade,Large,2022-12-15,50000,30,REP063
6383,Fictional Outlet 06383,East,Traditional Trade,Medium,2022-04-10,5000,15,REP064
6384,Fictional Outlet 06384,West,Ecommerce,Medium,2023-02-15,5000,15,REP065
6385,Fictional Outlet 06385,North,Wholesale,Large,2022-09-14,50000,60,REP066
6386,Fictional Outlet 06386,South,Ecommerce,Medium,2022-06-02,25000,60,REP067
6387,Fictional Outlet 06387,East,Traditional Trade,Small,2023-12-07,5000,60,REP068
6388,Fictional Outlet 06388,West,Modern Trade,Large,2022-12-08,25000,15,REP069
6389,Fictional Outlet 06389,North,Modern Trade,Small,2023-09-13,50000,30,REP070
6390,Fictional Outlet 06390,South,Traditional Trade,Medium,2023-10-14,10000,30,REP071
6391,Fictional Outlet 06391,East,Traditional Trade,Medium,2022-04-24,25000,60,REP072
6392,Fictional Outlet 06392,West,Ecommerce,Medium,2022-04-03,50000,60,REP073
6393,Fictional Outlet 06393,North,Wholesale,Large,2022-03-17,50000,15,REP074
6394,Fictional Outlet 06394,South,Modern Trade,Large,2022-01-10,5000,60,REP075
6395,Fictional Outlet 06395,East,Traditional Trade,Small,2023-02-19,50000,45,REP076
6396,Fictional Outlet 06396,West,Ecommerce,Small,2023-11-06,25000,15,REP077
6397,Fictional Outlet 06397,North,Traditional Trade,Large,2022-05-07,50000,30,REP078
6398,Fictional Outlet 06398,South,Ecommerce,Large,2023-07-09,50000,60,REP079
6399,Fictional Outlet 06399,East,Traditional Trade,Medium,2022-05-11,5000,30,REP080
6400,Fictional Outlet 06400,West,Modern Trade,Large,2023-03-03,25000,60,REP001
6401,Fictional Outlet 06401,North,Traditional Trade,Small,2022-10-14,10000,45,REP002
6402,Fictional Outlet 06402,South, TRADITIONAL TRADE ,Large,2023-06-03,10000,30,REP003
6403,Fictional Outlet 06403,East,Traditional Trade,Small,2022-03-26,50000,45,REP004
6404,Fictional Outlet 06404,West,Ecommerce,Medium,2022-12-07,50000,15,REP005
6405,Fictional Outlet 06405,North,Traditional Trade,Large,2023-11-05,10000,15,REP006
6406,Fictional Outlet 06406,South,Traditional Trade,Small,2022-03-06,5000,45,REP007
6407,Fictional Outlet 06407,East,Traditional Trade,Large,2022-12-24,5000,60,REP008
6408,Fictional Outlet 06408,West,Traditional Trade,Small,2022-05-16,50000,30,REP009
6409,Fictional Outlet 06409,North,Traditional Trade,Large,2023-04-03,10000,30,REP010
6410,Fictional Outlet 06410,South,Traditional Trade,Large,2022-08-29,50000,30,REP011
6411,Fictional Outlet 06411,East,Traditional Trade,Medium,2022-10-17,50000,15,REP012
6412,Fictional Outlet 06412,West,Traditional Trade,Small,2023-06-21,50000,30,REP013
6413,Fictional Outlet 06413,North,Traditional Trade,Large,2023-01-02,10000,30,REP014
6414,Fictional Outlet 06414,South,Traditional Trade,Small,2022-10-19,50000,30,REP015
6415,Fictional Outlet 06415,East,Wholesale,Small,2022-08-18,10000,30,REP016
6416,Fictional Outlet 06416,West,Traditional Trade,Large,2023-11-29,25000,30,REP017
6417,Fictional Outlet 06417,North,Modern Trade,Small,2023-03-07,5000,60,REP018
6418,Fictional Outlet 06418,South,Wholesale,Small,2023-11-29,25000,60,REP019
6419,Fictional Outlet 06419,East,Traditional Trade,Small,2022-08-24,25000,15,REP020
6420,Fictional Outlet 06420,West,Modern Trade,Small,2022-10-23,5000,45,REP021
6421,Fictional Outlet 06421,North,Traditional Trade,Small,2022-08-28,50000,30,REP022
6422,Fictional Outlet 06422,South,Modern Trade,Large,2022-08-16,25000,30,REP023
6423,Fictional Outlet 06423,East,Traditional Trade,Small,2022-08-08,5000,30,REP024
6424,Fictional Outlet 06424,West,Traditional Trade,Small,2023-03-18,50000,15,REP025
6425,Fictional Outlet 06425,North,Modern Trade,Small,2023-10-09,5000,30,REP026
6426,Fictional Outlet 06426,South,Traditional Trade,Medium,2022-05-11,25000,45,REP027
6427,Fictional Outlet 06427,East,Modern Trade,Medium,2022-07-31,5000,45,REP028
6428,Fictional Outlet 06428,West,Modern Trade,Small,2023-05-13,25000,30,REP029
6429,Fictional Outlet 06429,North,Wholesale,Large,2022-08-24,25000,60,REP030
6430,Fictional Outlet 06430,South,Traditional Trade,Large,2023-12-12,25000,45,REP031
6431,Fictional Outlet 06431,East,Modern Trade,Large,2023-12-05,50000,45,REP032
6432,Fictional Outlet 06432,West,Wholesale,Small,2022-07-21,25000,30,REP033
6433,Fictional Outlet 06433,North,Traditional Trade,Medium,2022-05-07,50000,30,REP034
6434,Fictional Outlet 06434,South,Modern Trade,Medium,2022-09-16,10000,45,REP035
6435,Fictional Outlet 06435,East,Wholesale,Medium,2022-06-29,50000,30,REP036
6436,Fictional Outlet 06436,West,Traditional Trade,Small,2022-12-26,50000,15,REP037
6437,Fictional Outlet 06437,North,Wholesale,Small,2023-02-04,50000,60,REP038
6438,Fictional Outlet 06438,South,Traditional Trade,Medium,2022-09-01,10000,60,REP039
6439,Fictional Outlet 06439,East,Traditional Trade,Small,2022-01-31,10000,15,REP040
6440,Fictional Outlet 06440,West,Traditional Trade,Medium,2022-08-15,5000,45,REP041
6441,Fictional Outlet 06441,North,Wholesale,Large,2023-05-12,5000,15,
6442,Fictional Outlet 06442,South,Wholesale,Large,2022-05-19,5000,60,REP043
6443,Fictional Outlet 06443,East,Modern Trade,Large,2022-08-04,10000,45,REP044
6444,Fictional Outlet 06444,West,Modern Trade,Large,2022-02-18,50000,15,REP045
6445,Fictional Outlet 06445,North,Traditional Trade,Small,2022-04-03,10000,30,REP046
6446,Fictional Outlet 06446,South,Ecommerce,Small,2023-06-28,25000,45,REP047
6447,Fictional Outlet 06447,East,Traditional Trade,Medium,2023-07-05,25000,45,REP048
6448,Fictional Outlet 06448,West,Wholesale,Large,2022-02-08,10000,30,REP049
6449,Fictional Outlet 06449,North,Wholesale,Small,2022-12-27,10000,45,REP050
6450,Fictional Outlet 06450,South,Traditional Trade,Medium,2022-07-29,10000,60,REP051
6451,Fictional Outlet 06451,East,Ecommerce,Small,2022-01-21,25000,15,REP052
6452,Fictional Outlet 06452,West,Traditional Trade,Medium,2022-05-31,10000,60,REP053
6453,Fictional Outlet 06453,North,Wholesale,Medium,2023-06-29,50000,15,REP054
6454,Fictional Outlet 06454,South,Traditional Trade,Large,2022-04-14,25000,60,REP055
6455,Fictional Outlet 06455,East,Traditional Trade,Large,2023-08-27,25000,30,REP056
6456,Fictional Outlet 06456,West,Traditional Trade,Large,2022-08-24,5000,45,REP057
6457,Fictional Outlet 06457,North,Traditional Trade,Small,2023-08-07,50000,60,REP058
6458,Fictional Outlet 06458,South,Modern Trade,Large,2023-11-10,25000,30,REP059
6459,Fictional Outlet 06459,East,Traditional Trade,Large,2023-04-26,5000,45,REP060
6460,Fictional Outlet 06460,West,Traditional Trade,Medium,2022-07-09,25000,45,REP061
6461,Fictional Outlet 06461,North,Modern Trade,Small,2023-12-20,10000,15,REP062
6462,Fictional Outlet 06462,South,Modern Trade,Small,2022-06-18,10000,15,REP063
6463,Fictional Outlet 06463,East,Modern Trade,Large,2023-08-08,25000,45,REP064
6464,Fictional Outlet 06464,West,Wholesale,Medium,2022-04-27,25000,45,REP065
6465,Fictional Outlet 06465,North,Modern Trade,Large,2022-03-08,50000,15,REP066
6466,Fictional Outlet 06466,South,Modern Trade,Small,2022-11-11,10000,45,REP067
6467,Fictional Outlet 06467,East,Wholesale,Medium,2022-05-09,25000,60,REP068
6468,Fictional Outlet 06468,West,Traditional Trade,Small,2022-04-02,50000,30,REP069
6469,Fictional Outlet 06469,North,Modern Trade,Medium,2022-05-30,5000,15,REP070
6470,Fictional Outlet 06470,South,Wholesale,Small,2022-02-21,50000,60,REP071
6471,Fictional Outlet 06471,East,Traditional Trade,Medium,2023-01-28,25000,15,REP072
6472,Fictional Outlet 06472,West,Traditional Trade,Large,2022-06-15,50000,60,REP073
6473,Fictional Outlet 06473,North,Modern Trade,Medium,2023-03-15,10000,60,REP074
6474,Fictional Outlet 06474,South,Traditional Trade,Small,2023-05-30,50000,15,REP075
6475,Fictional Outlet 06475,East,Traditional Trade,Small,2023-05-27,50000,60,REP076
6476,Fictional Outlet 06476,West,Traditional Trade,Large,2023-09-12,50000,45,REP077
6477,Fictional Outlet 06477,North,Traditional Trade,Medium,2022-05-10,25000,45,REP078
6478,Fictional Outlet 06478,South,Modern Trade,Large,2022-03-22,10000,45,REP079
6479,Fictional Outlet 06479,East,Traditional Trade,Medium,2023-05-17,25000,30,REP080
6480,Fictional Outlet 06480,West,Ecommerce,Small,2022-10-21,50000,45,REP001
6481,Fictional Outlet 06481,North,Ecommerce,Small,2023-12-06,10000,45,REP002
6482,Fictional Outlet 06482,South,Traditional Trade,Large,2023-07-02,5000,60,REP003
6483,Fictional Outlet 06483,East,Traditional Trade,Small,2022-09-30,10000,15,REP004
6484,Fictional Outlet 06484,West,Ecommerce,Small,2023-10-15,10000,15,REP005
6485,Fictional Outlet 06485,North,Modern Trade,Large,2022-01-19,50000,60,REP006
6486,Fictional Outlet 06486,South,Traditional Trade,Large,2022-03-16,5000,30,REP007
6487,Fictional Outlet 06487,East,Wholesale,Medium,2022-12-17,50000,15,REP008
6488,Fictional Outlet 06488,West,Traditional Trade,Small,2023-08-08,10000,45,REP009
6489,Fictional Outlet 06489,North,Wholesale,Medium,2022-04-02,5000,15,REP010
6490,Fictional Outlet 06490,South,Traditional Trade,Large,2022-02-14,10000,30,REP011
6491,Fictional Outlet 06491,East,Traditional Trade,Large,2023-04-19,25000,15,REP012
6492,Fictional Outlet 06492,West,Wholesale,Medium,2022-05-25,10000,60,REP013
6493,Fictional Outlet 06493,North,Ecommerce,Large,2023-08-05,50000,15,REP014
6494,Fictional Outlet 06494,South,Modern Trade,Large,2023-03-18,10000,30,REP015
6495,Fictional Outlet 06495,East,Modern Trade,Large,2022-06-17,25000,15,REP016
6496,Fictional Outlet 06496,West,Traditional Trade,Small,2022-07-16,50000,45,REP017
6497,Fictional Outlet 06497,North,Traditional Trade,Medium,2022-06-12,10000,60,REP018
6498,Fictional Outlet 06498,South,Traditional Trade,Medium,2023-03-29,50000,30,REP019
6499,Fictional Outlet 06499,East, TRADITIONAL TRADE ,Medium,2022-09-15,5000,15,REP020
6500,Fictional Outlet 06500,West,Traditional Trade,Large,2022-02-25,5000,30,REP021
6501,Fictional Outlet 06501,North,Traditional Trade,Large,2022-05-01,5000,15,REP022
6502,Fictional Outlet 06502,South,Wholesale,Small,2022-02-27,10000,15,REP023
6503,Fictional Outlet 06503,East,Traditional Trade,Medium,2023-07-22,50000,30,REP024
6504,Fictional Outlet 06504,West,Traditional Trade,Large,2022-06-10,25000,45,REP025
6505,Fictional Outlet 06505,North,Ecommerce,Small,2023-01-14,5000,15,REP026
6506,Fictional Outlet 06506,South,Wholesale,Small,2022-02-08,25000,45,REP027
6507,Fictional Outlet 06507,East,Wholesale,Medium,2022-06-24,10000,60,REP028
6508,Fictional Outlet 06508,West,Traditional Trade,Small,2022-09-17,25000,45,REP029
6509,Fictional Outlet 06509,North,Traditional Trade,Small,2023-11-06,50000,60,REP030
6510,Fictional Outlet 06510,South,Modern Trade,Large,2023-12-18,25000,60,REP031
6511,Fictional Outlet 06511,East,Traditional Trade,Large,2023-03-16,5000,15,REP032
6512,Fictional Outlet 06512,West,Traditional Trade,Medium,2022-01-25,50000,45,REP033
6513,Fictional Outlet 06513,North,Wholesale,Large,2022-10-06,5000,30,REP034
6514,Fictional Outlet 06514,South,Traditional Trade,Medium,2022-11-08,5000,15,REP035
6515,Fictional Outlet 06515,East,Modern Trade,Medium,2022-01-24,5000,15,REP036
6516,Fictional Outlet 06516,West,Ecommerce,Medium,2023-09-25,25000,15,REP037
6517,Fictional Outlet 06517,North,Wholesale,Small,2022-01-30,50000,60,REP038
6518,Fictional Outlet 06518,South,Wholesale,Medium,2023-02-15,50000,15,REP039
6519,Fictional Outlet 06519,East,Wholesale,Medium,2023-12-08,50000,15,REP040
6520,Fictional Outlet 06520,West,Traditional Trade,Medium,2022-05-06,10000,30,REP041
6521,Fictional Outlet 06521,North,Modern Trade,Small,2023-07-03,10000,30,REP042
6522,Fictional Outlet 06522,South,Traditional Trade,Large,2022-02-10,5000,60,REP043
6523,Fictional Outlet 06523,East,Modern Trade,Medium,2023-12-13,50000,15,REP044
6524,Fictional Outlet 06524,West,Traditional Trade,Medium,2023-08-08,5000,60,REP045
6525,Fictional Outlet 06525,North,Ecommerce,Medium,2023-08-11,25000,30,REP046
6526,Fictional Outlet 06526,South,Wholesale,Large,2023-01-22,5000,30,REP047
6527,Fictional Outlet 06527,East,Modern Trade,Medium,2023-01-29,10000,60,REP048
6528,Fictional Outlet 06528,West,Traditional Trade,Medium,2022-03-14,50000,15,REP049
6529,Fictional Outlet 06529,North,Traditional Trade,Large,2023-06-11,50000,60,REP050
6530,Fictional Outlet 06530,South,Modern Trade,Medium,2022-02-28,10000,15,REP051
6531,Fictional Outlet 06531,East,Traditional Trade,Large,2022-02-12,5000,30,REP052
6532,Fictional Outlet 06532,West,Traditional Trade,Medium,2022-08-12,25000,30,REP053
6533,Fictional Outlet 06533,North,Traditional Trade,Medium,2023-06-21,50000,45,REP054
6534,Fictional Outlet 06534,South,Traditional Trade,Medium,2022-07-20,10000,60,REP055
6535,Fictional Outlet 06535,East,Traditional Trade,Medium,2023-09-11,50000,45,REP056
6536,Fictional Outlet 06536,West,Modern Trade,Small,2022-02-04,25000,60,REP057
6537,Fictional Outlet 06537,North,Traditional Trade,Large,2023-11-11,10000,45,REP058
6538,Fictional Outlet 06538,South,Traditional Trade,Medium,2023-12-20,50000,15,REP059
6539,Fictional Outlet 06539,East,Wholesale,Medium,2023-08-09,50000,60,REP060
6540,Fictional Outlet 06540,West,Traditional Trade,Medium,2023-07-19,50000,30,REP061
6541,Fictional Outlet 06541,North,Modern Trade,Medium,2022-09-17,25000,15,REP062
6542,Fictional Outlet 06542,South,Traditional Trade,Small,2023-03-10,10000,60,REP063
6543,Fictional Outlet 06543,East,Ecommerce,Medium,2023-04-10,25000,30,REP064
6544,Fictional Outlet 06544,West,Traditional Trade,Large,2022-11-15,25000,30,REP065
6545,Fictional Outlet 06545,North,Ecommerce,Medium,2022-11-09,50000,45,REP066
6546,Fictional Outlet 06546,South,Traditional Trade,Medium,2022-08-28,50000,30,REP067
6547,Fictional Outlet 06547,East,Traditional Trade,Small,2022-09-04,5000,30,REP068
6548,Fictional Outlet 06548,West,Traditional Trade,Medium,2023-05-03,25000,60,REP069
6549,Fictional Outlet 06549,North,Traditional Trade,Medium,2023-10-16,25000,15,REP070
6550,Fictional Outlet 06550,South,Traditional Trade,Large,2023-08-09,25000,30,REP071
6551,Fictional Outlet 06551,East,Traditional Trade,Small,2023-04-03,5000,60,REP072
6552,Fictional Outlet 06552,West,Traditional Trade,Large,2023-03-28,50000,30,REP073
6553,Fictional Outlet 06553,North,Traditional Trade,Large,2022-06-30,25000,30,REP074
6554,Fictional Outlet 06554,South,Traditional Trade,Medium,2022-08-10,5000,30,
6555,Fictional Outlet 06555,East,Traditional Trade,Large,2023-10-08,5000,30,REP076
6556,Fictional Outlet 06556,West,Traditional Trade,Medium,2022-05-10,50000,15,REP077
6557,Fictional Outlet 06557,North,Traditional Trade,Medium,2023-01-15,5000,45,REP078
6558,Fictional Outlet 06558,South,Ecommerce,Medium,2022-02-18,5000,60,REP079
6559,Fictional Outlet 06559,East,Modern Trade,Small,2022-07-03,50000,45,REP080
6560,Fictional Outlet 06560,West,Wholesale,Large,2023-01-03,10000,30,REP001
6561,Fictional Outlet 06561,North,Traditional Trade,Medium,2022-10-23,10000,60,REP002
6562,Fictional Outlet 06562,South,Ecommerce,Medium,2022-01-24,50000,15,REP003
6563,Fictional Outlet 06563,East,Wholesale,Small,2022-03-24,25000,30,REP004
6564,Fictional Outlet 06564,West,Modern Trade,Medium,2023-05-23,50000,30,REP005
6565,Fictional Outlet 06565,North,Traditional Trade,Large,2023-01-19,50000,15,REP006
6566,Fictional Outlet 06566,South,Traditional Trade,Large,2022-10-21,5000,60,REP007
6567,Fictional Outlet 06567,East,Traditional Trade,Medium,2022-06-07,25000,60,REP008
6568,Fictional Outlet 06568,West,Traditional Trade,Medium,2022-12-09,10000,15,REP009
6569,Fictional Outlet 06569,North,Traditional Trade,Large,2022-08-30,50000,15,REP010
6570,Fictional Outlet 06570,South,Traditional Trade,Medium,2022-10-24,25000,15,REP011
6571,Fictional Outlet 06571,East,Traditional Trade,Medium,2022-01-08,10000,45,REP012
6572,Fictional Outlet 06572,West,Wholesale,Small,2022-09-21,50000,60,REP013
6573,Fictional Outlet 06573,North,Modern Trade,Medium,2022-05-07,5000,15,REP014
6574,Fictional Outlet 06574,South,Wholesale,Large,2022-10-19,50000,15,REP015
6575,Fictional Outlet 06575,East,Modern Trade,Small,2023-04-04,50000,15,REP016
6576,Fictional Outlet 06576,West,Traditional Trade,Large,2023-07-10,25000,30,REP017
6577,Fictional Outlet 06577,North,Traditional Trade,Small,2023-01-01,5000,60,REP018
6578,Fictional Outlet 06578,South,Traditional Trade,Medium,2022-06-01,5000,15,REP019
6579,Fictional Outlet 06579,East,Traditional Trade,Medium,2022-04-02,25000,15,REP020
6580,Fictional Outlet 06580,West,Modern Trade,Large,2023-11-23,25000,45,REP021
6581,Fictional Outlet 06581,North,Modern Trade,Small,2022-12-02,25000,15,REP022
6582,Fictional Outlet 06582,South,Ecommerce,Large,2023-02-12,10000,30,REP023
6583,Fictional Outlet 06583,East,Traditional Trade,Small,2023-07-19,5000,15,REP024
6584,Fictional Outlet 06584,West,Wholesale,Medium,2022-03-06,10000,15,REP025
6585,Fictional Outlet 06585,North,Wholesale,Large,2023-12-08,10000,30,REP026
6586,Fictional Outlet 06586,South,Traditional Trade,Large,2023-03-15,25000,45,REP027
6587,Fictional Outlet 06587,East,Traditional Trade,Large,2023-08-02,10000,30,REP028
6588,Fictional Outlet 06588,West,Traditional Trade,Medium,2022-08-09,5000,45,REP029
6589,Fictional Outlet 06589,North,Wholesale,Small,2022-02-07,10000,30,REP030
6590,Fictional Outlet 06590,South,Traditional Trade,Medium,2023-07-22,25000,60,REP031
6591,Fictional Outlet 06591,East,Wholesale,Large,2022-11-04,5000,60,REP032
6592,Fictional Outlet 06592,West,Modern Trade,Small,2023-01-06,5000,30,REP033
6593,Fictional Outlet 06593,North,Traditional Trade,Small,2022-08-26,25000,15,REP034
6594,Fictional Outlet 06594,South,Ecommerce,Medium,2022-05-15,10000,30,REP035
6595,Fictional Outlet 06595,East,Traditional Trade,Large,2023-02-09,5000,30,REP036
6596,Fictional Outlet 06596,West, MODERN TRADE ,Medium,2023-10-21,5000,60,REP037
6597,Fictional Outlet 06597,North,Traditional Trade,Medium,2023-09-07,25000,45,REP038
6598,Fictional Outlet 06598,South,Traditional Trade,Large,2023-02-23,10000,30,REP039
6599,Fictional Outlet 06599,East,Ecommerce,Large,2022-06-03,25000,30,REP040
6600,Fictional Outlet 06600,West,Traditional Trade,Medium,2023-08-30,50000,45,REP041
6601,Fictional Outlet 06601,North,Traditional Trade,Medium,2022-05-27,10000,45,REP042
6602,Fictional Outlet 06602,South,Traditional Trade,Medium,2023-10-08,50000,60,REP043
6603,Fictional Outlet 06603,East,Traditional Trade,Medium,2023-02-06,50000,15,REP044
6604,Fictional Outlet 06604,West,Modern Trade,Small,2022-11-17,50000,60,REP045
6605,Fictional Outlet 06605,North,Traditional Trade,Medium,2022-03-13,25000,60,REP046
6606,Fictional Outlet 06606,South,Traditional Trade,Medium,2022-07-02,10000,45,REP047
6607,Fictional Outlet 06607,East,Wholesale,Medium,2022-06-28,25000,45,REP048
6608,Fictional Outlet 06608,West,Traditional Trade,Medium,2022-04-28,5000,30,REP049
6609,Fictional Outlet 06609,North,Modern Trade,Medium,2023-03-29,50000,15,REP050
6610,Fictional Outlet 06610,South,Wholesale,Large,2023-07-27,5000,15,REP051
6611,Fictional Outlet 06611,East,Traditional Trade,Large,2022-06-13,10000,60,REP052
6612,Fictional Outlet 06612,West,Modern Trade,Large,2023-11-14,25000,45,REP053
6613,Fictional Outlet 06613,North,Modern Trade,Small,2022-08-19,5000,60,REP054
6614,Fictional Outlet 06614,South,Traditional Trade,Large,2023-09-14,50000,60,REP055
6615,Fictional Outlet 06615,East,Ecommerce,Small,2022-02-23,5000,45,REP056
6616,Fictional Outlet 06616,West,Ecommerce,Medium,2023-09-19,25000,30,REP057
6617,Fictional Outlet 06617,North,Wholesale,Small,2023-08-18,50000,60,REP058
6618,Fictional Outlet 06618,South,Wholesale,Medium,2022-11-16,50000,15,REP059
6619,Fictional Outlet 06619,East,Modern Trade,Medium,2023-07-30,5000,30,REP060
6620,Fictional Outlet 06620,West,Traditional Trade,Large,2022-07-26,10000,60,REP061
6621,Fictional Outlet 06621,North,Traditional Trade,Medium,2022-07-13,50000,45,REP062
6622,Fictional Outlet 06622,South,Traditional Trade,Small,2022-08-25,5000,30,REP063
6623,Fictional Outlet 06623,East,Traditional Trade,Large,2023-11-07,50000,60,REP064
6624,Fictional Outlet 06624,West,Traditional Trade,Large,2023-06-09,5000,45,REP065
6625,Fictional Outlet 06625,North,Modern Trade,Medium,2022-10-12,50000,15,REP066
6626,Fictional Outlet 06626,South,Modern Trade,Large,2022-04-15,5000,15,REP067
6627,Fictional Outlet 06627,East,Traditional Trade,Large,2022-07-05,25000,45,REP068
6628,Fictional Outlet 06628,West,Traditional Trade,Large,2022-04-30,50000,45,REP069
6629,Fictional Outlet 06629,North,Traditional Trade,Large,2022-02-07,50000,60,REP070
6630,Fictional Outlet 06630,South,Traditional Trade,Large,2022-08-26,10000,60,REP071
6631,Fictional Outlet 06631,East,Traditional Trade,Small,2022-09-11,10000,15,REP072
6632,Fictional Outlet 06632,West,Traditional Trade,Large,2023-10-26,10000,15,REP073
6633,Fictional Outlet 06633,North,Wholesale,Large,2023-03-01,25000,45,REP074
6634,Fictional Outlet 06634,South,Traditional Trade,Large,2023-06-27,50000,45,REP075
6635,Fictional Outlet 06635,East,Traditional Trade,Medium,2022-11-18,5000,15,REP076
6636,Fictional Outlet 06636,West,Wholesale,Small,2022-09-23,5000,60,REP077
6637,Fictional Outlet 06637,North,Modern Trade,Small,2022-02-18,10000,45,REP078
6638,Fictional Outlet 06638,South,Ecommerce,Medium,2023-03-19,50000,45,REP079
6639,Fictional Outlet 06639,East,Ecommerce,Large,2022-09-14,50000,45,REP080
6640,Fictional Outlet 06640,West,Traditional Trade,Small,2022-12-31,25000,15,REP001
6641,Fictional Outlet 06641,North,Traditional Trade,Large,2023-04-05,50000,30,REP002
6642,Fictional Outlet 06642,South,Traditional Trade,Small,2023-10-17,50000,30,REP003
6643,Fictional Outlet 06643,East,Traditional Trade,Medium,2022-05-12,5000,60,REP004
6644,Fictional Outlet 06644,West,Traditional Trade,Small,2022-10-06,5000,30,REP005
6645,Fictional Outlet 06645,North,Modern Trade,Large,2022-08-23,25000,30,REP006
6646,Fictional Outlet 06646,South,Traditional Trade,Large,2022-05-17,5000,30,REP007
6647,Fictional Outlet 06647,East,Modern Trade,Large,2022-10-17,10000,45,REP008
6648,Fictional Outlet 06648,West,Ecommerce,Large,2022-03-27,10000,45,REP009
6649,Fictional Outlet 06649,North,Modern Trade,Small,2023-04-12,50000,30,REP010
6650,Fictional Outlet 06650,South,Ecommerce,Large,2022-05-13,5000,15,REP011
6651,Fictional Outlet 06651,East,Wholesale,Medium,2023-12-14,10000,15,REP012
6652,Fictional Outlet 06652,West,Modern Trade,Large,2022-01-03,50000,45,REP013
6653,Fictional Outlet 06653,North,Traditional Trade,Large,2023-08-23,10000,45,REP014
6654,Fictional Outlet 06654,South,Traditional Trade,Large,2023-03-16,25000,45,REP015
6655,Fictional Outlet 06655,East,Modern Trade,Small,2023-07-08,10000,15,REP016
6656,Fictional Outlet 06656,West,Traditional Trade,Medium,2022-06-13,10000,15,REP017
6657,Fictional Outlet 06657,North,Traditional Trade,Large,2022-02-19,10000,30,REP018
6658,Fictional Outlet 06658,South,Wholesale,Large,2023-06-12,25000,60,REP019
6659,Fictional Outlet 06659,East,Traditional Trade,Small,2022-07-09,10000,45,REP020
6660,Fictional Outlet 06660,West,Traditional Trade,Small,2022-02-27,10000,45,REP021
6661,Fictional Outlet 06661,North,Wholesale,Large,2022-10-13,50000,60,REP022
6662,Fictional Outlet 06662,South,Wholesale,Medium,2023-08-23,5000,30,REP023
6663,Fictional Outlet 06663,East,Wholesale,Small,2023-06-25,10000,15,REP024
6664,Fictional Outlet 06664,West,Traditional Trade,Medium,2022-07-24,5000,15,REP025
6665,Fictional Outlet 06665,North,Traditional Trade,Small,2023-06-06,5000,15,REP026
6666,Fictional Outlet 06666,South,Traditional Trade,Large,2023-11-06,25000,30,REP027
6667,Fictional Outlet 06667,East,Ecommerce,Small,2022-12-08,5000,45,
6668,Fictional Outlet 06668,West,Traditional Trade,Large,2023-10-02,10000,30,REP029
6669,Fictional Outlet 06669,North,Wholesale,Large,2022-08-26,5000,30,REP030
6670,Fictional Outlet 06670,South,Ecommerce,Medium,2023-06-15,5000,45,REP031
6671,Fictional Outlet 06671,East,Traditional Trade,Small,2023-09-02,5000,45,REP032
6672,Fictional Outlet 06672,West,Modern Trade,Large,2022-01-16,50000,30,REP033
6673,Fictional Outlet 06673,North,Ecommerce,Medium,2022-04-16,10000,60,REP034
6674,Fictional Outlet 06674,South,Modern Trade,Small,2022-08-14,50000,30,REP035
6675,Fictional Outlet 06675,East,Wholesale,Small,2023-06-22,50000,45,REP036
6676,Fictional Outlet 06676,West,Modern Trade,Large,2023-01-05,5000,15,REP037
6677,Fictional Outlet 06677,North,Modern Trade,Medium,2023-01-03,10000,60,REP038
6678,Fictional Outlet 06678,South,Traditional Trade,Large,2023-06-15,5000,60,REP039
6679,Fictional Outlet 06679,East,Traditional Trade,Medium,2023-01-29,5000,60,REP040
6680,Fictional Outlet 06680,West,Ecommerce,Small,2022-02-09,50000,60,REP041
6681,Fictional Outlet 06681,North,Traditional Trade,Large,2022-11-05,5000,45,REP042
6682,Fictional Outlet 06682,South,Wholesale,Medium,2022-12-25,5000,15,REP043
6683,Fictional Outlet 06683,East,Modern Trade,Large,2022-04-30,5000,30,REP044
6684,Fictional Outlet 06684,West,Traditional Trade,Medium,2022-04-12,50000,45,REP045
6685,Fictional Outlet 06685,North,Modern Trade,Medium,2023-05-19,25000,60,REP046
6686,Fictional Outlet 06686,South,Traditional Trade,Large,2022-10-21,50000,60,REP047
6687,Fictional Outlet 06687,East,Wholesale,Medium,2022-11-13,25000,45,REP048
6688,Fictional Outlet 06688,West,Traditional Trade,Large,2023-10-23,10000,30,REP049
6689,Fictional Outlet 06689,North,Traditional Trade,Small,2023-05-05,25000,15,REP050
6690,Fictional Outlet 06690,South,Traditional Trade,Large,2022-09-20,50000,30,REP051
6691,Fictional Outlet 06691,East,Traditional Trade,Large,2022-05-18,10000,30,REP052
6692,Fictional Outlet 06692,West,Traditional Trade,Small,2023-05-28,25000,45,REP053
6693,Fictional Outlet 06693,North, WHOLESALE ,Large,2023-08-02,10000,15,REP054
6694,Fictional Outlet 06694,South,Modern Trade,Large,2023-09-23,50000,45,REP055
6695,Fictional Outlet 06695,East,Wholesale,Large,2023-01-10,25000,60,REP056
6696,Fictional Outlet 06696,West,Traditional Trade,Small,2023-01-23,10000,60,REP057
6697,Fictional Outlet 06697,North,Traditional Trade,Large,2023-01-17,25000,45,REP058
6698,Fictional Outlet 06698,South,Traditional Trade,Large,2022-02-22,5000,15,REP059
6699,Fictional Outlet 06699,East,Traditional Trade,Medium,2022-03-20,25000,30,REP060
6700,Fictional Outlet 06700,West,Modern Trade,Large,2023-04-28,5000,45,REP061
6701,Fictional Outlet 06701,North,Traditional Trade,Medium,2023-09-25,25000,30,REP062
6702,Fictional Outlet 06702,South,Traditional Trade,Large,2022-04-29,10000,45,REP063
6703,Fictional Outlet 06703,East,Modern Trade,Small,2022-10-08,25000,30,REP064
6704,Fictional Outlet 06704,West,Modern Trade,Large,2022-03-25,10000,60,REP065
6705,Fictional Outlet 06705,North,Traditional Trade,Large,2023-07-24,10000,60,REP066
6706,Fictional Outlet 06706,South,Traditional Trade,Large,2022-10-28,10000,60,REP067
6707,Fictional Outlet 06707,East,Traditional Trade,Medium,2022-08-30,25000,45,REP068
6708,Fictional Outlet 06708,West,Traditional Trade,Medium,2022-07-31,25000,60,REP069
6709,Fictional Outlet 06709,North,Traditional Trade,Small,2022-09-07,5000,30,REP070
6710,Fictional Outlet 06710,South,Traditional Trade,Medium,2023-07-15,10000,15,REP071
6711,Fictional Outlet 06711,East,Modern Trade,Medium,2022-07-29,25000,45,REP072
6712,Fictional Outlet 06712,West,Traditional Trade,Small,2023-01-17,25000,30,REP073
6713,Fictional Outlet 06713,North,Traditional Trade,Small,2023-11-30,5000,45,REP074
6714,Fictional Outlet 06714,South,Traditional Trade,Small,2022-01-07,5000,60,REP075
6715,Fictional Outlet 06715,East,Traditional Trade,Small,2023-01-07,25000,60,REP076
6716,Fictional Outlet 06716,West,Modern Trade,Medium,2023-08-29,5000,30,REP077
6717,Fictional Outlet 06717,North,Modern Trade,Large,2022-03-19,50000,60,REP078
6718,Fictional Outlet 06718,South,Wholesale,Large,2022-07-02,10000,30,REP079
6719,Fictional Outlet 06719,East,Modern Trade,Medium,2023-03-22,50000,30,REP080
6720,Fictional Outlet 06720,West,Wholesale,Large,2023-07-23,50000,60,REP001
6721,Fictional Outlet 06721,North,Ecommerce,Medium,2023-12-08,5000,30,REP002
6722,Fictional Outlet 06722,South,Modern Trade,Small,2022-05-30,50000,60,REP003
6723,Fictional Outlet 06723,East,Wholesale,Medium,2022-08-01,5000,15,REP004
6724,Fictional Outlet 06724,West,Wholesale,Small,2023-04-21,25000,60,REP005
6725,Fictional Outlet 06725,North,Wholesale,Small,2022-01-13,5000,30,REP006
6726,Fictional Outlet 06726,South,Modern Trade,Large,2022-01-17,50000,60,REP007
6727,Fictional Outlet 06727,East,Traditional Trade,Small,2022-04-09,50000,60,REP008
6728,Fictional Outlet 06728,West,Modern Trade,Large,2023-05-22,25000,60,REP009
6729,Fictional Outlet 06729,North,Traditional Trade,Small,2023-05-10,10000,60,REP010
6730,Fictional Outlet 06730,South,Traditional Trade,Medium,2022-08-31,25000,30,REP011
6731,Fictional Outlet 06731,East,Traditional Trade,Small,2023-02-01,5000,45,REP012
6732,Fictional Outlet 06732,West,Traditional Trade,Small,2023-06-02,10000,30,REP013
6733,Fictional Outlet 06733,North,Modern Trade,Small,2023-09-06,50000,60,REP014
6734,Fictional Outlet 06734,South,Ecommerce,Large,2022-11-29,25000,60,REP015
6735,Fictional Outlet 06735,East,Wholesale,Small,2022-02-19,10000,30,REP016
6736,Fictional Outlet 06736,West,Traditional Trade,Large,2022-04-26,50000,30,REP017
6737,Fictional Outlet 06737,North,Modern Trade,Small,2023-10-17,50000,15,REP018
6738,Fictional Outlet 06738,South,Traditional Trade,Small,2023-11-01,50000,15,REP019
6739,Fictional Outlet 06739,East,Traditional Trade,Medium,2023-02-18,5000,45,REP020
6740,Fictional Outlet 06740,West,Traditional Trade,Medium,2022-09-14,5000,30,REP021
6741,Fictional Outlet 06741,North,Traditional Trade,Small,2023-01-18,50000,60,REP022
6742,Fictional Outlet 06742,South,Traditional Trade,Small,2023-12-11,5000,15,REP023
6743,Fictional Outlet 06743,East,Traditional Trade,Small,2023-03-21,5000,60,REP024
6744,Fictional Outlet 06744,West,Traditional Trade,Large,2022-08-29,10000,30,REP025
6745,Fictional Outlet 06745,North,Traditional Trade,Medium,2022-04-04,10000,60,REP026
6746,Fictional Outlet 06746,South,Traditional Trade,Large,2022-11-19,10000,30,REP027
6747,Fictional Outlet 06747,East,Traditional Trade,Large,2023-12-11,10000,60,REP028
6748,Fictional Outlet 06748,West,Wholesale,Small,2022-04-20,25000,60,REP029
6749,Fictional Outlet 06749,North,Modern Trade,Large,2022-11-02,25000,15,REP030
6750,Fictional Outlet 06750,South,Traditional Trade,Small,2023-01-13,5000,30,REP031
6751,Fictional Outlet 06751,East,Traditional Trade,Large,2022-04-18,25000,30,REP032
6752,Fictional Outlet 06752,West,Wholesale,Medium,2023-10-28,10000,15,REP033
6753,Fictional Outlet 06753,North,Traditional Trade,Large,2022-10-08,50000,45,REP034
6754,Fictional Outlet 06754,South,Traditional Trade,Small,2022-03-22,50000,15,REP035
6755,Fictional Outlet 06755,East,Traditional Trade,Medium,2022-12-02,10000,30,REP036
6756,Fictional Outlet 06756,West,Traditional Trade,Medium,2022-09-17,10000,30,REP037
6757,Fictional Outlet 06757,North,Traditional Trade,Large,2022-09-08,50000,45,REP038
6758,Fictional Outlet 06758,South,Traditional Trade,Medium,2022-04-12,5000,15,REP039
6759,Fictional Outlet 06759,East,Modern Trade,Large,2022-11-03,5000,15,REP040
6760,Fictional Outlet 06760,West,Modern Trade,Large,2022-01-08,10000,15,REP041
6761,Fictional Outlet 06761,North,Traditional Trade,Large,2023-08-09,10000,30,REP042
6762,Fictional Outlet 06762,South,Modern Trade,Large,2022-02-03,10000,30,REP043
6763,Fictional Outlet 06763,East,Traditional Trade,Medium,2022-01-03,25000,60,REP044
6764,Fictional Outlet 06764,West,Modern Trade,Large,2023-08-18,10000,45,REP045
6765,Fictional Outlet 06765,North,Modern Trade,Small,2023-05-02,50000,45,REP046
6766,Fictional Outlet 06766,South,Ecommerce,Small,2023-09-14,5000,60,REP047
6767,Fictional Outlet 06767,East,Traditional Trade,Medium,2022-01-09,25000,45,REP048
6768,Fictional Outlet 06768,West,Wholesale,Large,2023-02-15,5000,60,REP049
6769,Fictional Outlet 06769,North,Ecommerce,Large,2023-08-10,5000,60,REP050
6770,Fictional Outlet 06770,South,Modern Trade,Medium,2022-12-25,25000,45,REP051
6771,Fictional Outlet 06771,East,Traditional Trade,Small,2022-02-16,5000,15,REP052
6772,Fictional Outlet 06772,West,Wholesale,Large,2023-10-23,25000,45,REP053
6773,Fictional Outlet 06773,North,Traditional Trade,Small,2022-10-14,10000,15,REP054
6774,Fictional Outlet 06774,South,Ecommerce,Medium,2022-11-06,5000,15,REP055
6775,Fictional Outlet 06775,East,Traditional Trade,Small,2022-12-28,5000,15,REP056
6776,Fictional Outlet 06776,West,Traditional Trade,Large,2022-12-23,10000,15,REP057
6777,Fictional Outlet 06777,North,Modern Trade,Large,2022-08-08,25000,45,REP058
6778,Fictional Outlet 06778,South,Traditional Trade,Medium,2023-11-20,25000,45,REP059
6779,Fictional Outlet 06779,East,Wholesale,Medium,2023-06-02,5000,30,REP060
6780,Fictional Outlet 06780,West,Traditional Trade,Small,2023-12-17,50000,60,
6781,Fictional Outlet 06781,North,Traditional Trade,Small,2023-07-20,50000,30,REP062
6782,Fictional Outlet 06782,South,Traditional Trade,Large,2022-03-05,10000,45,REP063
6783,Fictional Outlet 06783,East,Wholesale,Large,2022-10-20,10000,15,REP064
6784,Fictional Outlet 06784,West,Traditional Trade,Large,2023-02-24,5000,30,REP065
6785,Fictional Outlet 06785,North,Traditional Trade,Small,2022-01-07,50000,30,REP066
6786,Fictional Outlet 06786,South,Modern Trade,Medium,2022-06-03,5000,60,REP067
6787,Fictional Outlet 06787,East,Modern Trade,Small,2023-08-02,25000,45,REP068
6788,Fictional Outlet 06788,West,Modern Trade,Small,2023-05-30,10000,15,REP069
6789,Fictional Outlet 06789,North,Traditional Trade,Medium,2022-09-22,10000,30,REP070
6790,Fictional Outlet 06790,South, TRADITIONAL TRADE ,Small,2023-02-01,10000,30,REP071
6791,Fictional Outlet 06791,East,Traditional Trade,Large,2022-02-03,50000,45,REP072
6792,Fictional Outlet 06792,West,Traditional Trade,Small,2022-11-16,10000,45,REP073
6793,Fictional Outlet 06793,North,Traditional Trade,Medium,2022-12-02,50000,60,REP074
6794,Fictional Outlet 06794,South,Modern Trade,Large,2022-04-08,5000,30,REP075
6795,Fictional Outlet 06795,East,Traditional Trade,Large,2022-12-11,50000,15,REP076
6796,Fictional Outlet 06796,West,Traditional Trade,Medium,2023-09-21,50000,45,REP077
6797,Fictional Outlet 06797,North,Traditional Trade,Small,2022-11-20,50000,45,REP078
6798,Fictional Outlet 06798,South,Wholesale,Large,2022-08-24,5000,60,REP079
6799,Fictional Outlet 06799,East,Traditional Trade,Large,2022-04-07,5000,60,REP080
6800,Fictional Outlet 06800,West,Wholesale,Medium,2023-01-28,50000,60,REP001
6801,Fictional Outlet 06801,North,Traditional Trade,Medium,2023-09-21,25000,45,REP002
6802,Fictional Outlet 06802,South,Modern Trade,Large,2022-08-31,5000,45,REP003
6803,Fictional Outlet 06803,East,Traditional Trade,Small,2023-02-14,10000,15,REP004
6804,Fictional Outlet 06804,West,Traditional Trade,Large,2022-02-20,50000,45,REP005
6805,Fictional Outlet 06805,North,Modern Trade,Large,2022-10-06,25000,45,REP006
6806,Fictional Outlet 06806,South,Traditional Trade,Medium,2023-12-20,5000,60,REP007
6807,Fictional Outlet 06807,East,Traditional Trade,Small,2022-03-17,10000,30,REP008
6808,Fictional Outlet 06808,West,Wholesale,Large,2022-12-26,5000,60,REP009
6809,Fictional Outlet 06809,North,Wholesale,Small,2022-08-03,25000,45,REP010
6810,Fictional Outlet 06810,South,Traditional Trade,Small,2023-09-06,50000,15,REP011
6811,Fictional Outlet 06811,East,Modern Trade,Small,2022-06-11,10000,30,REP012
6812,Fictional Outlet 06812,West,Traditional Trade,Medium,2023-05-02,50000,15,REP013
6813,Fictional Outlet 06813,North,Ecommerce,Large,2022-12-08,5000,45,REP014
6814,Fictional Outlet 06814,South,Traditional Trade,Medium,2023-03-17,10000,45,REP015
6815,Fictional Outlet 06815,East,Traditional Trade,Medium,2022-04-06,10000,60,REP016
6816,Fictional Outlet 06816,West,Modern Trade,Large,2022-12-16,10000,30,REP017
6817,Fictional Outlet 06817,North,Traditional Trade,Medium,2023-04-09,25000,15,REP018
6818,Fictional Outlet 06818,South,Traditional Trade,Small,2023-01-09,5000,15,REP019
6819,Fictional Outlet 06819,East,Traditional Trade,Medium,2022-10-04,50000,60,REP020
6820,Fictional Outlet 06820,West,Ecommerce,Medium,2023-08-20,5000,15,REP021
6821,Fictional Outlet 06821,North,Wholesale,Large,2023-12-01,5000,60,REP022
6822,Fictional Outlet 06822,South,Traditional Trade,Medium,2022-11-28,50000,15,REP023
6823,Fictional Outlet 06823,East,Wholesale,Large,2022-11-02,50000,45,REP024
6824,Fictional Outlet 06824,West,Traditional Trade,Small,2022-06-21,5000,60,REP025
6825,Fictional Outlet 06825,North,Traditional Trade,Medium,2023-03-17,25000,60,REP026
6826,Fictional Outlet 06826,South,Wholesale,Large,2023-11-29,10000,15,REP027
6827,Fictional Outlet 06827,East,Traditional Trade,Medium,2022-10-15,5000,60,REP028
6828,Fictional Outlet 06828,West,Traditional Trade,Large,2023-05-27,10000,30,REP029
6829,Fictional Outlet 06829,North,Traditional Trade,Medium,2022-04-22,5000,45,REP030
6830,Fictional Outlet 06830,South,Traditional Trade,Small,2023-06-19,5000,30,REP031
6831,Fictional Outlet 06831,East,Traditional Trade,Medium,2022-10-28,25000,60,REP032
6832,Fictional Outlet 06832,West,Traditional Trade,Medium,2022-03-21,25000,60,REP033
6833,Fictional Outlet 06833,North,Traditional Trade,Large,2023-08-18,50000,15,REP034
6834,Fictional Outlet 06834,South,Wholesale,Large,2023-01-12,10000,45,REP035
6835,Fictional Outlet 06835,East,Traditional Trade,Large,2022-06-21,5000,15,REP036
6836,Fictional Outlet 06836,West,Wholesale,Small,2023-02-01,25000,60,REP037
6837,Fictional Outlet 06837,North,Traditional Trade,Medium,2023-04-28,10000,60,REP038
6838,Fictional Outlet 06838,South,Modern Trade,Medium,2022-12-23,5000,15,REP039
6839,Fictional Outlet 06839,East,Modern Trade,Small,2022-10-12,25000,45,REP040
6840,Fictional Outlet 06840,West,Traditional Trade,Large,2022-01-23,5000,30,REP041
6841,Fictional Outlet 06841,North,Ecommerce,Large,2022-04-02,5000,60,REP042
6842,Fictional Outlet 06842,South,Modern Trade,Large,2022-06-13,25000,15,REP043
6843,Fictional Outlet 06843,East,Traditional Trade,Medium,2023-05-06,5000,15,REP044
6844,Fictional Outlet 06844,West,Traditional Trade,Small,2023-02-21,50000,30,REP045
6845,Fictional Outlet 06845,North,Modern Trade,Medium,2023-07-11,5000,15,REP046
6846,Fictional Outlet 06846,South,Traditional Trade,Large,2022-02-15,5000,60,REP047
6847,Fictional Outlet 06847,East,Modern Trade,Small,2023-08-20,25000,45,REP048
6848,Fictional Outlet 06848,West,Traditional Trade,Medium,2023-07-30,50000,30,REP049
6849,Fictional Outlet 06849,North,Traditional Trade,Medium,2023-01-15,25000,30,REP050
6850,Fictional Outlet 06850,South,Wholesale,Medium,2023-06-20,50000,15,REP051
6851,Fictional Outlet 06851,East,Wholesale,Large,2023-04-23,5000,30,REP052
6852,Fictional Outlet 06852,West,Modern Trade,Small,2023-01-26,5000,45,REP053
6853,Fictional Outlet 06853,North,Modern Trade,Small,2023-01-17,50000,30,REP054
6854,Fictional Outlet 06854,South,Wholesale,Large,2023-06-12,25000,60,REP055
6855,Fictional Outlet 06855,East,Modern Trade,Large,2022-01-13,25000,30,REP056
6856,Fictional Outlet 06856,West,Modern Trade,Large,2023-04-14,10000,60,REP057
6857,Fictional Outlet 06857,North,Traditional Trade,Large,2023-10-28,5000,15,REP058
6858,Fictional Outlet 06858,South,Modern Trade,Large,2023-01-08,10000,30,REP059
6859,Fictional Outlet 06859,East,Ecommerce,Medium,2022-05-19,5000,45,REP060
6860,Fictional Outlet 06860,West,Wholesale,Medium,2023-07-26,25000,60,REP061
6861,Fictional Outlet 06861,North,Traditional Trade,Medium,2023-06-23,5000,60,REP062
6862,Fictional Outlet 06862,South,Ecommerce,Small,2022-05-16,10000,45,REP063
6863,Fictional Outlet 06863,East,Traditional Trade,Small,2023-11-20,10000,30,REP064
6864,Fictional Outlet 06864,West,Wholesale,Large,2022-11-01,25000,30,REP065
6865,Fictional Outlet 06865,North,Traditional Trade,Medium,2022-02-16,10000,30,REP066
6866,Fictional Outlet 06866,South,Ecommerce,Medium,2023-12-03,5000,15,REP067
6867,Fictional Outlet 06867,East,Traditional Trade,Medium,2023-04-17,5000,15,REP068
6868,Fictional Outlet 06868,West,Traditional Trade,Small,2023-12-28,50000,60,REP069
6869,Fictional Outlet 06869,North,Traditional Trade,Large,2023-06-05,50000,45,REP070
6870,Fictional Outlet 06870,South,Ecommerce,Medium,2022-05-17,25000,30,REP071
6871,Fictional Outlet 06871,East,Modern Trade,Large,2023-01-17,25000,45,REP072
6872,Fictional Outlet 06872,West,Wholesale,Small,2022-06-23,25000,45,REP073
6873,Fictional Outlet 06873,North,Wholesale,Medium,2022-01-01,50000,15,REP074
6874,Fictional Outlet 06874,South,Wholesale,Small,2023-03-29,10000,30,REP075
6875,Fictional Outlet 06875,East,Traditional Trade,Large,2023-02-17,50000,60,REP076
6876,Fictional Outlet 06876,West,Ecommerce,Large,2023-01-12,25000,45,REP077
6877,Fictional Outlet 06877,North,Traditional Trade,Large,2022-06-25,50000,45,REP078
6878,Fictional Outlet 06878,South,Traditional Trade,Medium,2023-01-18,10000,45,REP079
6879,Fictional Outlet 06879,East,Wholesale,Large,2022-09-22,10000,45,REP080
6880,Fictional Outlet 06880,West,Wholesale,Medium,2022-08-13,10000,60,REP001
6881,Fictional Outlet 06881,North,Modern Trade,Small,2022-04-28,5000,45,REP002
6882,Fictional Outlet 06882,South,Traditional Trade,Small,2023-11-07,50000,45,REP003
6883,Fictional Outlet 06883,East,Traditional Trade,Large,2023-03-29,50000,15,REP004
6884,Fictional Outlet 06884,West,Wholesale,Medium,2023-02-22,10000,15,REP005
6885,Fictional Outlet 06885,North,Traditional Trade,Medium,2022-10-09,50000,60,REP006
6886,Fictional Outlet 06886,South,Traditional Trade,Small,2022-07-11,5000,60,REP007
6887,Fictional Outlet 06887,East, TRADITIONAL TRADE ,Large,2022-10-03,50000,30,REP008
6888,Fictional Outlet 06888,West,Traditional Trade,Medium,2023-01-17,50000,45,REP009
6889,Fictional Outlet 06889,North,Traditional Trade,Small,2023-02-01,5000,30,REP010
6890,Fictional Outlet 06890,South,Traditional Trade,Medium,2023-09-24,10000,60,REP011
6891,Fictional Outlet 06891,East,Traditional Trade,Large,2022-05-21,50000,45,REP012
6892,Fictional Outlet 06892,West,Wholesale,Small,2023-09-01,10000,30,REP013
6893,Fictional Outlet 06893,North,Traditional Trade,Small,2022-07-04,10000,60,
6894,Fictional Outlet 06894,South,Traditional Trade,Small,2023-07-10,50000,45,REP015
6895,Fictional Outlet 06895,East,Ecommerce,Large,2022-05-21,5000,45,REP016
6896,Fictional Outlet 06896,West,Modern Trade,Small,2023-05-25,10000,15,REP017
6897,Fictional Outlet 06897,North,Traditional Trade,Medium,2022-10-10,25000,60,REP018
6898,Fictional Outlet 06898,South,Wholesale,Medium,2022-02-12,5000,60,REP019
6899,Fictional Outlet 06899,East,Traditional Trade,Large,2022-05-12,25000,30,REP020
6900,Fictional Outlet 06900,West,Traditional Trade,Small,2022-06-22,25000,60,REP021
6901,Fictional Outlet 06901,North,Traditional Trade,Small,2022-06-07,25000,15,REP022
6902,Fictional Outlet 06902,South,Traditional Trade,Medium,2023-02-07,25000,45,REP023
6903,Fictional Outlet 06903,East,Traditional Trade,Small,2022-05-20,25000,15,REP024
6904,Fictional Outlet 06904,West,Traditional Trade,Large,2022-03-17,50000,15,REP025
6905,Fictional Outlet 06905,North,Ecommerce,Medium,2023-10-23,10000,30,REP026
6906,Fictional Outlet 06906,South,Modern Trade,Small,2022-03-14,25000,45,REP027
6907,Fictional Outlet 06907,East,Traditional Trade,Medium,2023-08-25,50000,15,REP028
6908,Fictional Outlet 06908,West,Traditional Trade,Small,2022-10-25,5000,45,REP029
6909,Fictional Outlet 06909,North,Traditional Trade,Large,2022-11-25,50000,45,REP030
6910,Fictional Outlet 06910,South,Traditional Trade,Small,2022-04-27,10000,30,REP031
6911,Fictional Outlet 06911,East,Traditional Trade,Small,2022-07-22,10000,45,REP032
6912,Fictional Outlet 06912,West,Traditional Trade,Large,2023-11-25,25000,60,REP033
6913,Fictional Outlet 06913,North,Modern Trade,Small,2023-05-29,5000,30,REP034
6914,Fictional Outlet 06914,South,Wholesale,Small,2022-07-23,25000,60,REP035
6915,Fictional Outlet 06915,East,Wholesale,Small,2022-04-20,50000,30,REP036
6916,Fictional Outlet 06916,West,Modern Trade,Large,2023-12-07,10000,45,REP037
6917,Fictional Outlet 06917,North,Traditional Trade,Small,2023-10-07,50000,45,REP038
6918,Fictional Outlet 06918,South,Traditional Trade,Medium,2022-04-04,10000,15,REP039
6919,Fictional Outlet 06919,East,Wholesale,Medium,2022-07-05,10000,60,REP040
6920,Fictional Outlet 06920,West,Wholesale,Large,2023-09-15,50000,60,REP041
6921,Fictional Outlet 06921,North,Modern Trade,Medium,2022-08-29,50000,30,REP042
6922,Fictional Outlet 06922,South,Modern Trade,Small,2022-10-02,25000,60,REP043
6923,Fictional Outlet 06923,East,Wholesale,Large,2023-03-17,5000,30,REP044
6924,Fictional Outlet 06924,West,Ecommerce,Small,2023-02-06,50000,15,REP045
6925,Fictional Outlet 06925,North,Traditional Trade,Medium,2022-06-15,25000,30,REP046
6926,Fictional Outlet 06926,South,Wholesale,Small,2023-09-01,50000,45,REP047
6927,Fictional Outlet 06927,East,Modern Trade,Small,2022-10-07,10000,15,REP048
6928,Fictional Outlet 06928,West,Modern Trade,Large,2022-01-06,25000,30,REP049
6929,Fictional Outlet 06929,North,Traditional Trade,Medium,2023-01-09,25000,60,REP050
6930,Fictional Outlet 06930,South,Ecommerce,Small,2023-03-19,10000,60,REP051
6931,Fictional Outlet 06931,East,Wholesale,Small,2023-04-01,10000,60,REP052
6932,Fictional Outlet 06932,West,Traditional Trade,Large,2023-04-25,5000,45,REP053
6933,Fictional Outlet 06933,North,Wholesale,Large,2022-11-14,50000,45,REP054
6934,Fictional Outlet 06934,South,Traditional Trade,Large,2022-02-10,50000,60,REP055
6935,Fictional Outlet 06935,East,Wholesale,Small,2023-06-08,50000,15,REP056
6936,Fictional Outlet 06936,West,Traditional Trade,Medium,2022-07-14,5000,30,REP057
6937,Fictional Outlet 06937,North,Traditional Trade,Large,2023-01-23,10000,60,REP058
6938,Fictional Outlet 06938,South,Modern Trade,Large,2023-06-20,25000,60,REP059
6939,Fictional Outlet 06939,East,Wholesale,Large,2022-03-23,10000,45,REP060
6940,Fictional Outlet 06940,West,Traditional Trade,Large,2023-02-19,5000,45,REP061
6941,Fictional Outlet 06941,North,Wholesale,Medium,2023-07-27,5000,30,REP062
6942,Fictional Outlet 06942,South,Ecommerce,Small,2022-06-20,25000,60,REP063
6943,Fictional Outlet 06943,East,Traditional Trade,Large,2023-11-16,50000,30,REP064
6944,Fictional Outlet 06944,West,Wholesale,Large,2023-05-24,50000,15,REP065
6945,Fictional Outlet 06945,North,Traditional Trade,Medium,2023-09-24,5000,45,REP066
6946,Fictional Outlet 06946,South,Wholesale,Large,2023-02-23,5000,45,REP067
6947,Fictional Outlet 06947,East,Modern Trade,Medium,2022-10-05,10000,45,REP068
6948,Fictional Outlet 06948,West,Traditional Trade,Large,2023-03-13,10000,45,REP069
6949,Fictional Outlet 06949,North,Wholesale,Large,2023-05-01,25000,30,REP070
6950,Fictional Outlet 06950,South,Modern Trade,Medium,2023-04-22,10000,30,REP071
6951,Fictional Outlet 06951,East,Wholesale,Large,2023-07-10,25000,45,REP072
6952,Fictional Outlet 06952,West,Modern Trade,Large,2022-12-21,25000,15,REP073
6953,Fictional Outlet 06953,North,Traditional Trade,Medium,2022-08-01,5000,60,REP074
6954,Fictional Outlet 06954,South,Wholesale,Medium,2023-11-27,25000,45,REP075
6955,Fictional Outlet 06955,East,Traditional Trade,Small,2022-09-10,50000,30,REP076
6956,Fictional Outlet 06956,West,Modern Trade,Small,2023-10-15,10000,60,REP077
6957,Fictional Outlet 06957,North,Wholesale,Small,2022-04-01,25000,30,REP078
6958,Fictional Outlet 06958,South,Traditional Trade,Medium,2022-01-15,25000,60,REP079
6959,Fictional Outlet 06959,East,Modern Trade,Small,2022-03-09,50000,60,REP080
6960,Fictional Outlet 06960,West,Traditional Trade,Medium,2023-08-05,25000,45,REP001
6961,Fictional Outlet 06961,North,Traditional Trade,Medium,2023-07-05,5000,15,REP002
6962,Fictional Outlet 06962,South,Traditional Trade,Large,2022-03-10,25000,45,REP003
6963,Fictional Outlet 06963,East,Wholesale,Large,2022-12-12,25000,60,REP004
6964,Fictional Outlet 06964,West,Traditional Trade,Large,2023-04-27,50000,30,REP005
6965,Fictional Outlet 06965,North,Modern Trade,Medium,2022-01-06,50000,15,REP006
6966,Fictional Outlet 06966,South,Traditional Trade,Medium,2022-10-05,5000,45,REP007
6967,Fictional Outlet 06967,East,Traditional Trade,Small,2022-08-29,5000,60,REP008
6968,Fictional Outlet 06968,West,Traditional Trade,Medium,2023-05-28,10000,30,REP009
6969,Fictional Outlet 06969,North,Traditional Trade,Small,2023-08-24,10000,15,REP010
6970,Fictional Outlet 06970,South,Traditional Trade,Small,2022-09-28,50000,45,REP011
6971,Fictional Outlet 06971,East,Wholesale,Large,2022-11-29,25000,45,REP012
6972,Fictional Outlet 06972,West,Traditional Trade,Small,2023-04-21,50000,15,REP013
6973,Fictional Outlet 06973,North,Traditional Trade,Medium,2022-11-06,5000,30,REP014
6974,Fictional Outlet 06974,South,Modern Trade,Medium,2023-04-11,50000,45,REP015
6975,Fictional Outlet 06975,East,Modern Trade,Medium,2022-10-05,5000,30,REP016
6976,Fictional Outlet 06976,West,Ecommerce,Small,2023-12-23,25000,30,REP017
6977,Fictional Outlet 06977,North,Wholesale,Large,2023-01-29,10000,60,REP018
6978,Fictional Outlet 06978,South,Modern Trade,Large,2023-09-12,10000,15,REP019
6979,Fictional Outlet 06979,East,Traditional Trade,Medium,2022-02-15,25000,15,REP020
6980,Fictional Outlet 06980,West,Traditional Trade,Small,2022-12-23,50000,45,REP021
6981,Fictional Outlet 06981,North,Modern Trade,Large,2023-07-02,25000,60,REP022
6982,Fictional Outlet 06982,South,Wholesale,Small,2023-06-16,25000,60,REP023
6983,Fictional Outlet 06983,East,Traditional Trade,Medium,2023-03-24,25000,45,REP024
6984,Fictional Outlet 06984,West, TRADITIONAL TRADE ,Medium,2023-05-18,5000,45,REP025
6985,Fictional Outlet 06985,North,Traditional Trade,Medium,2023-02-02,50000,30,REP026
6986,Fictional Outlet 06986,South,Traditional Trade,Large,2022-03-26,10000,45,REP027
6987,Fictional Outlet 06987,East,Traditional Trade,Medium,2023-05-22,25000,45,REP028
6988,Fictional Outlet 06988,West,Traditional Trade,Large,2022-12-20,25000,30,REP029
6989,Fictional Outlet 06989,North,Wholesale,Medium,2023-12-31,5000,45,REP030
6990,Fictional Outlet 06990,South,Modern Trade,Medium,2023-11-06,10000,30,REP031
6991,Fictional Outlet 06991,East,Traditional Trade,Small,2022-04-16,10000,60,REP032
6992,Fictional Outlet 06992,West,Traditional Trade,Large,2023-03-28,25000,15,REP033
6993,Fictional Outlet 06993,North,Modern Trade,Medium,2023-01-09,25000,60,REP034
6994,Fictional Outlet 06994,South,Traditional Trade,Large,2022-04-22,25000,15,REP035
6995,Fictional Outlet 06995,East,Traditional Trade,Small,2022-04-19,10000,45,REP036
6996,Fictional Outlet 06996,West,Traditional Trade,Small,2022-09-20,10000,15,REP037
6997,Fictional Outlet 06997,North,Traditional Trade,Large,2022-03-05,50000,15,REP038
6998,Fictional Outlet 06998,South,Traditional Trade,Large,2022-08-07,5000,60,REP039
6999,Fictional Outlet 06999,East,Wholesale,Small,2022-02-26,50000,30,REP040
7000,Fictional Outlet 07000,West,Modern Trade,Medium,2023-04-10,10000,15,REP041
7001,Fictional Outlet 07001,North,Traditional Trade,Medium,2023-08-23,25000,60,REP042
7002,Fictional Outlet 07002,South,Modern Trade,Medium,2023-06-14,5000,60,REP043
7003,Fictional Outlet 07003,East,Traditional Trade,Medium,2023-05-07,5000,45,REP044
7004,Fictional Outlet 07004,West,Modern Trade,Medium,2022-05-26,10000,15,REP045
7005,Fictional Outlet 07005,North,Modern Trade,Medium,2023-09-28,10000,30,REP046
7006,Fictional Outlet 07006,South,Traditional Trade,Small,2022-10-23,50000,60,
7007,Fictional Outlet 07007,East,Traditional Trade,Medium,2023-09-13,10000,30,REP048
7008,Fictional Outlet 07008,West,Wholesale,Small,2022-12-07,25000,30,REP049
7009,Fictional Outlet 07009,North,Wholesale,Medium,2023-04-18,25000,60,REP050
7010,Fictional Outlet 07010,South,Modern Trade,Medium,2023-07-28,10000,45,REP051
7011,Fictional Outlet 07011,East,Ecommerce,Medium,2023-02-11,10000,45,REP052
7012,Fictional Outlet 07012,West,Modern Trade,Medium,2022-12-08,10000,30,REP053
7013,Fictional Outlet 07013,North,Traditional Trade,Large,2023-12-12,10000,30,REP054
7014,Fictional Outlet 07014,South,Ecommerce,Medium,2023-06-11,10000,45,REP055
7015,Fictional Outlet 07015,East,Traditional Trade,Large,2023-10-12,25000,15,REP056
7016,Fictional Outlet 07016,West,Traditional Trade,Small,2023-01-27,50000,30,REP057
7017,Fictional Outlet 07017,North,Modern Trade,Large,2022-03-14,50000,15,REP058
7018,Fictional Outlet 07018,South,Modern Trade,Medium,2023-01-29,50000,45,REP059
7019,Fictional Outlet 07019,East,Wholesale,Medium,2022-02-22,5000,60,REP060
7020,Fictional Outlet 07020,West,Wholesale,Small,2023-07-29,5000,15,REP061
7021,Fictional Outlet 07021,North,Traditional Trade,Large,2022-05-17,5000,60,REP062
7022,Fictional Outlet 07022,South,Modern Trade,Medium,2023-05-12,10000,60,REP063
7023,Fictional Outlet 07023,East,Modern Trade,Small,2023-04-16,5000,30,REP064
7024,Fictional Outlet 07024,West,Traditional Trade,Medium,2022-09-06,10000,45,REP065
7025,Fictional Outlet 07025,North,Ecommerce,Large,2022-09-11,5000,60,REP066
7026,Fictional Outlet 07026,South,Traditional Trade,Medium,2022-08-08,50000,45,REP067
7027,Fictional Outlet 07027,East,Wholesale,Small,2023-02-09,25000,30,REP068
7028,Fictional Outlet 07028,West,Modern Trade,Medium,2023-10-29,10000,30,REP069
7029,Fictional Outlet 07029,North,Wholesale,Small,2023-10-18,5000,15,REP070
7030,Fictional Outlet 07030,South,Wholesale,Medium,2022-01-29,10000,15,REP071
7031,Fictional Outlet 07031,East,Ecommerce,Medium,2023-02-15,5000,45,REP072
7032,Fictional Outlet 07032,West,Traditional Trade,Large,2022-05-01,50000,15,REP073
7033,Fictional Outlet 07033,North,Wholesale,Small,2023-04-27,10000,15,REP074
7034,Fictional Outlet 07034,South,Modern Trade,Large,2023-09-06,5000,30,REP075
7035,Fictional Outlet 07035,East,Traditional Trade,Large,2022-02-17,50000,60,REP076
7036,Fictional Outlet 07036,West,Traditional Trade,Large,2023-02-05,5000,60,REP077
7037,Fictional Outlet 07037,North,Traditional Trade,Large,2022-08-24,25000,15,REP078
7038,Fictional Outlet 07038,South,Traditional Trade,Medium,2022-04-17,50000,30,REP079
7039,Fictional Outlet 07039,East,Traditional Trade,Medium,2022-06-12,25000,45,REP080
7040,Fictional Outlet 07040,West,Wholesale,Large,2023-02-01,25000,60,REP001
7041,Fictional Outlet 07041,North,Wholesale,Medium,2023-05-16,25000,45,REP002
7042,Fictional Outlet 07042,South,Traditional Trade,Medium,2022-02-16,25000,60,REP003
7043,Fictional Outlet 07043,East,Ecommerce,Large,2023-04-12,25000,15,REP004
7044,Fictional Outlet 07044,West,Wholesale,Medium,2022-06-17,25000,45,REP005
7045,Fictional Outlet 07045,North,Traditional Trade,Small,2022-10-27,25000,45,REP006
7046,Fictional Outlet 07046,South,Traditional Trade,Small,2022-08-29,50000,30,REP007
7047,Fictional Outlet 07047,East,Traditional Trade,Large,2022-01-06,50000,45,REP008
7048,Fictional Outlet 07048,West,Traditional Trade,Small,2023-05-18,50000,60,REP009
7049,Fictional Outlet 07049,North,Traditional Trade,Medium,2022-03-03,10000,15,REP010
7050,Fictional Outlet 07050,South,Traditional Trade,Medium,2023-07-12,50000,30,REP011
7051,Fictional Outlet 07051,East,Wholesale,Large,2022-12-05,50000,60,REP012
7052,Fictional Outlet 07052,West,Wholesale,Large,2022-08-18,25000,30,REP013
7053,Fictional Outlet 07053,North,Traditional Trade,Large,2023-11-09,10000,15,REP014
7054,Fictional Outlet 07054,South,Modern Trade,Small,2023-04-30,10000,30,REP015
7055,Fictional Outlet 07055,East,Wholesale,Large,2022-12-17,5000,60,REP016
7056,Fictional Outlet 07056,West,Traditional Trade,Medium,2023-08-29,25000,30,REP017
7057,Fictional Outlet 07057,North,Modern Trade,Medium,2022-01-20,10000,60,REP018
7058,Fictional Outlet 07058,South,Traditional Trade,Medium,2022-07-29,5000,15,REP019
7059,Fictional Outlet 07059,East,Traditional Trade,Medium,2023-08-27,5000,30,REP020
7060,Fictional Outlet 07060,West,Modern Trade,Large,2023-02-17,10000,60,REP021
7061,Fictional Outlet 07061,North,Traditional Trade,Medium,2022-09-22,25000,15,REP022
7062,Fictional Outlet 07062,South,Traditional Trade,Small,2023-05-07,25000,30,REP023
7063,Fictional Outlet 07063,East,Traditional Trade,Small,2023-06-30,5000,15,REP024
7064,Fictional Outlet 07064,West,Traditional Trade,Small,2022-04-07,25000,30,REP025
7065,Fictional Outlet 07065,North,Modern Trade,Large,2023-11-06,50000,30,REP026
7066,Fictional Outlet 07066,South,Modern Trade,Medium,2023-04-13,10000,45,REP027
7067,Fictional Outlet 07067,East,Modern Trade,Medium,2023-09-15,50000,45,REP028
7068,Fictional Outlet 07068,West,Modern Trade,Small,2022-04-29,50000,30,REP029
7069,Fictional Outlet 07069,North,Traditional Trade,Large,2023-05-14,5000,45,REP030
7070,Fictional Outlet 07070,South,Traditional Trade,Medium,2023-04-13,10000,60,REP031
7071,Fictional Outlet 07071,East,Traditional Trade,Large,2022-02-19,25000,45,REP032
7072,Fictional Outlet 07072,West,Wholesale,Large,2023-03-08,50000,30,REP033
7073,Fictional Outlet 07073,North,Wholesale,Medium,2023-06-12,5000,15,REP034
7074,Fictional Outlet 07074,South,Traditional Trade,Large,2022-07-03,5000,15,REP035
7075,Fictional Outlet 07075,East,Wholesale,Large,2023-08-04,10000,30,REP036
7076,Fictional Outlet 07076,West,Modern Trade,Medium,2023-07-20,50000,45,REP037
7077,Fictional Outlet 07077,North,Traditional Trade,Small,2022-01-05,25000,45,REP038
7078,Fictional Outlet 07078,South,Traditional Trade,Large,2023-04-28,25000,45,REP039
7079,Fictional Outlet 07079,East,Traditional Trade,Small,2022-12-13,5000,30,REP040
7080,Fictional Outlet 07080,West,Traditional Trade,Medium,2023-06-08,50000,15,REP041
7081,Fictional Outlet 07081,North, MODERN TRADE ,Large,2023-10-10,5000,15,REP042
7082,Fictional Outlet 07082,South,Traditional Trade,Large,2023-08-12,5000,45,REP043
7083,Fictional Outlet 07083,East,Wholesale,Large,2022-11-07,50000,45,REP044
7084,Fictional Outlet 07084,West,Traditional Trade,Small,2023-07-16,50000,60,REP045
7085,Fictional Outlet 07085,North,Traditional Trade,Large,2023-06-07,5000,60,REP046
7086,Fictional Outlet 07086,South,Traditional Trade,Large,2022-05-25,5000,60,REP047
7087,Fictional Outlet 07087,East,Modern Trade,Small,2022-02-22,25000,60,REP048
7088,Fictional Outlet 07088,West,Traditional Trade,Large,2022-08-04,10000,30,REP049
7089,Fictional Outlet 07089,North,Modern Trade,Small,2023-01-30,25000,60,REP050
7090,Fictional Outlet 07090,South,Traditional Trade,Large,2023-12-31,50000,15,REP051
7091,Fictional Outlet 07091,East,Traditional Trade,Large,2023-10-29,5000,60,REP052
7092,Fictional Outlet 07092,West,Modern Trade,Large,2023-09-16,10000,30,REP053
7093,Fictional Outlet 07093,North,Traditional Trade,Small,2022-03-28,5000,45,REP054
7094,Fictional Outlet 07094,South,Traditional Trade,Medium,2022-02-26,10000,15,REP055
7095,Fictional Outlet 07095,East,Wholesale,Small,2023-04-29,10000,15,REP056
7096,Fictional Outlet 07096,West,Traditional Trade,Large,2022-01-18,10000,15,REP057
7097,Fictional Outlet 07097,North,Traditional Trade,Small,2023-10-23,5000,30,REP058
7098,Fictional Outlet 07098,South,Wholesale,Small,2022-07-10,5000,60,REP059
7099,Fictional Outlet 07099,East,Traditional Trade,Small,2023-07-16,50000,15,REP060
7100,Fictional Outlet 07100,West,Traditional Trade,Large,2023-05-27,10000,30,REP061
7101,Fictional Outlet 07101,North,Traditional Trade,Small,2023-07-04,5000,30,REP062
7102,Fictional Outlet 07102,South,Ecommerce,Medium,2022-04-28,10000,45,REP063
7103,Fictional Outlet 07103,East,Traditional Trade,Large,2022-12-05,5000,15,REP064
7104,Fictional Outlet 07104,West,Traditional Trade,Small,2022-02-25,10000,60,REP065
7105,Fictional Outlet 07105,North,Traditional Trade,Medium,2022-02-26,10000,30,REP066
7106,Fictional Outlet 07106,South,Wholesale,Large,2023-04-12,50000,45,REP067
7107,Fictional Outlet 07107,East,Modern Trade,Medium,2022-05-08,5000,45,REP068
7108,Fictional Outlet 07108,West,Traditional Trade,Medium,2022-01-23,25000,15,REP069
7109,Fictional Outlet 07109,North,Traditional Trade,Small,2022-11-28,50000,30,REP070
7110,Fictional Outlet 07110,South,Traditional Trade,Large,2022-08-21,10000,60,REP071
7111,Fictional Outlet 07111,East,Modern Trade,Large,2022-05-04,5000,30,REP072
7112,Fictional Outlet 07112,West,Traditional Trade,Small,2023-02-24,50000,15,REP073
7113,Fictional Outlet 07113,North,Traditional Trade,Medium,2022-09-29,5000,15,REP074
7114,Fictional Outlet 07114,South,Traditional Trade,Small,2023-08-03,50000,30,REP075
7115,Fictional Outlet 07115,East,Modern Trade,Medium,2023-03-05,50000,60,REP076
7116,Fictional Outlet 07116,West,Traditional Trade,Large,2023-09-02,50000,30,REP077
7117,Fictional Outlet 07117,North,Traditional Trade,Large,2023-03-03,5000,60,REP078
7118,Fictional Outlet 07118,South,Traditional Trade,Medium,2023-12-08,5000,45,REP079
7119,Fictional Outlet 07119,East,Traditional Trade,Medium,2022-10-18,50000,15,
7120,Fictional Outlet 07120,West,Traditional Trade,Small,2023-02-24,25000,15,REP001
7121,Fictional Outlet 07121,North,Traditional Trade,Medium,2023-08-07,50000,60,REP002
7122,Fictional Outlet 07122,South,Traditional Trade,Medium,2022-04-13,10000,15,REP003
7123,Fictional Outlet 07123,East,Modern Trade,Small,2023-03-04,25000,15,REP004
7124,Fictional Outlet 07124,West,Wholesale,Medium,2023-08-07,10000,45,REP005
7125,Fictional Outlet 07125,North,Wholesale,Large,2022-12-18,25000,45,REP006
7126,Fictional Outlet 07126,South,Traditional Trade,Medium,2023-09-15,50000,15,REP007
7127,Fictional Outlet 07127,East,Traditional Trade,Medium,2023-12-15,25000,60,REP008
7128,Fictional Outlet 07128,West,Wholesale,Large,2022-12-21,25000,45,REP009
7129,Fictional Outlet 07129,North,Modern Trade,Large,2023-05-05,10000,60,REP010
7130,Fictional Outlet 07130,South,Traditional Trade,Large,2022-02-17,50000,45,REP011
7131,Fictional Outlet 07131,East,Traditional Trade,Large,2023-07-07,25000,15,REP012
7132,Fictional Outlet 07132,West,Traditional Trade,Medium,2022-03-19,50000,45,REP013
7133,Fictional Outlet 07133,North,Traditional Trade,Large,2023-05-19,5000,15,REP014
7134,Fictional Outlet 07134,South,Modern Trade,Large,2023-07-10,10000,60,REP015
7135,Fictional Outlet 07135,East,Traditional Trade,Large,2022-02-05,5000,30,REP016
7136,Fictional Outlet 07136,West,Traditional Trade,Small,2022-10-13,10000,45,REP017
7137,Fictional Outlet 07137,North,Wholesale,Small,2023-11-07,10000,60,REP018
7138,Fictional Outlet 07138,South,Modern Trade,Small,2023-05-19,50000,30,REP019
7139,Fictional Outlet 07139,East,Traditional Trade,Large,2022-08-27,10000,60,REP020
7140,Fictional Outlet 07140,West,Wholesale,Large,2023-08-22,25000,45,REP021
7141,Fictional Outlet 07141,North,Wholesale,Large,2023-09-15,50000,60,REP022
7142,Fictional Outlet 07142,South,Wholesale,Small,2022-02-28,5000,45,REP023
7143,Fictional Outlet 07143,East,Traditional Trade,Medium,2023-12-09,25000,45,REP024
7144,Fictional Outlet 07144,West,Traditional Trade,Small,2022-07-10,25000,45,REP025
7145,Fictional Outlet 07145,North,Ecommerce,Large,2023-05-04,10000,45,REP026
7146,Fictional Outlet 07146,South,Traditional Trade,Large,2023-02-02,5000,45,REP027
7147,Fictional Outlet 07147,East,Traditional Trade,Large,2022-01-23,10000,15,REP028
7148,Fictional Outlet 07148,West,Traditional Trade,Medium,2023-02-24,50000,15,REP029
7149,Fictional Outlet 07149,North,Traditional Trade,Small,2022-01-09,50000,60,REP030
7150,Fictional Outlet 07150,South,Ecommerce,Small,2022-05-19,5000,45,REP031
7151,Fictional Outlet 07151,East,Traditional Trade,Small,2022-02-22,10000,30,REP032
7152,Fictional Outlet 07152,West,Traditional Trade,Small,2023-10-22,50000,60,REP033
7153,Fictional Outlet 07153,North,Wholesale,Medium,2022-02-16,50000,60,REP034
7154,Fictional Outlet 07154,South,Ecommerce,Medium,2022-01-04,10000,45,REP035
7155,Fictional Outlet 07155,East,Modern Trade,Medium,2022-01-14,10000,45,REP036
7156,Fictional Outlet 07156,West,Wholesale,Small,2022-11-22,25000,45,REP037
7157,Fictional Outlet 07157,North,Traditional Trade,Large,2023-07-15,10000,60,REP038
7158,Fictional Outlet 07158,South,Wholesale,Large,2022-12-17,25000,30,REP039
7159,Fictional Outlet 07159,East,Traditional Trade,Small,2022-02-19,10000,15,REP040
7160,Fictional Outlet 07160,West,Traditional Trade,Small,2023-02-04,50000,60,REP041
7161,Fictional Outlet 07161,North,Traditional Trade,Medium,2023-08-15,50000,30,REP042
7162,Fictional Outlet 07162,South,Modern Trade,Small,2022-05-25,10000,30,REP043
7163,Fictional Outlet 07163,East,Traditional Trade,Medium,2022-05-10,10000,60,REP044
7164,Fictional Outlet 07164,West,Traditional Trade,Small,2023-03-12,10000,30,REP045
7165,Fictional Outlet 07165,North,Traditional Trade,Small,2022-09-23,10000,30,REP046
7166,Fictional Outlet 07166,South,Traditional Trade,Large,2022-05-08,25000,60,REP047
7167,Fictional Outlet 07167,East,Traditional Trade,Large,2022-03-26,5000,30,REP048
7168,Fictional Outlet 07168,West,Modern Trade,Large,2023-12-30,25000,45,REP049
7169,Fictional Outlet 07169,North,Modern Trade,Small,2023-08-25,10000,30,REP050
7170,Fictional Outlet 07170,South,Traditional Trade,Medium,2022-12-27,10000,15,REP051
7171,Fictional Outlet 07171,East,Traditional Trade,Large,2022-11-08,25000,45,REP052
7172,Fictional Outlet 07172,West,Traditional Trade,Medium,2022-09-09,10000,30,REP053
7173,Fictional Outlet 07173,North,Traditional Trade,Medium,2022-05-09,25000,15,REP054
7174,Fictional Outlet 07174,South,Traditional Trade,Small,2022-06-11,5000,30,REP055
7175,Fictional Outlet 07175,East,Modern Trade,Medium,2022-06-11,10000,15,REP056
7176,Fictional Outlet 07176,West,Wholesale,Large,2022-06-11,25000,45,REP057
7177,Fictional Outlet 07177,North,Modern Trade,Large,2023-09-07,25000,45,REP058
7178,Fictional Outlet 07178,South, WHOLESALE ,Medium,2022-09-30,25000,60,REP059
7179,Fictional Outlet 07179,East,Wholesale,Medium,2023-04-10,50000,60,REP060
7180,Fictional Outlet 07180,West,Traditional Trade,Medium,2022-06-13,10000,30,REP061
7181,Fictional Outlet 07181,North,Modern Trade,Small,2023-01-17,50000,15,REP062
7182,Fictional Outlet 07182,South,Traditional Trade,Small,2022-05-12,10000,60,REP063
7183,Fictional Outlet 07183,East,Wholesale,Medium,2023-04-04,10000,15,REP064
7184,Fictional Outlet 07184,West,Traditional Trade,Large,2023-12-10,10000,30,REP065
7185,Fictional Outlet 07185,North,Wholesale,Medium,2023-11-20,10000,30,REP066
7186,Fictional Outlet 07186,South,Ecommerce,Large,2022-08-09,25000,60,REP067
7187,Fictional Outlet 07187,East,Traditional Trade,Small,2022-11-13,5000,15,REP068
7188,Fictional Outlet 07188,West,Modern Trade,Large,2022-12-22,50000,30,REP069
7189,Fictional Outlet 07189,North,Modern Trade,Large,2022-05-08,25000,60,REP070
7190,Fictional Outlet 07190,South,Traditional Trade,Medium,2022-05-23,10000,30,REP071
7191,Fictional Outlet 07191,East,Modern Trade,Medium,2023-11-11,10000,30,REP072
7192,Fictional Outlet 07192,West,Traditional Trade,Large,2023-11-23,10000,60,REP073
7193,Fictional Outlet 07193,North,Traditional Trade,Large,2023-08-29,25000,15,REP074
7194,Fictional Outlet 07194,South,Ecommerce,Large,2022-06-11,5000,45,REP075
7195,Fictional Outlet 07195,East,Traditional Trade,Medium,2022-05-12,5000,45,REP076
7196,Fictional Outlet 07196,West,Ecommerce,Medium,2022-11-09,50000,15,REP077
7197,Fictional Outlet 07197,North,Traditional Trade,Small,2023-01-22,25000,60,REP078
7198,Fictional Outlet 07198,South,Ecommerce,Large,2022-01-25,25000,45,REP079
7199,Fictional Outlet 07199,East,Traditional Trade,Medium,2023-08-01,50000,60,REP080
7200,Fictional Outlet 07200,West,Traditional Trade,Small,2023-08-26,5000,15,REP001
7201,Fictional Outlet 07201,North,Wholesale,Large,2023-03-22,50000,45,REP002
7202,Fictional Outlet 07202,South,Ecommerce,Small,2023-11-25,10000,30,REP003
7203,Fictional Outlet 07203,East,Modern Trade,Medium,2022-08-20,50000,15,REP004
7204,Fictional Outlet 07204,West,Modern Trade,Medium,2023-06-26,50000,60,REP005
7205,Fictional Outlet 07205,North,Ecommerce,Medium,2023-05-28,5000,45,REP006
7206,Fictional Outlet 07206,South,Traditional Trade,Medium,2023-07-02,50000,45,REP007
7207,Fictional Outlet 07207,East,Modern Trade,Medium,2023-12-11,10000,30,REP008
7208,Fictional Outlet 07208,West,Wholesale,Medium,2023-06-30,5000,30,REP009
7209,Fictional Outlet 07209,North,Modern Trade,Small,2023-12-23,5000,15,REP010
7210,Fictional Outlet 07210,South,Traditional Trade,Small,2023-10-30,50000,30,REP011
7211,Fictional Outlet 07211,East,Traditional Trade,Small,2022-05-18,50000,60,REP012
7212,Fictional Outlet 07212,West,Traditional Trade,Medium,2022-11-19,5000,15,REP013
7213,Fictional Outlet 07213,North,Traditional Trade,Large,2023-10-13,25000,60,REP014
7214,Fictional Outlet 07214,South,Modern Trade,Medium,2022-07-18,5000,45,REP015
7215,Fictional Outlet 07215,East,Traditional Trade,Small,2023-09-20,50000,45,REP016
7216,Fictional Outlet 07216,West,Ecommerce,Large,2022-12-13,25000,60,REP017
7217,Fictional Outlet 07217,North,Modern Trade,Large,2023-10-26,50000,60,REP018
7218,Fictional Outlet 07218,South,Modern Trade,Medium,2022-03-26,5000,30,REP019
7219,Fictional Outlet 07219,East,Traditional Trade,Medium,2023-09-29,10000,45,REP020
7220,Fictional Outlet 07220,West,Traditional Trade,Medium,2023-06-30,50000,15,REP021
7221,Fictional Outlet 07221,North,Traditional Trade,Small,2023-05-15,50000,45,REP022
7222,Fictional Outlet 07222,South,Traditional Trade,Small,2022-06-29,5000,60,REP023
7223,Fictional Outlet 07223,East,Traditional Trade,Large,2022-03-24,10000,30,REP024
7224,Fictional Outlet 07224,West,Wholesale,Large,2023-05-04,50000,60,REP025
7225,Fictional Outlet 07225,North,Traditional Trade,Small,2022-11-13,5000,15,REP026
7226,Fictional Outlet 07226,South,Traditional Trade,Small,2022-08-22,25000,45,REP027
7227,Fictional Outlet 07227,East,Traditional Trade,Small,2022-08-04,5000,45,REP028
7228,Fictional Outlet 07228,West,Wholesale,Small,2023-09-10,50000,45,REP029
7229,Fictional Outlet 07229,North,Traditional Trade,Small,2022-12-11,25000,15,REP030
7230,Fictional Outlet 07230,South,Traditional Trade,Large,2023-06-20,5000,60,REP031
7231,Fictional Outlet 07231,East,Wholesale,Large,2022-04-28,10000,45,REP032
7232,Fictional Outlet 07232,West,Modern Trade,Medium,2022-08-07,50000,60,
7233,Fictional Outlet 07233,North,Wholesale,Medium,2023-03-09,10000,30,REP034
7234,Fictional Outlet 07234,South,Wholesale,Medium,2023-10-03,25000,45,REP035
7235,Fictional Outlet 07235,East,Traditional Trade,Medium,2023-08-19,50000,30,REP036
7236,Fictional Outlet 07236,West,Traditional Trade,Small,2023-09-19,10000,60,REP037
7237,Fictional Outlet 07237,North,Traditional Trade,Large,2023-05-02,25000,60,REP038
7238,Fictional Outlet 07238,South,Wholesale,Small,2023-10-05,5000,15,REP039
7239,Fictional Outlet 07239,East,Ecommerce,Medium,2023-12-16,5000,45,REP040
7240,Fictional Outlet 07240,West,Traditional Trade,Medium,2023-10-08,50000,15,REP041
7241,Fictional Outlet 07241,North,Traditional Trade,Medium,2022-06-01,10000,15,REP042
7242,Fictional Outlet 07242,South,Modern Trade,Medium,2023-03-31,25000,15,REP043
7243,Fictional Outlet 07243,East,Wholesale,Small,2023-05-13,25000,45,REP044
7244,Fictional Outlet 07244,West,Modern Trade,Large,2022-07-07,5000,15,REP045
7245,Fictional Outlet 07245,North,Ecommerce,Medium,2022-02-14,5000,15,REP046
7246,Fictional Outlet 07246,South,Traditional Trade,Small,2022-08-31,10000,15,REP047
7247,Fictional Outlet 07247,East,Traditional Trade,Medium,2023-05-12,5000,15,REP048
7248,Fictional Outlet 07248,West,Traditional Trade,Large,2023-11-13,10000,45,REP049
7249,Fictional Outlet 07249,North,Traditional Trade,Small,2022-11-11,50000,60,REP050
7250,Fictional Outlet 07250,South,Traditional Trade,Large,2022-09-08,50000,30,REP051
7251,Fictional Outlet 07251,East,Modern Trade,Medium,2022-10-15,25000,45,REP052
7252,Fictional Outlet 07252,West,Traditional Trade,Medium,2023-06-19,50000,15,REP053
7253,Fictional Outlet 07253,North,Traditional Trade,Medium,2022-06-08,5000,15,REP054
7254,Fictional Outlet 07254,South,Traditional Trade,Medium,2022-09-29,10000,15,REP055
7255,Fictional Outlet 07255,East,Modern Trade,Small,2023-01-08,5000,60,REP056
7256,Fictional Outlet 07256,West,Traditional Trade,Large,2023-02-05,25000,15,REP057
7257,Fictional Outlet 07257,North,Modern Trade,Small,2022-08-09,5000,15,REP058
7258,Fictional Outlet 07258,South,Traditional Trade,Large,2023-04-11,25000,15,REP059
7259,Fictional Outlet 07259,East,Traditional Trade,Small,2022-11-02,25000,15,REP060
7260,Fictional Outlet 07260,West,Traditional Trade,Large,2022-12-08,10000,60,REP061
7261,Fictional Outlet 07261,North,Modern Trade,Small,2023-04-21,10000,30,REP062
7262,Fictional Outlet 07262,South,Traditional Trade,Medium,2023-09-06,25000,15,REP063
7263,Fictional Outlet 07263,East,Ecommerce,Large,2022-09-04,50000,30,REP064
7264,Fictional Outlet 07264,West,Traditional Trade,Large,2022-12-03,50000,60,REP065
7265,Fictional Outlet 07265,North,Traditional Trade,Small,2023-11-22,5000,30,REP066
7266,Fictional Outlet 07266,South,Traditional Trade,Medium,2022-01-27,10000,30,REP067
7267,Fictional Outlet 07267,East,Traditional Trade,Medium,2023-12-20,50000,45,REP068
7268,Fictional Outlet 07268,West,Wholesale,Medium,2022-03-17,50000,60,REP069
7269,Fictional Outlet 07269,North,Wholesale,Small,2022-08-12,10000,30,REP070
7270,Fictional Outlet 07270,South,Traditional Trade,Medium,2022-12-15,10000,45,REP071
7271,Fictional Outlet 07271,East,Modern Trade,Large,2022-07-31,10000,30,REP072
7272,Fictional Outlet 07272,West,Traditional Trade,Small,2023-08-25,10000,15,REP073
7273,Fictional Outlet 07273,North,Modern Trade,Medium,2023-01-02,5000,30,REP074
7274,Fictional Outlet 07274,South,Traditional Trade,Medium,2022-12-07,25000,30,REP075
7275,Fictional Outlet 07275,East, TRADITIONAL TRADE ,Medium,2022-01-06,25000,45,REP076
7276,Fictional Outlet 07276,West,Wholesale,Small,2023-11-11,50000,60,REP077
7277,Fictional Outlet 07277,North,Modern Trade,Large,2022-05-07,50000,30,REP078
7278,Fictional Outlet 07278,South,Traditional Trade,Small,2022-02-25,25000,15,REP079
7279,Fictional Outlet 07279,East,Ecommerce,Large,2023-07-19,5000,15,REP080
7280,Fictional Outlet 07280,West,Traditional Trade,Medium,2023-02-21,5000,30,REP001
7281,Fictional Outlet 07281,North,Ecommerce,Small,2022-08-08,25000,60,REP002
7282,Fictional Outlet 07282,South,Traditional Trade,Small,2023-08-17,10000,60,REP003
7283,Fictional Outlet 07283,East,Ecommerce,Large,2022-03-05,50000,45,REP004
7284,Fictional Outlet 07284,West,Traditional Trade,Medium,2023-07-31,25000,15,REP005
7285,Fictional Outlet 07285,North,Traditional Trade,Small,2022-10-21,25000,30,REP006
7286,Fictional Outlet 07286,South,Modern Trade,Small,2023-09-30,10000,45,REP007
7287,Fictional Outlet 07287,East,Traditional Trade,Medium,2022-10-06,10000,30,REP008
7288,Fictional Outlet 07288,West,Traditional Trade,Large,2023-11-26,50000,15,REP009
7289,Fictional Outlet 07289,North,Traditional Trade,Small,2022-09-18,50000,30,REP010
7290,Fictional Outlet 07290,South,Traditional Trade,Small,2022-06-08,25000,30,REP011
7291,Fictional Outlet 07291,East,Traditional Trade,Small,2022-03-30,5000,30,REP012
7292,Fictional Outlet 07292,West,Traditional Trade,Large,2023-02-02,5000,30,REP013
7293,Fictional Outlet 07293,North,Traditional Trade,Medium,2023-08-17,10000,45,REP014
7294,Fictional Outlet 07294,South,Traditional Trade,Small,2022-12-21,5000,45,REP015
7295,Fictional Outlet 07295,East,Traditional Trade,Large,2023-02-14,5000,60,REP016
7296,Fictional Outlet 07296,West,Traditional Trade,Large,2023-03-26,25000,15,REP017
7297,Fictional Outlet 07297,North,Traditional Trade,Medium,2022-10-24,5000,60,REP018
7298,Fictional Outlet 07298,South,Traditional Trade,Medium,2022-03-04,25000,30,REP019
7299,Fictional Outlet 07299,East,Modern Trade,Small,2023-06-16,10000,60,REP020
7300,Fictional Outlet 07300,West,Traditional Trade,Small,2022-06-20,10000,15,REP021
7301,Fictional Outlet 07301,North,Traditional Trade,Large,2023-05-12,25000,15,REP022
7302,Fictional Outlet 07302,South,Traditional Trade,Medium,2022-05-06,10000,45,REP023
7303,Fictional Outlet 07303,East,Traditional Trade,Large,2023-05-09,25000,15,REP024
7304,Fictional Outlet 07304,West,Traditional Trade,Large,2022-04-21,5000,15,REP025
7305,Fictional Outlet 07305,North,Modern Trade,Large,2023-06-06,25000,15,REP026
7306,Fictional Outlet 07306,South,Traditional Trade,Medium,2022-12-31,5000,60,REP027
7307,Fictional Outlet 07307,East,Traditional Trade,Large,2022-01-27,50000,30,REP028
7308,Fictional Outlet 07308,West,Traditional Trade,Large,2022-08-23,25000,45,REP029
7309,Fictional Outlet 07309,North,Ecommerce,Small,2023-08-10,10000,30,REP030
7310,Fictional Outlet 07310,South,Modern Trade,Small,2022-02-23,50000,15,REP031
7311,Fictional Outlet 07311,East,Ecommerce,Large,2023-03-02,50000,30,REP032
7312,Fictional Outlet 07312,West,Modern Trade,Small,2023-03-08,5000,45,REP033
7313,Fictional Outlet 07313,North,Traditional Trade,Small,2022-10-22,10000,30,REP034
7314,Fictional Outlet 07314,South,Modern Trade,Small,2023-08-03,5000,30,REP035
7315,Fictional Outlet 07315,East,Traditional Trade,Medium,2023-03-11,50000,30,REP036
7316,Fictional Outlet 07316,West,Wholesale,Small,2023-12-03,10000,60,REP037
7317,Fictional Outlet 07317,North,Modern Trade,Small,2023-06-18,5000,30,REP038
7318,Fictional Outlet 07318,South,Traditional Trade,Medium,2022-02-09,25000,15,REP039
7319,Fictional Outlet 07319,East,Wholesale,Medium,2023-08-05,5000,45,REP040
7320,Fictional Outlet 07320,West,Modern Trade,Medium,2023-02-22,10000,60,REP041
7321,Fictional Outlet 07321,North,Traditional Trade,Large,2022-01-26,50000,15,REP042
7322,Fictional Outlet 07322,South,Traditional Trade,Medium,2023-01-30,10000,45,REP043
7323,Fictional Outlet 07323,East,Traditional Trade,Small,2022-02-02,5000,60,REP044
7324,Fictional Outlet 07324,West,Traditional Trade,Large,2022-03-05,10000,30,REP045
7325,Fictional Outlet 07325,North,Traditional Trade,Large,2023-09-12,10000,30,REP046
7326,Fictional Outlet 07326,South,Modern Trade,Small,2022-01-30,50000,60,REP047
7327,Fictional Outlet 07327,East,Traditional Trade,Large,2022-05-22,5000,60,REP048
7328,Fictional Outlet 07328,West,Traditional Trade,Medium,2023-05-28,25000,60,REP049
7329,Fictional Outlet 07329,North,Modern Trade,Medium,2022-03-26,5000,15,REP050
7330,Fictional Outlet 07330,South,Traditional Trade,Large,2022-06-10,50000,60,REP051
7331,Fictional Outlet 07331,East,Modern Trade,Small,2023-07-26,50000,60,REP052
7332,Fictional Outlet 07332,West,Modern Trade,Medium,2023-12-11,10000,30,REP053
7333,Fictional Outlet 07333,North,Traditional Trade,Small,2022-12-25,25000,60,REP054
7334,Fictional Outlet 07334,South,Traditional Trade,Medium,2023-01-26,25000,45,REP055
7335,Fictional Outlet 07335,East,Wholesale,Medium,2022-01-20,10000,45,REP056
7336,Fictional Outlet 07336,West,Traditional Trade,Large,2022-03-06,5000,30,REP057
7337,Fictional Outlet 07337,North,Traditional Trade,Small,2022-06-06,10000,30,REP058
7338,Fictional Outlet 07338,South,Modern Trade,Small,2022-08-10,10000,30,REP059
7339,Fictional Outlet 07339,East,Modern Trade,Small,2023-01-23,10000,45,REP060
7340,Fictional Outlet 07340,West,Ecommerce,Small,2023-03-10,5000,60,REP061
7341,Fictional Outlet 07341,North,Traditional Trade,Medium,2022-09-02,25000,45,REP062
7342,Fictional Outlet 07342,South,Wholesale,Large,2023-06-14,10000,45,REP063
7343,Fictional Outlet 07343,East,Traditional Trade,Large,2023-11-09,10000,60,REP064
7344,Fictional Outlet 07344,West,Wholesale,Large,2023-03-14,25000,60,REP065
7345,Fictional Outlet 07345,North,Ecommerce,Medium,2023-02-19,10000,30,
7346,Fictional Outlet 07346,South,Wholesale,Medium,2022-04-18,5000,30,REP067
7347,Fictional Outlet 07347,East,Traditional Trade,Medium,2023-12-05,25000,60,REP068
7348,Fictional Outlet 07348,West,Traditional Trade,Large,2022-06-16,10000,60,REP069
7349,Fictional Outlet 07349,North,Wholesale,Medium,2023-05-09,50000,30,REP070
7350,Fictional Outlet 07350,South,Traditional Trade,Medium,2023-06-14,50000,60,REP071
7351,Fictional Outlet 07351,East,Traditional Trade,Medium,2023-01-17,25000,30,REP072
7352,Fictional Outlet 07352,West,Traditional Trade,Small,2022-04-03,5000,15,REP073
7353,Fictional Outlet 07353,North,Traditional Trade,Medium,2022-08-17,50000,30,REP074
7354,Fictional Outlet 07354,South,Modern Trade,Small,2022-06-12,50000,30,REP075
7355,Fictional Outlet 07355,East,Traditional Trade,Small,2023-09-08,25000,45,REP076
7356,Fictional Outlet 07356,West,Wholesale,Medium,2022-06-17,5000,45,REP077
7357,Fictional Outlet 07357,North,Traditional Trade,Medium,2023-12-26,5000,60,REP078
7358,Fictional Outlet 07358,South,Modern Trade,Medium,2022-10-30,5000,15,REP079
7359,Fictional Outlet 07359,East,Traditional Trade,Medium,2022-06-13,10000,60,REP080
7360,Fictional Outlet 07360,West,Modern Trade,Medium,2022-02-13,5000,30,REP001
7361,Fictional Outlet 07361,North,Traditional Trade,Small,2022-06-03,10000,15,REP002
7362,Fictional Outlet 07362,South,Ecommerce,Large,2023-05-26,25000,60,REP003
7363,Fictional Outlet 07363,East,Wholesale,Large,2023-09-04,5000,60,REP004
7364,Fictional Outlet 07364,West,Traditional Trade,Small,2023-09-07,10000,45,REP005
7365,Fictional Outlet 07365,North,Wholesale,Small,2023-08-05,10000,30,REP006
7366,Fictional Outlet 07366,South,Traditional Trade,Large,2022-11-01,50000,30,REP007
7367,Fictional Outlet 07367,East,Modern Trade,Medium,2023-09-30,10000,15,REP008
7368,Fictional Outlet 07368,West,Modern Trade,Large,2023-09-02,5000,15,REP009
7369,Fictional Outlet 07369,North,Ecommerce,Large,2022-10-27,25000,15,REP010
7370,Fictional Outlet 07370,South,Traditional Trade,Small,2022-05-19,50000,15,REP011
7371,Fictional Outlet 07371,East,Traditional Trade,Small,2022-07-20,25000,15,REP012
7372,Fictional Outlet 07372,West, TRADITIONAL TRADE ,Large,2022-02-26,50000,15,REP013
7373,Fictional Outlet 07373,North,Wholesale,Large,2023-09-14,5000,30,REP014
7374,Fictional Outlet 07374,South,Traditional Trade,Medium,2023-02-20,50000,30,REP015
7375,Fictional Outlet 07375,East,Wholesale,Medium,2023-12-29,5000,60,REP016
7376,Fictional Outlet 07376,West,Wholesale,Large,2023-05-14,50000,15,REP017
7377,Fictional Outlet 07377,North,Traditional Trade,Large,2023-11-01,5000,60,REP018
7378,Fictional Outlet 07378,South,Wholesale,Medium,2022-03-22,10000,60,REP019
7379,Fictional Outlet 07379,East,Traditional Trade,Large,2023-02-09,10000,15,REP020
7380,Fictional Outlet 07380,West,Modern Trade,Large,2023-09-05,5000,30,REP021
7381,Fictional Outlet 07381,North,Wholesale,Medium,2023-11-15,5000,60,REP022
7382,Fictional Outlet 07382,South,Traditional Trade,Large,2022-04-17,50000,15,REP023
7383,Fictional Outlet 07383,East,Traditional Trade,Large,2022-05-01,5000,45,REP024
7384,Fictional Outlet 07384,West,Modern Trade,Large,2022-08-12,5000,45,REP025
7385,Fictional Outlet 07385,North,Wholesale,Large,2022-05-28,10000,30,REP026
7386,Fictional Outlet 07386,South,Traditional Trade,Large,2023-10-19,10000,15,REP027
7387,Fictional Outlet 07387,East,Traditional Trade,Large,2023-02-27,50000,60,REP028
7388,Fictional Outlet 07388,West,Modern Trade,Large,2022-02-26,10000,60,REP029
7389,Fictional Outlet 07389,North,Wholesale,Medium,2022-02-19,5000,60,REP030
7390,Fictional Outlet 07390,South,Modern Trade,Medium,2022-10-08,5000,30,REP031
7391,Fictional Outlet 07391,East,Wholesale,Medium,2022-08-21,10000,30,REP032
7392,Fictional Outlet 07392,West,Ecommerce,Small,2023-04-06,25000,60,REP033
7393,Fictional Outlet 07393,North,Modern Trade,Small,2023-11-14,5000,30,REP034
7394,Fictional Outlet 07394,South,Modern Trade,Large,2023-12-23,25000,30,REP035
7395,Fictional Outlet 07395,East,Traditional Trade,Large,2023-09-25,50000,15,REP036
7396,Fictional Outlet 07396,West,Modern Trade,Medium,2022-12-12,50000,45,REP037
7397,Fictional Outlet 07397,North,Modern Trade,Large,2023-11-28,25000,60,REP038
7398,Fictional Outlet 07398,South,Modern Trade,Medium,2023-12-28,25000,60,REP039
7399,Fictional Outlet 07399,East,Modern Trade,Medium,2023-10-01,10000,15,REP040
7400,Fictional Outlet 07400,West,Modern Trade,Large,2022-12-13,25000,30,REP041
7401,Fictional Outlet 07401,North,Traditional Trade,Small,2023-03-11,10000,60,REP042
7402,Fictional Outlet 07402,South,Traditional Trade,Large,2022-09-27,5000,45,REP043
7403,Fictional Outlet 07403,East,Traditional Trade,Small,2023-10-14,5000,60,REP044
7404,Fictional Outlet 07404,West,Wholesale,Small,2023-03-10,5000,30,REP045
7405,Fictional Outlet 07405,North,Traditional Trade,Large,2022-11-15,50000,30,REP046
7406,Fictional Outlet 07406,South,Traditional Trade,Large,2023-09-25,5000,15,REP047
7407,Fictional Outlet 07407,East,Wholesale,Large,2023-04-21,25000,60,REP048
7408,Fictional Outlet 07408,West,Modern Trade,Medium,2023-05-04,5000,60,REP049
7409,Fictional Outlet 07409,North,Wholesale,Large,2023-08-20,10000,45,REP050
7410,Fictional Outlet 07410,South,Traditional Trade,Small,2023-10-17,25000,60,REP051
7411,Fictional Outlet 07411,East,Traditional Trade,Medium,2023-10-30,10000,60,REP052
7412,Fictional Outlet 07412,West,Traditional Trade,Large,2022-02-23,25000,60,REP053
7413,Fictional Outlet 07413,North,Wholesale,Large,2023-08-16,5000,60,REP054
7414,Fictional Outlet 07414,South,Traditional Trade,Medium,2023-11-16,10000,15,REP055
7415,Fictional Outlet 07415,East,Traditional Trade,Medium,2023-11-01,50000,45,REP056
7416,Fictional Outlet 07416,West,Traditional Trade,Small,2022-08-22,25000,15,REP057
7417,Fictional Outlet 07417,North,Traditional Trade,Small,2022-05-24,25000,15,REP058
7418,Fictional Outlet 07418,South,Wholesale,Medium,2023-03-19,10000,45,REP059
7419,Fictional Outlet 07419,East,Wholesale,Medium,2022-07-24,50000,30,REP060
7420,Fictional Outlet 07420,West,Modern Trade,Large,2022-12-24,25000,15,REP061
7421,Fictional Outlet 07421,North,Traditional Trade,Large,2023-10-03,50000,45,REP062
7422,Fictional Outlet 07422,South,Traditional Trade,Large,2022-08-01,25000,15,REP063
7423,Fictional Outlet 07423,East,Wholesale,Medium,2023-03-16,25000,30,REP064
7424,Fictional Outlet 07424,West,Traditional Trade,Medium,2022-11-01,25000,60,REP065
7425,Fictional Outlet 07425,North,Traditional Trade,Small,2022-08-18,5000,15,REP066
7426,Fictional Outlet 07426,South,Traditional Trade,Medium,2023-10-03,50000,60,REP067
7427,Fictional Outlet 07427,East,Modern Trade,Small,2023-09-29,10000,45,REP068
7428,Fictional Outlet 07428,West,Wholesale,Medium,2023-12-01,5000,60,REP069
7429,Fictional Outlet 07429,North,Wholesale,Small,2023-10-22,25000,60,REP070
7430,Fictional Outlet 07430,South,Traditional Trade,Medium,2023-08-19,10000,45,REP071
7431,Fictional Outlet 07431,East,Traditional Trade,Large,2023-01-29,10000,45,REP072
7432,Fictional Outlet 07432,West,Traditional Trade,Large,2022-10-10,50000,30,REP073
7433,Fictional Outlet 07433,North,Modern Trade,Small,2022-01-29,5000,15,REP074
7434,Fictional Outlet 07434,South,Modern Trade,Large,2023-07-17,50000,45,REP075
7435,Fictional Outlet 07435,East,Modern Trade,Small,2023-05-25,5000,45,REP076
7436,Fictional Outlet 07436,West,Wholesale,Small,2022-07-13,5000,30,REP077
7437,Fictional Outlet 07437,North,Modern Trade,Large,2023-01-16,50000,60,REP078
7438,Fictional Outlet 07438,South,Traditional Trade,Small,2023-10-13,10000,15,REP079
7439,Fictional Outlet 07439,East,Ecommerce,Small,2022-07-30,5000,30,REP080
7440,Fictional Outlet 07440,West,Traditional Trade,Large,2022-01-26,10000,60,REP001
7441,Fictional Outlet 07441,North,Traditional Trade,Small,2023-09-11,50000,60,REP002
7442,Fictional Outlet 07442,South,Traditional Trade,Small,2023-12-14,25000,45,REP003
7443,Fictional Outlet 07443,East,Wholesale,Medium,2023-02-14,50000,15,REP004
7444,Fictional Outlet 07444,West,Traditional Trade,Large,2023-05-05,5000,30,REP005
7445,Fictional Outlet 07445,North,Modern Trade,Medium,2023-07-16,10000,45,REP006
7446,Fictional Outlet 07446,South,Modern Trade,Small,2022-02-24,25000,60,REP007
7447,Fictional Outlet 07447,East,Traditional Trade,Small,2023-10-26,10000,60,REP008
7448,Fictional Outlet 07448,West,Wholesale,Medium,2023-05-09,50000,60,REP009
7449,Fictional Outlet 07449,North,Modern Trade,Medium,2022-03-26,5000,15,REP010
7450,Fictional Outlet 07450,South,Traditional Trade,Large,2023-01-11,50000,30,REP011
7451,Fictional Outlet 07451,East,Wholesale,Large,2022-04-17,5000,15,REP012
7452,Fictional Outlet 07452,West,Traditional Trade,Large,2023-09-28,5000,15,REP013
7453,Fictional Outlet 07453,North,Wholesale,Small,2023-03-07,50000,45,REP014
7454,Fictional Outlet 07454,South,Modern Trade,Medium,2023-08-28,50000,45,REP015
7455,Fictional Outlet 07455,East,Traditional Trade,Medium,2022-04-28,25000,45,REP016
7456,Fictional Outlet 07456,West,Traditional Trade,Small,2022-02-09,25000,45,REP017
7457,Fictional Outlet 07457,North,Wholesale,Medium,2023-08-26,25000,30,REP018
7458,Fictional Outlet 07458,South,Traditional Trade,Large,2023-01-01,50000,45,
7459,Fictional Outlet 07459,East,Modern Trade,Medium,2022-04-25,5000,30,REP020
7460,Fictional Outlet 07460,West,Modern Trade,Large,2022-11-29,25000,30,REP021
7461,Fictional Outlet 07461,North,Traditional Trade,Large,2023-10-06,10000,45,REP022
7462,Fictional Outlet 07462,South,Traditional Trade,Small,2023-08-29,50000,30,REP023
7463,Fictional Outlet 07463,East,Traditional Trade,Large,2022-08-31,10000,30,REP024
7464,Fictional Outlet 07464,West,Traditional Trade,Medium,2023-07-30,10000,60,REP025
7465,Fictional Outlet 07465,North,Traditional Trade,Medium,2022-12-17,25000,60,REP026
7466,Fictional Outlet 07466,South,Traditional Trade,Small,2022-11-16,5000,45,REP027
7467,Fictional Outlet 07467,East,Traditional Trade,Small,2022-09-16,50000,60,REP028
7468,Fictional Outlet 07468,West,Wholesale,Large,2023-04-26,5000,60,REP029
7469,Fictional Outlet 07469,North, TRADITIONAL TRADE ,Small,2023-02-24,5000,45,REP030
7470,Fictional Outlet 07470,South,Ecommerce,Large,2023-03-19,50000,30,REP031
7471,Fictional Outlet 07471,East,Modern Trade,Small,2022-03-22,25000,60,REP032
7472,Fictional Outlet 07472,West,Wholesale,Large,2022-06-03,50000,45,REP033
7473,Fictional Outlet 07473,North,Ecommerce,Large,2023-03-03,5000,15,REP034
7474,Fictional Outlet 07474,South,Modern Trade,Large,2022-04-28,5000,45,REP035
7475,Fictional Outlet 07475,East,Traditional Trade,Large,2023-05-08,5000,30,REP036
7476,Fictional Outlet 07476,West,Wholesale,Medium,2022-03-16,50000,15,REP037
7477,Fictional Outlet 07477,North,Traditional Trade,Medium,2023-11-17,50000,45,REP038
7478,Fictional Outlet 07478,South,Traditional Trade,Small,2023-03-21,5000,15,REP039
7479,Fictional Outlet 07479,East,Traditional Trade,Medium,2023-05-21,25000,15,REP040
7480,Fictional Outlet 07480,West,Modern Trade,Medium,2023-07-25,10000,15,REP041
7481,Fictional Outlet 07481,North,Traditional Trade,Large,2023-10-14,50000,30,REP042
7482,Fictional Outlet 07482,South,Modern Trade,Small,2022-12-23,5000,15,REP043
7483,Fictional Outlet 07483,East,Traditional Trade,Large,2023-03-08,50000,15,REP044
7484,Fictional Outlet 07484,West,Traditional Trade,Small,2022-09-16,5000,30,REP045
7485,Fictional Outlet 07485,North,Traditional Trade,Medium,2022-02-27,50000,30,REP046
7486,Fictional Outlet 07486,South,Traditional Trade,Medium,2022-03-25,50000,30,REP047
7487,Fictional Outlet 07487,East,Traditional Trade,Large,2023-04-22,50000,60,REP048
7488,Fictional Outlet 07488,West,Modern Trade,Small,2022-06-27,50000,60,REP049
7489,Fictional Outlet 07489,North,Traditional Trade,Medium,2022-09-29,25000,30,REP050
7490,Fictional Outlet 07490,South,Traditional Trade,Large,2023-12-24,10000,60,REP051
7491,Fictional Outlet 07491,East,Traditional Trade,Small,2023-02-11,5000,30,REP052
7492,Fictional Outlet 07492,West,Traditional Trade,Small,2023-12-23,5000,60,REP053
7493,Fictional Outlet 07493,North,Traditional Trade,Small,2022-02-06,25000,60,REP054
7494,Fictional Outlet 07494,South,Modern Trade,Medium,2023-03-05,5000,30,REP055
7495,Fictional Outlet 07495,East,Wholesale,Small,2022-01-12,50000,45,REP056
7496,Fictional Outlet 07496,West,Ecommerce,Large,2023-04-25,10000,60,REP057
7497,Fictional Outlet 07497,North,Traditional Trade,Small,2023-01-11,5000,60,REP058
7498,Fictional Outlet 07498,South,Traditional Trade,Medium,2023-07-21,50000,30,REP059
7499,Fictional Outlet 07499,East,Ecommerce,Small,2023-10-25,10000,60,REP060
7500,Fictional Outlet 07500,West,Wholesale,Large,2023-10-18,10000,45,REP061
7501,Fictional Outlet 07501,North,Traditional Trade,Small,2022-08-07,5000,45,REP062
7502,Fictional Outlet 07502,South,Traditional Trade,Small,2023-05-18,10000,15,REP063
7503,Fictional Outlet 07503,East,Modern Trade,Medium,2022-04-17,50000,15,REP064
7504,Fictional Outlet 07504,West,Wholesale,Small,2022-08-19,25000,60,REP065
7505,Fictional Outlet 07505,North,Traditional Trade,Large,2022-05-17,5000,15,REP066
7506,Fictional Outlet 07506,South,Traditional Trade,Medium,2023-03-23,5000,45,REP067
7507,Fictional Outlet 07507,East,Ecommerce,Small,2022-03-02,10000,60,REP068
7508,Fictional Outlet 07508,West,Traditional Trade,Large,2023-07-14,50000,15,REP069
7509,Fictional Outlet 07509,North,Traditional Trade,Medium,2022-05-04,25000,15,REP070
7510,Fictional Outlet 07510,South,Traditional Trade,Large,2023-07-17,25000,60,REP071
7511,Fictional Outlet 07511,East,Traditional Trade,Medium,2023-11-03,25000,30,REP072
7512,Fictional Outlet 07512,West,Traditional Trade,Small,2023-01-12,10000,45,REP073
7513,Fictional Outlet 07513,North,Wholesale,Medium,2023-01-23,25000,60,REP074
7514,Fictional Outlet 07514,South,Ecommerce,Small,2023-02-21,5000,60,REP075
7515,Fictional Outlet 07515,East,Traditional Trade,Medium,2022-08-10,25000,60,REP076
7516,Fictional Outlet 07516,West,Wholesale,Small,2023-09-30,25000,60,REP077
7517,Fictional Outlet 07517,North,Wholesale,Small,2022-08-17,10000,15,REP078
7518,Fictional Outlet 07518,South,Traditional Trade,Medium,2022-10-28,25000,15,REP079
7519,Fictional Outlet 07519,East,Traditional Trade,Large,2023-03-02,10000,30,REP080
7520,Fictional Outlet 07520,West,Traditional Trade,Medium,2022-12-07,50000,30,REP001
7521,Fictional Outlet 07521,North,Wholesale,Large,2023-04-02,10000,60,REP002
7522,Fictional Outlet 07522,South,Wholesale,Large,2023-11-22,5000,60,REP003
7523,Fictional Outlet 07523,East,Traditional Trade,Large,2022-09-07,10000,45,REP004
7524,Fictional Outlet 07524,West,Traditional Trade,Medium,2022-10-24,50000,60,REP005
7525,Fictional Outlet 07525,North,Modern Trade,Small,2023-01-27,10000,30,REP006
7526,Fictional Outlet 07526,South,Wholesale,Large,2022-02-21,5000,45,REP007
7527,Fictional Outlet 07527,East,Modern Trade,Large,2022-09-12,10000,30,REP008
7528,Fictional Outlet 07528,West,Wholesale,Medium,2023-04-27,25000,15,REP009
7529,Fictional Outlet 07529,North,Modern Trade,Small,2022-05-04,25000,15,REP010
7530,Fictional Outlet 07530,South,Traditional Trade,Large,2022-09-11,50000,30,REP011
7531,Fictional Outlet 07531,East,Traditional Trade,Small,2023-09-27,10000,30,REP012
7532,Fictional Outlet 07532,West,Wholesale,Large,2023-06-11,25000,30,REP013
7533,Fictional Outlet 07533,North,Modern Trade,Small,2022-07-03,50000,60,REP014
7534,Fictional Outlet 07534,South,Traditional Trade,Medium,2023-03-19,25000,60,REP015
7535,Fictional Outlet 07535,East,Traditional Trade,Medium,2022-12-28,5000,60,REP016
7536,Fictional Outlet 07536,West,Traditional Trade,Small,2023-05-29,5000,15,REP017
7537,Fictional Outlet 07537,North,Traditional Trade,Medium,2023-01-11,5000,30,REP018
7538,Fictional Outlet 07538,South,Modern Trade,Small,2023-05-16,50000,30,REP019
7539,Fictional Outlet 07539,East,Wholesale,Medium,2022-07-29,10000,30,REP020
7540,Fictional Outlet 07540,West,Modern Trade,Medium,2022-03-18,50000,60,REP021
7541,Fictional Outlet 07541,North,Traditional Trade,Small,2022-11-30,50000,45,REP022
7542,Fictional Outlet 07542,South,Modern Trade,Medium,2023-06-27,10000,45,REP023
7543,Fictional Outlet 07543,East,Traditional Trade,Large,2022-07-02,5000,15,REP024
7544,Fictional Outlet 07544,West,Modern Trade,Large,2023-09-08,10000,45,REP025
7545,Fictional Outlet 07545,North,Traditional Trade,Medium,2023-12-12,25000,15,REP026
7546,Fictional Outlet 07546,South,Traditional Trade,Medium,2022-09-30,50000,30,REP027
7547,Fictional Outlet 07547,East,Ecommerce,Small,2022-10-07,25000,30,REP028
7548,Fictional Outlet 07548,West,Traditional Trade,Medium,2023-03-17,5000,30,REP029
7549,Fictional Outlet 07549,North,Wholesale,Large,2023-11-08,5000,15,REP030
7550,Fictional Outlet 07550,South,Traditional Trade,Medium,2023-11-16,10000,15,REP031
7551,Fictional Outlet 07551,East,Wholesale,Small,2023-10-31,5000,30,REP032
7552,Fictional Outlet 07552,West,Traditional Trade,Large,2022-04-16,10000,30,REP033
7553,Fictional Outlet 07553,North,Traditional Trade,Medium,2022-03-08,50000,60,REP034
7554,Fictional Outlet 07554,South,Traditional Trade,Small,2023-02-18,50000,15,REP035
7555,Fictional Outlet 07555,East,Traditional Trade,Small,2023-09-23,5000,45,REP036
7556,Fictional Outlet 07556,West,Ecommerce,Large,2023-02-05,5000,30,REP037
7557,Fictional Outlet 07557,North,Wholesale,Medium,2023-01-24,50000,30,REP038
7558,Fictional Outlet 07558,South,Traditional Trade,Small,2023-07-14,25000,15,REP039
7559,Fictional Outlet 07559,East,Wholesale,Large,2022-03-03,50000,15,REP040
7560,Fictional Outlet 07560,West,Ecommerce,Small,2022-06-30,50000,15,REP041
7561,Fictional Outlet 07561,North,Traditional Trade,Medium,2022-04-03,25000,60,REP042
7562,Fictional Outlet 07562,South,Modern Trade,Small,2023-01-16,50000,45,REP043
7563,Fictional Outlet 07563,East,Wholesale,Large,2023-09-25,25000,45,REP044
7564,Fictional Outlet 07564,West,Traditional Trade,Small,2023-09-08,5000,15,REP045
7565,Fictional Outlet 07565,North,Modern Trade,Small,2022-05-17,10000,45,REP046
7566,Fictional Outlet 07566,South, TRADITIONAL TRADE ,Large,2022-09-22,50000,45,REP047
7567,Fictional Outlet 07567,East,Traditional Trade,Small,2022-02-05,25000,15,REP048
7568,Fictional Outlet 07568,West,Traditional Trade,Small,2022-05-15,10000,30,REP049
7569,Fictional Outlet 07569,North,Traditional Trade,Medium,2023-07-26,25000,15,REP050
7570,Fictional Outlet 07570,South,Traditional Trade,Medium,2022-11-13,5000,45,REP051
7571,Fictional Outlet 07571,East,Traditional Trade,Large,2023-07-31,5000,60,
7572,Fictional Outlet 07572,West,Traditional Trade,Small,2022-05-24,50000,60,REP053
7573,Fictional Outlet 07573,North,Ecommerce,Large,2023-07-01,5000,30,REP054
7574,Fictional Outlet 07574,South,Traditional Trade,Small,2022-12-25,10000,30,REP055
7575,Fictional Outlet 07575,East,Traditional Trade,Medium,2023-01-31,50000,30,REP056
7576,Fictional Outlet 07576,West,Traditional Trade,Small,2022-10-07,5000,15,REP057
7577,Fictional Outlet 07577,North,Traditional Trade,Medium,2023-11-23,10000,60,REP058
7578,Fictional Outlet 07578,South,Ecommerce,Medium,2022-02-08,5000,45,REP059
7579,Fictional Outlet 07579,East,Ecommerce,Medium,2023-09-08,5000,45,REP060
7580,Fictional Outlet 07580,West,Traditional Trade,Small,2022-02-09,10000,45,REP061
7581,Fictional Outlet 07581,North,Traditional Trade,Small,2022-08-26,10000,15,REP062
7582,Fictional Outlet 07582,South,Traditional Trade,Large,2023-02-04,10000,60,REP063
7583,Fictional Outlet 07583,East,Traditional Trade,Medium,2023-04-25,25000,60,REP064
7584,Fictional Outlet 07584,West,Traditional Trade,Large,2022-03-27,50000,15,REP065
7585,Fictional Outlet 07585,North,Traditional Trade,Medium,2022-11-06,25000,60,REP066
7586,Fictional Outlet 07586,South,Traditional Trade,Small,2022-12-26,50000,15,REP067
7587,Fictional Outlet 07587,East,Traditional Trade,Small,2022-04-12,10000,30,REP068
7588,Fictional Outlet 07588,West,Traditional Trade,Small,2022-07-08,25000,15,REP069
7589,Fictional Outlet 07589,North,Traditional Trade,Large,2022-04-04,5000,30,REP070
7590,Fictional Outlet 07590,South,Traditional Trade,Small,2022-10-23,50000,60,REP071
7591,Fictional Outlet 07591,East,Ecommerce,Small,2023-03-17,10000,15,REP072
7592,Fictional Outlet 07592,West,Wholesale,Small,2022-10-24,5000,15,REP073
7593,Fictional Outlet 07593,North,Traditional Trade,Medium,2022-12-31,50000,15,REP074
7594,Fictional Outlet 07594,South,Traditional Trade,Medium,2023-07-20,5000,60,REP075
7595,Fictional Outlet 07595,East,Wholesale,Large,2022-11-28,25000,15,REP076
7596,Fictional Outlet 07596,West,Traditional Trade,Large,2023-10-13,50000,60,REP077
7597,Fictional Outlet 07597,North,Traditional Trade,Medium,2023-12-06,50000,45,REP078
7598,Fictional Outlet 07598,South,Modern Trade,Small,2023-01-14,50000,45,REP079
7599,Fictional Outlet 07599,East,Traditional Trade,Medium,2022-09-24,25000,45,REP080
7600,Fictional Outlet 07600,West,Modern Trade,Medium,2023-07-09,25000,60,REP001
7601,Fictional Outlet 07601,North,Traditional Trade,Small,2023-10-25,25000,45,REP002
7602,Fictional Outlet 07602,South,Modern Trade,Small,2022-09-22,10000,30,REP003
7603,Fictional Outlet 07603,East,Traditional Trade,Small,2023-07-26,25000,60,REP004
7604,Fictional Outlet 07604,West,Ecommerce,Large,2023-10-20,50000,15,REP005
7605,Fictional Outlet 07605,North,Traditional Trade,Large,2022-09-18,50000,15,REP006
7606,Fictional Outlet 07606,South,Traditional Trade,Large,2023-04-14,25000,30,REP007
7607,Fictional Outlet 07607,East,Wholesale,Medium,2023-01-08,5000,45,REP008
7608,Fictional Outlet 07608,West,Traditional Trade,Small,2023-09-16,25000,30,REP009
7609,Fictional Outlet 07609,North,Traditional Trade,Medium,2022-01-11,25000,60,REP010
7610,Fictional Outlet 07610,South,Traditional Trade,Large,2022-12-14,50000,60,REP011
7611,Fictional Outlet 07611,East,Traditional Trade,Medium,2022-09-27,25000,45,REP012
7612,Fictional Outlet 07612,West,Traditional Trade,Medium,2022-08-18,25000,30,REP013
7613,Fictional Outlet 07613,North,Traditional Trade,Medium,2022-08-10,5000,60,REP014
7614,Fictional Outlet 07614,South,Traditional Trade,Small,2023-08-26,50000,60,REP015
7615,Fictional Outlet 07615,East,Traditional Trade,Large,2023-12-28,10000,30,REP016
7616,Fictional Outlet 07616,West,Traditional Trade,Small,2023-05-29,10000,60,REP017
7617,Fictional Outlet 07617,North,Modern Trade,Large,2023-08-28,25000,15,REP018
7618,Fictional Outlet 07618,South,Traditional Trade,Small,2022-03-03,10000,30,REP019
7619,Fictional Outlet 07619,East,Modern Trade,Large,2023-08-10,5000,30,REP020
7620,Fictional Outlet 07620,West,Traditional Trade,Small,2023-11-24,50000,15,REP021
7621,Fictional Outlet 07621,North,Modern Trade,Large,2023-04-29,10000,60,REP022
7622,Fictional Outlet 07622,South,Wholesale,Small,2022-04-18,10000,45,REP023
7623,Fictional Outlet 07623,East,Modern Trade,Small,2023-05-06,10000,30,REP024
7624,Fictional Outlet 07624,West,Ecommerce,Large,2023-04-28,5000,45,REP025
7625,Fictional Outlet 07625,North,Traditional Trade,Small,2022-03-05,5000,45,REP026
7626,Fictional Outlet 07626,South,Modern Trade,Medium,2023-11-29,5000,30,REP027
7627,Fictional Outlet 07627,East,Modern Trade,Small,2022-10-15,25000,60,REP028
7628,Fictional Outlet 07628,West,Modern Trade,Medium,2022-07-09,50000,60,REP029
7629,Fictional Outlet 07629,North,Ecommerce,Large,2023-05-04,5000,30,REP030
7630,Fictional Outlet 07630,South,Wholesale,Medium,2022-04-07,10000,60,REP031
7631,Fictional Outlet 07631,East,Ecommerce,Large,2022-07-10,25000,45,REP032
7632,Fictional Outlet 07632,West,Wholesale,Medium,2022-06-21,5000,15,REP033
7633,Fictional Outlet 07633,North,Wholesale,Large,2023-11-15,25000,60,REP034
7634,Fictional Outlet 07634,South,Traditional Trade,Medium,2023-09-25,10000,60,REP035
7635,Fictional Outlet 07635,East,Traditional Trade,Medium,2023-02-08,50000,45,REP036
7636,Fictional Outlet 07636,West,Wholesale,Large,2022-10-24,25000,30,REP037
7637,Fictional Outlet 07637,North,Traditional Trade,Large,2023-03-16,5000,60,REP038
7638,Fictional Outlet 07638,South,Modern Trade,Large,2022-11-15,25000,60,REP039
7639,Fictional Outlet 07639,East,Traditional Trade,Large,2023-10-26,5000,30,REP040
7640,Fictional Outlet 07640,West,Traditional Trade,Large,2022-08-24,50000,60,REP041
7641,Fictional Outlet 07641,North,Traditional Trade,Medium,2023-07-22,25000,15,REP042
7642,Fictional Outlet 07642,South,Traditional Trade,Small,2022-09-10,50000,45,REP043
7643,Fictional Outlet 07643,East,Traditional Trade,Large,2022-06-10,50000,60,REP044
7644,Fictional Outlet 07644,West,Wholesale,Large,2022-05-20,50000,60,REP045
7645,Fictional Outlet 07645,North,Traditional Trade,Medium,2022-04-23,5000,15,REP046
7646,Fictional Outlet 07646,South,Traditional Trade,Medium,2023-02-23,10000,30,REP047
7647,Fictional Outlet 07647,East,Traditional Trade,Medium,2023-11-27,10000,45,REP048
7648,Fictional Outlet 07648,West,Modern Trade,Medium,2022-08-06,25000,30,REP049
7649,Fictional Outlet 07649,North,Modern Trade,Medium,2023-09-09,10000,60,REP050
7650,Fictional Outlet 07650,South,Modern Trade,Large,2022-03-24,25000,30,REP051
7651,Fictional Outlet 07651,East,Traditional Trade,Small,2023-03-21,5000,60,REP052
7652,Fictional Outlet 07652,West,Traditional Trade,Large,2023-12-03,5000,45,REP053
7653,Fictional Outlet 07653,North,Traditional Trade,Large,2022-10-08,10000,30,REP054
7654,Fictional Outlet 07654,South,Modern Trade,Medium,2023-12-27,25000,15,REP055
7655,Fictional Outlet 07655,East,Traditional Trade,Large,2023-02-21,5000,15,REP056
7656,Fictional Outlet 07656,West,Modern Trade,Medium,2022-01-05,5000,30,REP057
7657,Fictional Outlet 07657,North,Traditional Trade,Small,2022-12-13,50000,15,REP058
7658,Fictional Outlet 07658,South,Traditional Trade,Medium,2022-01-06,10000,15,REP059
7659,Fictional Outlet 07659,East,Traditional Trade,Large,2022-07-04,25000,45,REP060
7660,Fictional Outlet 07660,West,Modern Trade,Large,2023-07-30,5000,30,REP061
7661,Fictional Outlet 07661,North,Wholesale,Large,2023-05-21,50000,30,REP062
7662,Fictional Outlet 07662,South,Traditional Trade,Medium,2023-12-25,50000,45,REP063
7663,Fictional Outlet 07663,East, TRADITIONAL TRADE ,Large,2022-02-25,10000,30,REP064
7664,Fictional Outlet 07664,West,Modern Trade,Large,2022-09-08,25000,45,REP065
7665,Fictional Outlet 07665,North,Wholesale,Large,2022-05-12,10000,30,REP066
7666,Fictional Outlet 07666,South,Wholesale,Medium,2022-08-19,50000,15,REP067
7667,Fictional Outlet 07667,East,Traditional Trade,Small,2023-11-04,5000,60,REP068
7668,Fictional Outlet 07668,West,Ecommerce,Small,2022-02-06,50000,15,REP069
7669,Fictional Outlet 07669,North,Traditional Trade,Small,2022-07-14,5000,30,REP070
7670,Fictional Outlet 07670,South,Modern Trade,Small,2022-07-20,5000,45,REP071
7671,Fictional Outlet 07671,East,Traditional Trade,Medium,2023-05-12,5000,15,REP072
7672,Fictional Outlet 07672,West,Traditional Trade,Small,2023-05-27,10000,60,REP073
7673,Fictional Outlet 07673,North,Traditional Trade,Small,2023-10-28,25000,15,REP074
7674,Fictional Outlet 07674,South,Traditional Trade,Large,2023-02-14,25000,30,REP075
7675,Fictional Outlet 07675,East,Traditional Trade,Small,2023-01-11,25000,60,REP076
7676,Fictional Outlet 07676,West,Modern Trade,Medium,2023-06-24,25000,30,REP077
7677,Fictional Outlet 07677,North,Wholesale,Small,2022-08-21,10000,30,REP078
7678,Fictional Outlet 07678,South,Wholesale,Large,2023-01-08,25000,60,REP079
7679,Fictional Outlet 07679,East,Traditional Trade,Medium,2023-05-26,5000,45,REP080
7680,Fictional Outlet 07680,West,Traditional Trade,Small,2023-07-30,50000,45,REP001
7681,Fictional Outlet 07681,North,Traditional Trade,Medium,2022-01-06,50000,30,REP002
7682,Fictional Outlet 07682,South,Modern Trade,Small,2022-09-04,25000,15,REP003
7683,Fictional Outlet 07683,East,Traditional Trade,Medium,2022-01-02,25000,30,REP004
7684,Fictional Outlet 07684,West,Traditional Trade,Small,2023-06-22,25000,60,
7685,Fictional Outlet 07685,North,Traditional Trade,Medium,2022-01-18,50000,45,REP006
7686,Fictional Outlet 07686,South,Modern Trade,Medium,2022-01-17,50000,60,REP007
7687,Fictional Outlet 07687,East,Modern Trade,Medium,2022-07-21,10000,15,REP008
7688,Fictional Outlet 07688,West,Ecommerce,Large,2022-10-18,25000,15,REP009
7689,Fictional Outlet 07689,North,Traditional Trade,Medium,2022-09-06,25000,45,REP010
7690,Fictional Outlet 07690,South,Traditional Trade,Large,2022-07-25,25000,45,REP011
7691,Fictional Outlet 07691,East,Traditional Trade,Large,2022-05-01,50000,30,REP012
7692,Fictional Outlet 07692,West,Modern Trade,Large,2022-06-05,10000,15,REP013
7693,Fictional Outlet 07693,North,Wholesale,Medium,2022-07-27,25000,15,REP014
7694,Fictional Outlet 07694,South,Traditional Trade,Medium,2023-05-26,5000,15,REP015
7695,Fictional Outlet 07695,East,Wholesale,Large,2022-02-20,50000,60,REP016
7696,Fictional Outlet 07696,West,Wholesale,Medium,2023-12-02,50000,60,REP017
7697,Fictional Outlet 07697,North,Wholesale,Small,2023-07-28,10000,15,REP018
7698,Fictional Outlet 07698,South,Modern Trade,Small,2023-06-26,25000,45,REP019
7699,Fictional Outlet 07699,East,Traditional Trade,Small,2022-08-09,50000,45,REP020
7700,Fictional Outlet 07700,West,Modern Trade,Small,2022-09-03,5000,45,REP021
7701,Fictional Outlet 07701,North,Modern Trade,Small,2022-05-12,10000,30,REP022
7702,Fictional Outlet 07702,South,Traditional Trade,Medium,2023-08-30,5000,15,REP023
7703,Fictional Outlet 07703,East,Traditional Trade,Medium,2023-07-05,10000,60,REP024
7704,Fictional Outlet 07704,West,Modern Trade,Medium,2022-04-05,50000,30,REP025
7705,Fictional Outlet 07705,North,Wholesale,Medium,2023-08-30,25000,60,REP026
7706,Fictional Outlet 07706,South,Wholesale,Small,2023-02-25,25000,30,REP027
7707,Fictional Outlet 07707,East,Ecommerce,Large,2022-07-10,10000,30,REP028
7708,Fictional Outlet 07708,West,Traditional Trade,Large,2023-11-08,5000,45,REP029
7709,Fictional Outlet 07709,North,Wholesale,Small,2023-05-13,10000,60,REP030
7710,Fictional Outlet 07710,South,Traditional Trade,Medium,2023-10-30,50000,30,REP031
7711,Fictional Outlet 07711,East,Traditional Trade,Large,2022-12-12,5000,45,REP032
7712,Fictional Outlet 07712,West,Traditional Trade,Medium,2022-04-03,10000,60,REP033
7713,Fictional Outlet 07713,North,Traditional Trade,Small,2022-05-08,5000,30,REP034
7714,Fictional Outlet 07714,South,Traditional Trade,Small,2022-09-20,50000,30,REP035
7715,Fictional Outlet 07715,East,Modern Trade,Medium,2023-11-23,10000,45,REP036
7716,Fictional Outlet 07716,West,Modern Trade,Medium,2022-05-27,10000,30,REP037
7717,Fictional Outlet 07717,North,Wholesale,Small,2023-07-28,25000,30,REP038
7718,Fictional Outlet 07718,South,Modern Trade,Medium,2022-05-09,50000,45,REP039
7719,Fictional Outlet 07719,East,Ecommerce,Small,2022-02-02,25000,30,REP040
7720,Fictional Outlet 07720,West,Traditional Trade,Medium,2022-02-15,25000,60,REP041
7721,Fictional Outlet 07721,North,Wholesale,Medium,2022-11-21,10000,45,REP042
7722,Fictional Outlet 07722,South,Modern Trade,Large,2023-04-26,5000,45,REP043
7723,Fictional Outlet 07723,East,Traditional Trade,Medium,2023-10-15,5000,60,REP044
7724,Fictional Outlet 07724,West,Traditional Trade,Small,2022-10-07,50000,30,REP045
7725,Fictional Outlet 07725,North,Traditional Trade,Large,2023-06-11,25000,60,REP046
7726,Fictional Outlet 07726,South,Traditional Trade,Medium,2022-01-27,5000,60,REP047
7727,Fictional Outlet 07727,East,Traditional Trade,Small,2022-12-03,50000,15,REP048
7728,Fictional Outlet 07728,West,Traditional Trade,Medium,2022-04-13,10000,15,REP049
7729,Fictional Outlet 07729,North,Traditional Trade,Small,2023-02-16,10000,45,REP050
7730,Fictional Outlet 07730,South,Modern Trade,Large,2022-10-09,5000,30,REP051
7731,Fictional Outlet 07731,East,Traditional Trade,Small,2023-08-02,5000,30,REP052
7732,Fictional Outlet 07732,West,Modern Trade,Large,2023-01-30,50000,30,REP053
7733,Fictional Outlet 07733,North,Traditional Trade,Small,2022-11-11,10000,15,REP054
7734,Fictional Outlet 07734,South,Traditional Trade,Large,2023-03-27,5000,45,REP055
7735,Fictional Outlet 07735,East,Traditional Trade,Small,2023-01-28,5000,45,REP056
7736,Fictional Outlet 07736,West,Traditional Trade,Medium,2023-01-02,10000,30,REP057
7737,Fictional Outlet 07737,North,Traditional Trade,Small,2022-08-05,50000,30,REP058
7738,Fictional Outlet 07738,South,Wholesale,Large,2023-02-06,5000,45,REP059
7739,Fictional Outlet 07739,East,Traditional Trade,Medium,2022-09-07,50000,30,REP060
7740,Fictional Outlet 07740,West,Traditional Trade,Large,2022-04-09,50000,45,REP061
7741,Fictional Outlet 07741,North,Traditional Trade,Large,2023-11-11,50000,30,REP062
7742,Fictional Outlet 07742,South,Modern Trade,Medium,2022-02-28,25000,15,REP063
7743,Fictional Outlet 07743,East,Ecommerce,Large,2023-08-01,5000,60,REP064
7744,Fictional Outlet 07744,West,Traditional Trade,Large,2022-10-16,5000,15,REP065
7745,Fictional Outlet 07745,North,Wholesale,Small,2022-11-28,10000,45,REP066
7746,Fictional Outlet 07746,South,Traditional Trade,Medium,2022-04-09,10000,45,REP067
7747,Fictional Outlet 07747,East,Traditional Trade,Small,2022-08-10,5000,30,REP068
7748,Fictional Outlet 07748,West,Traditional Trade,Large,2023-02-10,50000,45,REP069
7749,Fictional Outlet 07749,North,Traditional Trade,Medium,2023-10-11,50000,15,REP070
7750,Fictional Outlet 07750,South,Wholesale,Small,2023-06-29,50000,30,REP071
7751,Fictional Outlet 07751,East,Modern Trade,Medium,2022-06-11,50000,15,REP072
7752,Fictional Outlet 07752,West,Wholesale,Large,2022-05-25,25000,45,REP073
7753,Fictional Outlet 07753,North,Traditional Trade,Small,2023-10-28,50000,60,REP074
7754,Fictional Outlet 07754,South,Traditional Trade,Medium,2023-06-08,50000,30,REP075
7755,Fictional Outlet 07755,East,Traditional Trade,Medium,2022-02-21,5000,60,REP076
7756,Fictional Outlet 07756,West,Ecommerce,Small,2023-09-26,5000,15,REP077
7757,Fictional Outlet 07757,North,Traditional Trade,Large,2022-07-09,5000,45,REP078
7758,Fictional Outlet 07758,South,Traditional Trade,Medium,2022-04-19,25000,15,REP079
7759,Fictional Outlet 07759,East,Traditional Trade,Medium,2022-07-06,5000,60,REP080
7760,Fictional Outlet 07760,West, TRADITIONAL TRADE ,Large,2022-07-29,25000,15,REP001
7761,Fictional Outlet 07761,North,Traditional Trade,Small,2022-03-07,5000,60,REP002
7762,Fictional Outlet 07762,South,Traditional Trade,Large,2023-07-08,50000,45,REP003
7763,Fictional Outlet 07763,East,Wholesale,Large,2022-11-28,25000,60,REP004
7764,Fictional Outlet 07764,West,Traditional Trade,Large,2022-03-22,25000,15,REP005
7765,Fictional Outlet 07765,North,Traditional Trade,Medium,2023-11-09,50000,30,REP006
7766,Fictional Outlet 07766,South,Modern Trade,Small,2022-05-23,5000,45,REP007
7767,Fictional Outlet 07767,East,Traditional Trade,Medium,2022-05-21,10000,60,REP008
7768,Fictional Outlet 07768,West,Ecommerce,Small,2023-09-26,10000,60,REP009
7769,Fictional Outlet 07769,North,Modern Trade,Medium,2022-05-01,50000,45,REP010
7770,Fictional Outlet 07770,South,Traditional Trade,Small,2022-10-11,10000,30,REP011
7771,Fictional Outlet 07771,East,Wholesale,Medium,2022-03-23,10000,15,REP012
7772,Fictional Outlet 07772,West,Traditional Trade,Medium,2022-10-28,50000,45,REP013
7773,Fictional Outlet 07773,North,Wholesale,Large,2022-03-05,50000,45,REP014
7774,Fictional Outlet 07774,South,Ecommerce,Medium,2022-01-04,5000,30,REP015
7775,Fictional Outlet 07775,East,Wholesale,Small,2023-09-24,10000,45,REP016
7776,Fictional Outlet 07776,West,Wholesale,Small,2023-04-21,10000,30,REP017
7777,Fictional Outlet 07777,North,Modern Trade,Small,2023-09-27,50000,15,REP018
7778,Fictional Outlet 07778,South,Traditional Trade,Medium,2023-05-10,5000,15,REP019
7779,Fictional Outlet 07779,East,Traditional Trade,Medium,2022-07-05,50000,15,REP020
7780,Fictional Outlet 07780,West,Ecommerce,Medium,2023-09-20,5000,60,REP021
7781,Fictional Outlet 07781,North,Traditional Trade,Medium,2023-02-02,25000,30,REP022
7782,Fictional Outlet 07782,South,Wholesale,Large,2022-11-10,5000,15,REP023
7783,Fictional Outlet 07783,East,Modern Trade,Medium,2023-01-31,50000,15,REP024
7784,Fictional Outlet 07784,West,Traditional Trade,Medium,2022-11-20,10000,60,REP025
7785,Fictional Outlet 07785,North,Traditional Trade,Medium,2022-08-18,10000,30,REP026
7786,Fictional Outlet 07786,South,Modern Trade,Large,2023-07-19,50000,45,REP027
7787,Fictional Outlet 07787,East,Modern Trade,Medium,2023-06-11,5000,60,REP028
7788,Fictional Outlet 07788,West,Wholesale,Large,2023-02-08,25000,30,REP029
7789,Fictional Outlet 07789,North,Traditional Trade,Large,2023-03-15,5000,30,REP030
7790,Fictional Outlet 07790,South,Traditional Trade,Small,2023-08-23,25000,30,REP031
7791,Fictional Outlet 07791,East,Traditional Trade,Small,2022-08-18,25000,15,REP032
7792,Fictional Outlet 07792,West,Traditional Trade,Small,2023-10-07,25000,15,REP033
7793,Fictional Outlet 07793,North,Traditional Trade,Small,2022-09-22,5000,45,REP034
7794,Fictional Outlet 07794,South,Modern Trade,Small,2023-06-03,25000,60,REP035
7795,Fictional Outlet 07795,East,Traditional Trade,Small,2023-01-21,50000,30,REP036
7796,Fictional Outlet 07796,West,Ecommerce,Medium,2022-12-24,10000,30,REP037
7797,Fictional Outlet 07797,North,Traditional Trade,Small,2022-09-25,50000,15,
7798,Fictional Outlet 07798,South,Traditional Trade,Large,2022-02-09,50000,60,REP039
7799,Fictional Outlet 07799,East,Traditional Trade,Large,2022-11-17,5000,15,REP040
7800,Fictional Outlet 07800,West,Traditional Trade,Medium,2023-01-13,50000,15,REP041
7801,Fictional Outlet 07801,North,Traditional Trade,Medium,2022-06-20,50000,15,REP042
7802,Fictional Outlet 07802,South,Wholesale,Large,2022-12-09,10000,30,REP043
7803,Fictional Outlet 07803,East,Wholesale,Large,2023-03-30,50000,15,REP044
7804,Fictional Outlet 07804,West,Traditional Trade,Large,2023-01-12,5000,15,REP045
7805,Fictional Outlet 07805,North,Traditional Trade,Small,2022-06-19,25000,60,REP046
7806,Fictional Outlet 07806,South,Traditional Trade,Medium,2023-05-14,50000,45,REP047
7807,Fictional Outlet 07807,East,Traditional Trade,Small,2022-01-16,10000,15,REP048
7808,Fictional Outlet 07808,West,Traditional Trade,Small,2023-09-26,5000,15,REP049
7809,Fictional Outlet 07809,North,Traditional Trade,Small,2023-10-12,50000,15,REP050
7810,Fictional Outlet 07810,South,Wholesale,Medium,2022-10-12,10000,60,REP051
7811,Fictional Outlet 07811,East,Traditional Trade,Small,2022-03-13,25000,30,REP052
7812,Fictional Outlet 07812,West,Traditional Trade,Large,2023-06-23,10000,15,REP053
7813,Fictional Outlet 07813,North,Traditional Trade,Large,2022-02-01,50000,45,REP054
7814,Fictional Outlet 07814,South,Wholesale,Large,2022-04-02,10000,15,REP055
7815,Fictional Outlet 07815,East,Modern Trade,Small,2022-01-01,25000,60,REP056
7816,Fictional Outlet 07816,West,Traditional Trade,Small,2023-10-30,10000,15,REP057
7817,Fictional Outlet 07817,North,Wholesale,Small,2023-10-06,50000,15,REP058
7818,Fictional Outlet 07818,South,Wholesale,Small,2023-08-01,25000,60,REP059
7819,Fictional Outlet 07819,East,Traditional Trade,Small,2023-11-21,50000,60,REP060
7820,Fictional Outlet 07820,West,Traditional Trade,Large,2022-01-08,25000,15,REP061
7821,Fictional Outlet 07821,North,Wholesale,Small,2022-10-20,5000,45,REP062
7822,Fictional Outlet 07822,South,Traditional Trade,Large,2022-03-04,5000,30,REP063
7823,Fictional Outlet 07823,East,Traditional Trade,Small,2023-07-23,10000,30,REP064
7824,Fictional Outlet 07824,West,Traditional Trade,Small,2023-02-18,50000,15,REP065
7825,Fictional Outlet 07825,North,Traditional Trade,Large,2023-12-05,10000,15,REP066
7826,Fictional Outlet 07826,South,Wholesale,Small,2022-08-06,5000,15,REP067
7827,Fictional Outlet 07827,East,Traditional Trade,Large,2022-05-16,5000,15,REP068
7828,Fictional Outlet 07828,West,Traditional Trade,Medium,2023-12-25,50000,60,REP069
7829,Fictional Outlet 07829,North,Wholesale,Small,2022-06-16,50000,15,REP070
7830,Fictional Outlet 07830,South,Wholesale,Large,2022-08-01,50000,15,REP071
7831,Fictional Outlet 07831,East,Traditional Trade,Medium,2022-07-07,25000,15,REP072
7832,Fictional Outlet 07832,West,Traditional Trade,Large,2022-02-02,5000,15,REP073
7833,Fictional Outlet 07833,North,Modern Trade,Small,2023-02-09,25000,15,REP074
7834,Fictional Outlet 07834,South,Wholesale,Medium,2023-09-01,50000,15,REP075
7835,Fictional Outlet 07835,East,Ecommerce,Large,2022-10-23,50000,45,REP076
7836,Fictional Outlet 07836,West,Traditional Trade,Large,2023-02-06,50000,60,REP077
7837,Fictional Outlet 07837,North,Modern Trade,Large,2023-04-10,5000,30,REP078
7838,Fictional Outlet 07838,South,Traditional Trade,Large,2023-02-21,10000,60,REP079
7839,Fictional Outlet 07839,East,Traditional Trade,Large,2023-02-10,10000,45,REP080
7840,Fictional Outlet 07840,West,Traditional Trade,Small,2022-04-04,25000,30,REP001
7841,Fictional Outlet 07841,North,Traditional Trade,Medium,2023-01-29,25000,30,REP002
7842,Fictional Outlet 07842,South,Ecommerce,Medium,2022-04-21,10000,15,REP003
7843,Fictional Outlet 07843,East,Traditional Trade,Small,2023-11-28,10000,15,REP004
7844,Fictional Outlet 07844,West,Wholesale,Medium,2023-04-07,25000,15,REP005
7845,Fictional Outlet 07845,North,Traditional Trade,Small,2022-02-14,5000,15,REP006
7846,Fictional Outlet 07846,South,Ecommerce,Small,2023-03-22,10000,45,REP007
7847,Fictional Outlet 07847,East,Traditional Trade,Small,2023-08-01,5000,15,REP008
7848,Fictional Outlet 07848,West,Traditional Trade,Small,2022-04-11,25000,45,REP009
7849,Fictional Outlet 07849,North,Traditional Trade,Medium,2022-05-23,50000,60,REP010
7850,Fictional Outlet 07850,South,Traditional Trade,Large,2023-11-29,5000,30,REP011
7851,Fictional Outlet 07851,East,Modern Trade,Medium,2023-03-15,50000,45,REP012
7852,Fictional Outlet 07852,West,Traditional Trade,Medium,2023-04-14,50000,60,REP013
7853,Fictional Outlet 07853,North,Traditional Trade,Large,2022-04-27,5000,30,REP014
7854,Fictional Outlet 07854,South,Traditional Trade,Medium,2023-05-06,10000,45,REP015
7855,Fictional Outlet 07855,East,Modern Trade,Medium,2022-03-12,25000,15,REP016
7856,Fictional Outlet 07856,West,Wholesale,Medium,2023-11-22,10000,30,REP017
7857,Fictional Outlet 07857,North, TRADITIONAL TRADE ,Medium,2023-12-18,5000,15,REP018
7858,Fictional Outlet 07858,South,Wholesale,Medium,2023-02-22,5000,45,REP019
7859,Fictional Outlet 07859,East,Modern Trade,Small,2022-03-03,50000,60,REP020
7860,Fictional Outlet 07860,West,Modern Trade,Small,2022-03-21,25000,30,REP021
7861,Fictional Outlet 07861,North,Traditional Trade,Large,2023-02-07,50000,45,REP022
7862,Fictional Outlet 07862,South,Traditional Trade,Small,2022-06-06,25000,45,REP023
7863,Fictional Outlet 07863,East,Modern Trade,Small,2023-07-16,25000,15,REP024
7864,Fictional Outlet 07864,West,Traditional Trade,Medium,2022-12-13,50000,30,REP025
7865,Fictional Outlet 07865,North,Traditional Trade,Small,2023-03-12,25000,15,REP026
7866,Fictional Outlet 07866,South,Modern Trade,Medium,2022-05-18,5000,15,REP027
7867,Fictional Outlet 07867,East,Traditional Trade,Medium,2022-10-13,10000,15,REP028
7868,Fictional Outlet 07868,West,Wholesale,Medium,2023-08-15,10000,15,REP029
7869,Fictional Outlet 07869,North,Traditional Trade,Small,2022-06-22,25000,45,REP030
7870,Fictional Outlet 07870,South,Traditional Trade,Large,2023-01-05,25000,45,REP031
7871,Fictional Outlet 07871,East,Traditional Trade,Medium,2023-10-14,10000,30,REP032
7872,Fictional Outlet 07872,West,Modern Trade,Large,2022-03-17,5000,15,REP033
7873,Fictional Outlet 07873,North,Wholesale,Small,2022-10-22,5000,45,REP034
7874,Fictional Outlet 07874,South,Modern Trade,Large,2023-10-22,25000,30,REP035
7875,Fictional Outlet 07875,East,Modern Trade,Small,2023-04-08,50000,60,REP036
7876,Fictional Outlet 07876,West,Traditional Trade,Small,2023-05-18,5000,30,REP037
7877,Fictional Outlet 07877,North,Traditional Trade,Medium,2023-07-07,50000,15,REP038
7878,Fictional Outlet 07878,South,Traditional Trade,Large,2023-05-06,10000,45,REP039
7879,Fictional Outlet 07879,East,Modern Trade,Small,2022-01-18,25000,30,REP040
7880,Fictional Outlet 07880,West,Traditional Trade,Small,2023-03-22,5000,15,REP041
7881,Fictional Outlet 07881,North,Modern Trade,Small,2022-02-20,5000,15,REP042
7882,Fictional Outlet 07882,South,Traditional Trade,Small,2023-09-14,5000,30,REP043
7883,Fictional Outlet 07883,East,Traditional Trade,Medium,2023-01-04,10000,15,REP044
7884,Fictional Outlet 07884,West,Traditional Trade,Large,2023-05-03,25000,30,REP045
7885,Fictional Outlet 07885,North,Modern Trade,Medium,2023-11-27,50000,30,REP046
7886,Fictional Outlet 07886,South,Traditional Trade,Medium,2023-12-07,5000,60,REP047
7887,Fictional Outlet 07887,East,Modern Trade,Medium,2023-06-24,5000,45,REP048
7888,Fictional Outlet 07888,West,Traditional Trade,Large,2022-08-27,50000,30,REP049
7889,Fictional Outlet 07889,North,Traditional Trade,Small,2022-04-13,50000,45,REP050
7890,Fictional Outlet 07890,South,Wholesale,Medium,2022-09-14,50000,45,REP051
7891,Fictional Outlet 07891,East,Wholesale,Small,2022-12-08,5000,45,REP052
7892,Fictional Outlet 07892,West,Traditional Trade,Medium,2023-02-08,10000,60,REP053
7893,Fictional Outlet 07893,North,Traditional Trade,Medium,2022-08-28,5000,30,REP054
7894,Fictional Outlet 07894,South,Wholesale,Medium,2023-09-08,50000,15,REP055
7895,Fictional Outlet 07895,East,Traditional Trade,Medium,2022-12-08,10000,60,REP056
7896,Fictional Outlet 07896,West,Traditional Trade,Large,2022-04-20,10000,45,REP057
7897,Fictional Outlet 07897,North,Wholesale,Medium,2022-04-16,10000,30,REP058
7898,Fictional Outlet 07898,South,Modern Trade,Small,2023-08-01,10000,45,REP059
7899,Fictional Outlet 07899,East,Modern Trade,Large,2022-12-19,5000,30,REP060
7900,Fictional Outlet 07900,West,Traditional Trade,Medium,2023-01-03,5000,45,REP061
7901,Fictional Outlet 07901,North,Modern Trade,Medium,2022-07-30,5000,15,REP062
7902,Fictional Outlet 07902,South,Wholesale,Medium,2022-05-06,50000,15,REP063
7903,Fictional Outlet 07903,East,Traditional Trade,Small,2022-07-02,5000,45,REP064
7904,Fictional Outlet 07904,West,Modern Trade,Large,2023-11-04,5000,45,REP065
7905,Fictional Outlet 07905,North,Modern Trade,Medium,2023-01-21,10000,30,REP066
7906,Fictional Outlet 07906,South,Wholesale,Medium,2023-03-06,5000,15,REP067
7907,Fictional Outlet 07907,East,Ecommerce,Medium,2023-10-20,25000,30,REP068
7908,Fictional Outlet 07908,West,Traditional Trade,Small,2022-03-02,25000,45,REP069
7909,Fictional Outlet 07909,North,Traditional Trade,Large,2023-10-01,10000,60,REP070
7910,Fictional Outlet 07910,South,Ecommerce,Medium,2022-01-03,50000,60,
7911,Fictional Outlet 07911,East,Traditional Trade,Large,2023-05-04,10000,15,REP072
7912,Fictional Outlet 07912,West,Traditional Trade,Large,2022-09-29,10000,60,REP073
7913,Fictional Outlet 07913,North,Wholesale,Small,2023-04-23,5000,15,REP074
7914,Fictional Outlet 07914,South,Wholesale,Large,2022-05-23,10000,60,REP075
7915,Fictional Outlet 07915,East,Traditional Trade,Small,2022-03-03,25000,45,REP076
7916,Fictional Outlet 07916,West,Traditional Trade,Large,2023-09-01,5000,15,REP077
7917,Fictional Outlet 07917,North,Modern Trade,Large,2023-09-16,5000,30,REP078
7918,Fictional Outlet 07918,South,Traditional Trade,Large,2022-04-12,10000,30,REP079
7919,Fictional Outlet 07919,East,Traditional Trade,Small,2023-09-05,10000,45,REP080
7920,Fictional Outlet 07920,West,Ecommerce,Medium,2023-12-15,5000,45,REP001
7921,Fictional Outlet 07921,North,Traditional Trade,Large,2022-04-12,5000,15,REP002
7922,Fictional Outlet 07922,South,Wholesale,Small,2022-10-11,25000,45,REP003
7923,Fictional Outlet 07923,East,Wholesale,Medium,2022-10-09,50000,45,REP004
7924,Fictional Outlet 07924,West,Wholesale,Medium,2022-09-20,5000,30,REP005
7925,Fictional Outlet 07925,North,Wholesale,Medium,2022-08-13,10000,60,REP006
7926,Fictional Outlet 07926,South,Traditional Trade,Small,2022-09-28,10000,45,REP007
7927,Fictional Outlet 07927,East,Modern Trade,Small,2023-10-21,50000,60,REP008
7928,Fictional Outlet 07928,West,Traditional Trade,Large,2022-12-08,25000,30,REP009
7929,Fictional Outlet 07929,North,Traditional Trade,Large,2022-05-29,50000,15,REP010
7930,Fictional Outlet 07930,South,Traditional Trade,Medium,2022-09-01,25000,60,REP011
7931,Fictional Outlet 07931,East,Traditional Trade,Small,2022-11-21,25000,60,REP012
7932,Fictional Outlet 07932,West,Modern Trade,Large,2023-12-27,25000,60,REP013
7933,Fictional Outlet 07933,North,Modern Trade,Large,2023-07-07,50000,60,REP014
7934,Fictional Outlet 07934,South,Wholesale,Medium,2023-03-03,50000,60,REP015
7935,Fictional Outlet 07935,East,Modern Trade,Small,2022-01-04,10000,30,REP016
7936,Fictional Outlet 07936,West,Modern Trade,Medium,2022-01-01,10000,30,REP017
7937,Fictional Outlet 07937,North,Traditional Trade,Medium,2022-01-15,5000,30,REP018
7938,Fictional Outlet 07938,South,Modern Trade,Small,2022-07-17,10000,30,REP019
7939,Fictional Outlet 07939,East,Ecommerce,Large,2022-07-17,25000,15,REP020
7940,Fictional Outlet 07940,West,Traditional Trade,Medium,2022-12-31,25000,30,REP021
7941,Fictional Outlet 07941,North,Modern Trade,Medium,2023-04-11,50000,30,REP022
7942,Fictional Outlet 07942,South,Wholesale,Large,2022-10-27,50000,15,REP023
7943,Fictional Outlet 07943,East,Traditional Trade,Large,2022-06-06,25000,30,REP024
7944,Fictional Outlet 07944,West,Traditional Trade,Medium,2022-05-25,50000,30,REP025
7945,Fictional Outlet 07945,North,Traditional Trade,Large,2022-12-24,50000,30,REP026
7946,Fictional Outlet 07946,South,Wholesale,Small,2023-12-29,50000,15,REP027
7947,Fictional Outlet 07947,East,Modern Trade,Large,2022-02-18,50000,45,REP028
7948,Fictional Outlet 07948,West,Traditional Trade,Medium,2023-03-29,10000,60,REP029
7949,Fictional Outlet 07949,North,Traditional Trade,Large,2022-01-13,10000,45,REP030
7950,Fictional Outlet 07950,South,Modern Trade,Small,2022-08-27,10000,60,REP031
7951,Fictional Outlet 07951,East,Ecommerce,Medium,2022-11-13,10000,15,REP032
7952,Fictional Outlet 07952,West,Traditional Trade,Large,2022-08-11,10000,30,REP033
7953,Fictional Outlet 07953,North,Traditional Trade,Medium,2023-11-02,25000,30,REP034
7954,Fictional Outlet 07954,South, MODERN TRADE ,Medium,2022-11-17,5000,45,REP035
7955,Fictional Outlet 07955,East,Wholesale,Medium,2022-01-30,50000,15,REP036
7956,Fictional Outlet 07956,West,Modern Trade,Large,2023-12-20,10000,60,REP037
7957,Fictional Outlet 07957,North,Wholesale,Small,2022-08-07,25000,45,REP038
7958,Fictional Outlet 07958,South,Modern Trade,Small,2022-07-02,5000,15,REP039
7959,Fictional Outlet 07959,East,Traditional Trade,Large,2022-08-07,10000,45,REP040
7960,Fictional Outlet 07960,West,Ecommerce,Medium,2023-02-14,10000,30,REP041
7961,Fictional Outlet 07961,North,Wholesale,Medium,2023-02-19,10000,45,REP042
7962,Fictional Outlet 07962,South,Traditional Trade,Medium,2023-06-27,50000,15,REP043
7963,Fictional Outlet 07963,East,Traditional Trade,Small,2022-10-10,50000,45,REP044
7964,Fictional Outlet 07964,West,Modern Trade,Medium,2022-03-09,5000,15,REP045
7965,Fictional Outlet 07965,North,Ecommerce,Large,2023-10-12,50000,60,REP046
7966,Fictional Outlet 07966,South,Traditional Trade,Large,2023-02-20,50000,45,REP047
7967,Fictional Outlet 07967,East,Wholesale,Large,2022-10-20,25000,30,REP048
7968,Fictional Outlet 07968,West,Traditional Trade,Large,2023-05-29,25000,45,REP049
7969,Fictional Outlet 07969,North,Wholesale,Small,2023-09-27,5000,60,REP050
7970,Fictional Outlet 07970,South,Modern Trade,Small,2023-04-24,25000,30,REP051
7971,Fictional Outlet 07971,East,Traditional Trade,Large,2022-12-24,50000,45,REP052
7972,Fictional Outlet 07972,West,Traditional Trade,Large,2022-02-25,50000,15,REP053
7973,Fictional Outlet 07973,North,Traditional Trade,Small,2022-01-08,5000,60,REP054
7974,Fictional Outlet 07974,South,Traditional Trade,Medium,2023-08-16,25000,15,REP055
7975,Fictional Outlet 07975,East,Wholesale,Small,2023-03-31,10000,30,REP056
7976,Fictional Outlet 07976,West,Wholesale,Large,2022-01-21,50000,30,REP057
7977,Fictional Outlet 07977,North,Traditional Trade,Large,2023-07-09,10000,45,REP058
7978,Fictional Outlet 07978,South,Traditional Trade,Medium,2022-09-27,50000,15,REP059
7979,Fictional Outlet 07979,East,Modern Trade,Medium,2022-05-01,5000,30,REP060
7980,Fictional Outlet 07980,West,Traditional Trade,Small,2023-07-19,25000,30,REP061
7981,Fictional Outlet 07981,North,Traditional Trade,Medium,2022-06-24,5000,60,REP062
7982,Fictional Outlet 07982,South,Traditional Trade,Large,2023-05-12,50000,15,REP063
7983,Fictional Outlet 07983,East,Traditional Trade,Small,2023-12-24,50000,30,REP064
7984,Fictional Outlet 07984,West,Modern Trade,Large,2023-06-13,25000,15,REP065
7985,Fictional Outlet 07985,North,Modern Trade,Large,2022-07-28,50000,45,REP066
7986,Fictional Outlet 07986,South,Wholesale,Small,2023-03-01,5000,30,REP067
7987,Fictional Outlet 07987,East,Traditional Trade,Large,2023-11-05,5000,15,REP068
7988,Fictional Outlet 07988,West,Wholesale,Small,2023-11-10,50000,60,REP069
7989,Fictional Outlet 07989,North,Traditional Trade,Small,2023-09-24,5000,60,REP070
7990,Fictional Outlet 07990,South,Modern Trade,Small,2022-07-24,50000,60,REP071
7991,Fictional Outlet 07991,East,Modern Trade,Small,2023-03-26,25000,60,REP072
7992,Fictional Outlet 07992,West,Wholesale,Medium,2022-04-12,50000,60,REP073
7993,Fictional Outlet 07993,North,Ecommerce,Medium,2022-04-28,25000,60,REP074
7994,Fictional Outlet 07994,South,Traditional Trade,Large,2023-11-26,25000,45,REP075
7995,Fictional Outlet 07995,East,Wholesale,Small,2022-12-03,10000,60,REP076
7996,Fictional Outlet 07996,West,Traditional Trade,Small,2022-03-16,5000,30,REP077
7997,Fictional Outlet 07997,North,Traditional Trade,Large,2023-04-14,10000,30,REP078
7998,Fictional Outlet 07998,South,Traditional Trade,Small,2022-01-18,10000,45,REP079
7999,Fictional Outlet 07999,East,Traditional Trade,Medium,2022-04-10,5000,15,REP080
8000,Fictional Outlet 08000,West,Ecommerce,Medium,2023-12-23,5000,60,REP001
8001,Fictional Outlet 08001,North,Traditional Trade,Large,2022-04-08,50000,30,REP002
8002,Fictional Outlet 08002,South,Traditional Trade,Large,2022-01-27,25000,30,REP003
8003,Fictional Outlet 08003,East,Traditional Trade,Medium,2023-05-01,5000,60,REP004
8004,Fictional Outlet 08004,West,Ecommerce,Large,2023-07-13,10000,60,REP005
8005,Fictional Outlet 08005,North,Traditional Trade,Medium,2023-08-22,10000,15,REP006
8006,Fictional Outlet 08006,South,Traditional Trade,Medium,2023-01-19,5000,30,REP007
8007,Fictional Outlet 08007,East,Traditional Trade,Large,2023-02-05,50000,45,REP008
8008,Fictional Outlet 08008,West,Modern Trade,Small,2022-05-31,25000,15,REP009
8009,Fictional Outlet 08009,North,Traditional Trade,Large,2022-02-18,50000,60,REP010
8010,Fictional Outlet 08010,South,Modern Trade,Large,2023-07-26,5000,15,REP011
8011,Fictional Outlet 08011,East,Traditional Trade,Small,2023-10-29,10000,60,REP012
8012,Fictional Outlet 08012,West,Wholesale,Small,2022-02-23,25000,15,REP013
8013,Fictional Outlet 08013,North,Wholesale,Large,2023-05-22,50000,30,REP014
8014,Fictional Outlet 08014,South,Modern Trade,Large,2023-04-27,50000,30,REP015
8015,Fictional Outlet 08015,East,Traditional Trade,Medium,2022-11-12,10000,45,REP016
8016,Fictional Outlet 08016,West,Traditional Trade,Large,2022-11-23,5000,15,REP017
8017,Fictional Outlet 08017,North,Traditional Trade,Large,2023-12-04,5000,60,REP018
8018,Fictional Outlet 08018,South,Traditional Trade,Small,2023-05-11,10000,15,REP019
8019,Fictional Outlet 08019,East,Traditional Trade,Medium,2022-06-26,25000,45,REP020
8020,Fictional Outlet 08020,West,Traditional Trade,Large,2023-08-21,5000,45,REP021
8021,Fictional Outlet 08021,North,Traditional Trade,Large,2023-12-13,5000,45,REP022
8022,Fictional Outlet 08022,South,Modern Trade,Medium,2023-11-26,5000,30,REP023
8023,Fictional Outlet 08023,East,Traditional Trade,Large,2023-04-13,10000,45,
8024,Fictional Outlet 08024,West,Modern Trade,Small,2023-03-01,25000,60,REP025
8025,Fictional Outlet 08025,North,Traditional Trade,Small,2022-10-24,5000,45,REP026
8026,Fictional Outlet 08026,South,Ecommerce,Medium,2023-07-16,50000,60,REP027
8027,Fictional Outlet 08027,East,Modern Trade,Large,2023-04-14,50000,30,REP028
8028,Fictional Outlet 08028,West,Wholesale,Small,2023-10-04,50000,15,REP029
8029,Fictional Outlet 08029,North,Modern Trade,Medium,2022-01-18,10000,15,REP030
8030,Fictional Outlet 08030,South,Wholesale,Large,2023-06-16,5000,45,REP031
8031,Fictional Outlet 08031,East,Traditional Trade,Medium,2022-05-15,10000,45,REP032
8032,Fictional Outlet 08032,West,Traditional Trade,Small,2023-10-22,25000,60,REP033
8033,Fictional Outlet 08033,North,Traditional Trade,Small,2023-07-05,5000,60,REP034
8034,Fictional Outlet 08034,South,Traditional Trade,Small,2023-07-21,25000,30,REP035
8035,Fictional Outlet 08035,East,Ecommerce,Medium,2022-07-21,25000,45,REP036
8036,Fictional Outlet 08036,West,Wholesale,Large,2022-04-29,5000,60,REP037
8037,Fictional Outlet 08037,North,Traditional Trade,Large,2022-02-09,50000,15,REP038
8038,Fictional Outlet 08038,South,Wholesale,Small,2023-01-20,5000,30,REP039
8039,Fictional Outlet 08039,East,Traditional Trade,Medium,2022-01-25,25000,45,REP040
8040,Fictional Outlet 08040,West,Traditional Trade,Medium,2022-08-15,5000,30,REP041
8041,Fictional Outlet 08041,North,Wholesale,Large,2022-01-04,25000,15,REP042
8042,Fictional Outlet 08042,South,Wholesale,Small,2022-04-26,5000,45,REP043
8043,Fictional Outlet 08043,East,Traditional Trade,Large,2022-07-09,25000,30,REP044
8044,Fictional Outlet 08044,West,Traditional Trade,Large,2022-08-08,50000,60,REP045
8045,Fictional Outlet 08045,North,Ecommerce,Medium,2023-05-01,25000,15,REP046
8046,Fictional Outlet 08046,South,Wholesale,Medium,2023-01-11,50000,45,REP047
8047,Fictional Outlet 08047,East,Traditional Trade,Medium,2022-03-07,50000,30,REP048
8048,Fictional Outlet 08048,West,Modern Trade,Medium,2022-03-11,50000,45,REP049
8049,Fictional Outlet 08049,North,Traditional Trade,Small,2022-06-13,5000,30,REP050
8050,Fictional Outlet 08050,South,Traditional Trade,Small,2023-03-28,25000,60,REP051
8051,Fictional Outlet 08051,East, TRADITIONAL TRADE ,Small,2022-09-27,25000,15,REP052
8052,Fictional Outlet 08052,West,Modern Trade,Small,2022-06-12,5000,45,REP053
8053,Fictional Outlet 08053,North,Wholesale,Small,2023-01-13,10000,45,REP054
8054,Fictional Outlet 08054,South,Traditional Trade,Medium,2023-05-05,10000,15,REP055
8055,Fictional Outlet 08055,East,Traditional Trade,Medium,2022-06-11,5000,60,REP056
8056,Fictional Outlet 08056,West,Traditional Trade,Small,2022-12-28,10000,60,REP057
8057,Fictional Outlet 08057,North,Traditional Trade,Small,2023-04-16,25000,45,REP058
8058,Fictional Outlet 08058,South,Traditional Trade,Medium,2023-02-09,25000,15,REP059
8059,Fictional Outlet 08059,East,Traditional Trade,Small,2023-07-15,50000,45,REP060
8060,Fictional Outlet 08060,West,Wholesale,Large,2022-04-15,50000,45,REP061
8061,Fictional Outlet 08061,North,Traditional Trade,Small,2022-03-25,25000,60,REP062
8062,Fictional Outlet 08062,South,Wholesale,Medium,2023-05-06,10000,30,REP063
8063,Fictional Outlet 08063,East,Wholesale,Large,2022-03-10,50000,15,REP064
8064,Fictional Outlet 08064,West,Modern Trade,Small,2022-04-24,50000,45,REP065
8065,Fictional Outlet 08065,North,Traditional Trade,Medium,2023-03-21,5000,60,REP066
8066,Fictional Outlet 08066,South,Traditional Trade,Medium,2023-08-07,5000,30,REP067
8067,Fictional Outlet 08067,East,Modern Trade,Small,2022-09-12,25000,60,REP068
8068,Fictional Outlet 08068,West,Traditional Trade,Large,2022-06-24,50000,45,REP069
8069,Fictional Outlet 08069,North,Traditional Trade,Small,2022-01-19,10000,45,REP070
8070,Fictional Outlet 08070,South,Traditional Trade,Small,2022-09-18,10000,15,REP071
8071,Fictional Outlet 08071,East,Traditional Trade,Small,2022-05-13,10000,45,REP072
8072,Fictional Outlet 08072,West,Traditional Trade,Small,2023-03-04,5000,45,REP073
8073,Fictional Outlet 08073,North,Traditional Trade,Large,2023-12-13,10000,15,REP074
8074,Fictional Outlet 08074,South,Traditional Trade,Medium,2022-12-24,25000,45,REP075
8075,Fictional Outlet 08075,East,Wholesale,Medium,2023-10-17,10000,30,REP076
8076,Fictional Outlet 08076,West,Traditional Trade,Large,2022-12-27,5000,15,REP077
8077,Fictional Outlet 08077,North,Traditional Trade,Large,2022-09-14,5000,45,REP078
8078,Fictional Outlet 08078,South,Wholesale,Small,2022-01-24,50000,45,REP079
8079,Fictional Outlet 08079,East,Modern Trade,Medium,2022-09-11,5000,30,REP080
8080,Fictional Outlet 08080,West,Modern Trade,Medium,2023-02-10,5000,45,REP001
8081,Fictional Outlet 08081,North,Wholesale,Small,2022-05-11,50000,15,REP002
8082,Fictional Outlet 08082,South,Traditional Trade,Small,2022-06-21,25000,45,REP003
8083,Fictional Outlet 08083,East,Modern Trade,Large,2022-10-26,50000,15,REP004
8084,Fictional Outlet 08084,West,Traditional Trade,Medium,2022-12-24,25000,45,REP005
8085,Fictional Outlet 08085,North,Traditional Trade,Large,2022-04-21,5000,15,REP006
8086,Fictional Outlet 08086,South,Wholesale,Large,2023-09-20,25000,15,REP007
8087,Fictional Outlet 08087,East,Modern Trade,Large,2023-04-06,50000,60,REP008
8088,Fictional Outlet 08088,West,Traditional Trade,Medium,2023-03-22,5000,30,REP009
8089,Fictional Outlet 08089,North,Modern Trade,Medium,2022-06-22,5000,60,REP010
8090,Fictional Outlet 08090,South,Wholesale,Small,2022-02-25,10000,45,REP011
8091,Fictional Outlet 08091,East,Wholesale,Small,2022-11-13,5000,30,REP012
8092,Fictional Outlet 08092,West,Modern Trade,Small,2023-08-20,10000,45,REP013
8093,Fictional Outlet 08093,North,Modern Trade,Medium,2022-02-09,5000,60,REP014
8094,Fictional Outlet 08094,South,Modern Trade,Small,2023-04-15,25000,15,REP015
8095,Fictional Outlet 08095,East,Modern Trade,Medium,2023-01-14,5000,45,REP016
8096,Fictional Outlet 08096,West,Wholesale,Large,2022-11-29,25000,30,REP017
8097,Fictional Outlet 08097,North,Ecommerce,Large,2023-01-02,25000,15,REP018
8098,Fictional Outlet 08098,South,Traditional Trade,Large,2022-01-11,50000,60,REP019
8099,Fictional Outlet 08099,East,Traditional Trade,Medium,2022-05-06,50000,45,REP020
8100,Fictional Outlet 08100,West,Traditional Trade,Small,2023-11-03,50000,45,REP021
8101,Fictional Outlet 08101,North,Traditional Trade,Large,2022-08-10,5000,60,REP022
8102,Fictional Outlet 08102,South,Traditional Trade,Small,2022-11-22,50000,60,REP023
8103,Fictional Outlet 08103,East,Modern Trade,Large,2022-08-26,50000,15,REP024
8104,Fictional Outlet 08104,West,Traditional Trade,Small,2022-05-12,25000,60,REP025
8105,Fictional Outlet 08105,North,Modern Trade,Large,2022-10-22,10000,15,REP026
8106,Fictional Outlet 08106,South,Modern Trade,Small,2023-10-11,5000,60,REP027
8107,Fictional Outlet 08107,East,Traditional Trade,Small,2023-05-30,50000,45,REP028
8108,Fictional Outlet 08108,West,Traditional Trade,Medium,2023-05-14,5000,45,REP029
8109,Fictional Outlet 08109,North,Traditional Trade,Large,2022-10-29,10000,60,REP030
8110,Fictional Outlet 08110,South,Traditional Trade,Medium,2023-01-23,50000,15,REP031
8111,Fictional Outlet 08111,East,Traditional Trade,Small,2023-04-04,25000,60,REP032
8112,Fictional Outlet 08112,West,Wholesale,Small,2023-11-12,5000,60,REP033
8113,Fictional Outlet 08113,North,Modern Trade,Medium,2023-08-07,50000,15,REP034
8114,Fictional Outlet 08114,South,Traditional Trade,Small,2023-07-16,5000,30,REP035
8115,Fictional Outlet 08115,East,Traditional Trade,Medium,2022-05-15,5000,60,REP036
8116,Fictional Outlet 08116,West,Traditional Trade,Medium,2023-11-03,50000,45,REP037
8117,Fictional Outlet 08117,North,Wholesale,Large,2023-12-28,50000,30,REP038
8118,Fictional Outlet 08118,South,Ecommerce,Medium,2022-03-25,50000,15,REP039
8119,Fictional Outlet 08119,East,Modern Trade,Large,2023-07-03,5000,15,REP040
8120,Fictional Outlet 08120,West,Traditional Trade,Small,2023-03-04,50000,60,REP041
8121,Fictional Outlet 08121,North,Traditional Trade,Small,2023-04-30,5000,45,REP042
8122,Fictional Outlet 08122,South,Modern Trade,Medium,2022-06-30,25000,60,REP043
8123,Fictional Outlet 08123,East,Traditional Trade,Large,2023-08-29,25000,15,REP044
8124,Fictional Outlet 08124,West,Traditional Trade,Medium,2022-11-18,25000,60,REP045
8125,Fictional Outlet 08125,North,Traditional Trade,Large,2023-07-21,5000,30,REP046
8126,Fictional Outlet 08126,South,Traditional Trade,Medium,2022-02-20,10000,15,REP047
8127,Fictional Outlet 08127,East,Traditional Trade,Medium,2023-05-10,50000,15,REP048
8128,Fictional Outlet 08128,West,Traditional Trade,Large,2022-02-24,25000,30,REP049
8129,Fictional Outlet 08129,North,Traditional Trade,Small,2022-05-25,5000,30,REP050
8130,Fictional Outlet 08130,South,Ecommerce,Medium,2022-11-16,25000,30,REP051
8131,Fictional Outlet 08131,East,Traditional Trade,Large,2023-11-18,25000,60,REP052
8132,Fictional Outlet 08132,West,Traditional Trade,Large,2022-06-27,50000,60,REP053
8133,Fictional Outlet 08133,North,Modern Trade,Small,2022-01-18,50000,30,REP054
8134,Fictional Outlet 08134,South,Ecommerce,Large,2023-07-06,10000,45,REP055
8135,Fictional Outlet 08135,East,Traditional Trade,Small,2022-12-19,10000,30,REP056
8136,Fictional Outlet 08136,West,Traditional Trade,Small,2023-07-05,25000,30,
8137,Fictional Outlet 08137,North,Traditional Trade,Small,2023-03-28,10000,60,REP058
8138,Fictional Outlet 08138,South,Wholesale,Small,2022-12-07,25000,15,REP059
8139,Fictional Outlet 08139,East,Modern Trade,Small,2023-05-27,5000,60,REP060
8140,Fictional Outlet 08140,West,Traditional Trade,Medium,2022-06-06,5000,30,REP061
8141,Fictional Outlet 08141,North,Ecommerce,Medium,2022-10-10,50000,60,REP062
8142,Fictional Outlet 08142,South,Modern Trade,Large,2023-05-16,25000,45,REP063
8143,Fictional Outlet 08143,East,Traditional Trade,Small,2023-07-30,10000,30,REP064
8144,Fictional Outlet 08144,West,Wholesale,Small,2022-01-03,10000,45,REP065
8145,Fictional Outlet 08145,North,Traditional Trade,Large,2023-02-19,25000,30,REP066
8146,Fictional Outlet 08146,South,Traditional Trade,Small,2023-08-15,10000,30,REP067
8147,Fictional Outlet 08147,East,Modern Trade,Medium,2023-04-26,10000,15,REP068
8148,Fictional Outlet 08148,West, MODERN TRADE ,Medium,2023-05-18,50000,60,REP069
8149,Fictional Outlet 08149,North,Wholesale,Large,2022-10-26,25000,15,REP070
8150,Fictional Outlet 08150,South,Wholesale,Large,2023-01-24,50000,60,REP071
8151,Fictional Outlet 08151,East,Wholesale,Small,2022-08-09,10000,30,REP072
8152,Fictional Outlet 08152,West,Traditional Trade,Small,2022-08-12,5000,45,REP073
8153,Fictional Outlet 08153,North,Wholesale,Medium,2022-10-05,50000,45,REP074
8154,Fictional Outlet 08154,South,Traditional Trade,Medium,2023-12-17,5000,45,REP075
8155,Fictional Outlet 08155,East,Modern Trade,Large,2022-04-10,5000,30,REP076
8156,Fictional Outlet 08156,West,Wholesale,Small,2023-09-08,50000,45,REP077
8157,Fictional Outlet 08157,North,Traditional Trade,Medium,2023-12-01,5000,60,REP078
8158,Fictional Outlet 08158,South,Traditional Trade,Medium,2022-05-21,25000,30,REP079
8159,Fictional Outlet 08159,East,Traditional Trade,Large,2022-07-12,25000,45,REP080
8160,Fictional Outlet 08160,West,Traditional Trade,Small,2023-04-07,5000,45,REP001
8161,Fictional Outlet 08161,North,Traditional Trade,Medium,2022-03-02,50000,45,REP002
8162,Fictional Outlet 08162,South,Traditional Trade,Small,2023-09-09,50000,60,REP003
8163,Fictional Outlet 08163,East,Traditional Trade,Medium,2022-07-04,50000,60,REP004
8164,Fictional Outlet 08164,West,Traditional Trade,Large,2022-12-14,50000,60,REP005
8165,Fictional Outlet 08165,North,Traditional Trade,Small,2022-09-12,25000,30,REP006
8166,Fictional Outlet 08166,South,Traditional Trade,Small,2023-10-20,50000,30,REP007
8167,Fictional Outlet 08167,East,Wholesale,Medium,2023-10-04,25000,30,REP008
8168,Fictional Outlet 08168,West,Traditional Trade,Small,2023-01-25,5000,30,REP009
8169,Fictional Outlet 08169,North,Traditional Trade,Medium,2023-06-16,5000,30,REP010
8170,Fictional Outlet 08170,South,Traditional Trade,Small,2023-06-20,10000,30,REP011
8171,Fictional Outlet 08171,East,Wholesale,Small,2022-01-15,5000,60,REP012
8172,Fictional Outlet 08172,West,Ecommerce,Medium,2023-05-12,10000,15,REP013
8173,Fictional Outlet 08173,North,Traditional Trade,Large,2023-09-22,5000,45,REP014
8174,Fictional Outlet 08174,South,Traditional Trade,Small,2023-11-30,5000,60,REP015
8175,Fictional Outlet 08175,East,Traditional Trade,Small,2023-11-01,5000,15,REP016
8176,Fictional Outlet 08176,West,Traditional Trade,Small,2022-05-23,25000,60,REP017
8177,Fictional Outlet 08177,North,Modern Trade,Medium,2022-12-20,50000,15,REP018
8178,Fictional Outlet 08178,South,Modern Trade,Small,2023-08-13,10000,30,REP019
8179,Fictional Outlet 08179,East,Traditional Trade,Medium,2022-07-19,50000,60,REP020
8180,Fictional Outlet 08180,West,Traditional Trade,Large,2023-08-14,5000,30,REP021
8181,Fictional Outlet 08181,North,Traditional Trade,Small,2022-04-25,5000,15,REP022
8182,Fictional Outlet 08182,South,Wholesale,Medium,2022-07-16,25000,60,REP023
8183,Fictional Outlet 08183,East,Traditional Trade,Large,2022-12-11,25000,30,REP024
8184,Fictional Outlet 08184,West,Modern Trade,Medium,2022-10-04,5000,45,REP025
8185,Fictional Outlet 08185,North,Modern Trade,Medium,2023-04-07,25000,60,REP026
8186,Fictional Outlet 08186,South,Traditional Trade,Large,2022-10-16,5000,60,REP027
8187,Fictional Outlet 08187,East,Wholesale,Medium,2023-02-08,25000,30,REP028
8188,Fictional Outlet 08188,West,Wholesale,Large,2022-12-04,10000,15,REP029
8189,Fictional Outlet 08189,North,Traditional Trade,Medium,2022-12-03,25000,15,REP030
8190,Fictional Outlet 08190,South,Traditional Trade,Medium,2022-01-30,5000,15,REP031
8191,Fictional Outlet 08191,East,Modern Trade,Large,2022-07-18,5000,45,REP032
8192,Fictional Outlet 08192,West,Wholesale,Large,2022-01-19,10000,15,REP033
8193,Fictional Outlet 08193,North,Wholesale,Medium,2022-07-23,50000,60,REP034
8194,Fictional Outlet 08194,South,Wholesale,Small,2022-04-13,25000,15,REP035
8195,Fictional Outlet 08195,East,Wholesale,Medium,2023-04-04,5000,60,REP036
8196,Fictional Outlet 08196,West,Modern Trade,Small,2022-12-22,25000,45,REP037
8197,Fictional Outlet 08197,North,Traditional Trade,Small,2022-08-22,5000,45,REP038
8198,Fictional Outlet 08198,South,Traditional Trade,Large,2022-08-20,25000,15,REP039
8199,Fictional Outlet 08199,East,Traditional Trade,Large,2022-09-30,50000,15,REP040
8200,Fictional Outlet 08200,West,Wholesale,Medium,2023-05-23,50000,60,REP041
8201,Fictional Outlet 08201,North,Traditional Trade,Medium,2022-10-09,50000,60,REP042
8202,Fictional Outlet 08202,South,Wholesale,Medium,2022-05-19,50000,45,REP043
8203,Fictional Outlet 08203,East,Ecommerce,Small,2023-07-21,50000,15,REP044
8204,Fictional Outlet 08204,West,Wholesale,Medium,2023-02-27,5000,30,REP045
8205,Fictional Outlet 08205,North,Traditional Trade,Small,2023-10-04,10000,60,REP046
8206,Fictional Outlet 08206,South,Traditional Trade,Medium,2022-03-03,25000,60,REP047
8207,Fictional Outlet 08207,East,Ecommerce,Small,2022-10-10,50000,30,REP048
8208,Fictional Outlet 08208,West,Traditional Trade,Small,2022-02-14,25000,30,REP049
8209,Fictional Outlet 08209,North,Traditional Trade,Large,2023-05-13,5000,45,REP050
8210,Fictional Outlet 08210,South,Modern Trade,Large,2022-09-17,5000,30,REP051
8211,Fictional Outlet 08211,East,Wholesale,Large,2022-07-18,50000,15,REP052
8212,Fictional Outlet 08212,West,Modern Trade,Small,2022-08-26,25000,15,REP053
8213,Fictional Outlet 08213,North,Traditional Trade,Medium,2023-09-04,5000,15,REP054
8214,Fictional Outlet 08214,South,Modern Trade,Large,2023-09-05,5000,15,REP055
8215,Fictional Outlet 08215,East,Traditional Trade,Small,2023-01-12,10000,30,REP056
8216,Fictional Outlet 08216,West,Traditional Trade,Small,2022-04-06,10000,45,REP057
8217,Fictional Outlet 08217,North,Traditional Trade,Large,2022-04-05,50000,15,REP058
8218,Fictional Outlet 08218,South,Traditional Trade,Small,2022-05-17,50000,30,REP059
8219,Fictional Outlet 08219,East,Traditional Trade,Large,2023-09-04,25000,30,REP060
8220,Fictional Outlet 08220,West,Modern Trade,Medium,2023-04-05,5000,30,REP061
8221,Fictional Outlet 08221,North,Modern Trade,Small,2022-04-13,10000,60,REP062
8222,Fictional Outlet 08222,South,Traditional Trade,Medium,2022-02-19,10000,30,REP063
8223,Fictional Outlet 08223,East,Traditional Trade,Small,2022-01-30,50000,15,REP064
8224,Fictional Outlet 08224,West,Traditional Trade,Large,2023-03-10,50000,15,REP065
8225,Fictional Outlet 08225,North,Modern Trade,Small,2023-06-17,50000,45,REP066
8226,Fictional Outlet 08226,South,Modern Trade,Small,2022-07-21,10000,15,REP067
8227,Fictional Outlet 08227,East,Traditional Trade,Medium,2022-02-28,5000,60,REP068
8228,Fictional Outlet 08228,West,Traditional Trade,Small,2023-08-27,25000,45,REP069
8229,Fictional Outlet 08229,North,Traditional Trade,Small,2023-08-31,5000,45,REP070
8230,Fictional Outlet 08230,South,Modern Trade,Small,2022-12-27,10000,60,REP071
8231,Fictional Outlet 08231,East,Modern Trade,Large,2022-11-11,25000,15,REP072
8232,Fictional Outlet 08232,West,Wholesale,Medium,2023-06-30,10000,60,REP073
8233,Fictional Outlet 08233,North,Modern Trade,Small,2023-05-06,5000,15,REP074
8234,Fictional Outlet 08234,South,Traditional Trade,Medium,2023-05-17,10000,45,REP075
8235,Fictional Outlet 08235,East,Traditional Trade,Large,2023-11-22,5000,15,REP076
8236,Fictional Outlet 08236,West,Traditional Trade,Small,2023-03-21,10000,45,REP077
8237,Fictional Outlet 08237,North,Wholesale,Small,2022-03-27,50000,45,REP078
8238,Fictional Outlet 08238,South,Modern Trade,Large,2022-06-20,5000,15,REP079
8239,Fictional Outlet 08239,East,Modern Trade,Medium,2022-12-24,50000,30,REP080
8240,Fictional Outlet 08240,West,Traditional Trade,Large,2022-10-27,5000,60,REP001
8241,Fictional Outlet 08241,North,Traditional Trade,Medium,2022-10-09,5000,60,REP002
8242,Fictional Outlet 08242,South,Traditional Trade,Large,2023-10-19,50000,45,REP003
8243,Fictional Outlet 08243,East,Traditional Trade,Medium,2022-06-05,25000,60,REP004
8244,Fictional Outlet 08244,West,Wholesale,Small,2023-02-01,50000,15,REP005
8245,Fictional Outlet 08245,North, WHOLESALE ,Small,2022-01-29,25000,60,REP006
8246,Fictional Outlet 08246,South,Traditional Trade,Small,2023-03-05,5000,45,REP007
8247,Fictional Outlet 08247,East,Traditional Trade,Small,2022-02-11,10000,15,REP008
8248,Fictional Outlet 08248,West,Traditional Trade,Small,2022-12-01,10000,45,REP009
8249,Fictional Outlet 08249,North,Traditional Trade,Large,2022-06-21,5000,60,
8250,Fictional Outlet 08250,South,Traditional Trade,Medium,2022-01-13,25000,30,REP011
8251,Fictional Outlet 08251,East,Ecommerce,Small,2023-07-07,25000,45,REP012
8252,Fictional Outlet 08252,West,Traditional Trade,Medium,2023-12-19,5000,30,REP013
8253,Fictional Outlet 08253,North,Traditional Trade,Large,2022-11-18,10000,30,REP014
8254,Fictional Outlet 08254,South,Traditional Trade,Medium,2023-02-24,50000,15,REP015
8255,Fictional Outlet 08255,East,Traditional Trade,Medium,2022-10-19,5000,45,REP016
8256,Fictional Outlet 08256,West,Modern Trade,Small,2023-06-17,25000,30,REP017
8257,Fictional Outlet 08257,North,Traditional Trade,Small,2023-03-20,25000,60,REP018
8258,Fictional Outlet 08258,South,Traditional Trade,Large,2022-12-16,10000,60,REP019
8259,Fictional Outlet 08259,East,Modern Trade,Small,2022-05-07,10000,60,REP020
8260,Fictional Outlet 08260,West,Wholesale,Large,2022-11-23,50000,30,REP021
8261,Fictional Outlet 08261,North,Modern Trade,Large,2023-07-18,25000,60,REP022
8262,Fictional Outlet 08262,South,Modern Trade,Medium,2022-10-22,25000,60,REP023
8263,Fictional Outlet 08263,East,Traditional Trade,Small,2022-12-23,25000,45,REP024
8264,Fictional Outlet 08264,West,Wholesale,Large,2023-08-30,5000,45,REP025
8265,Fictional Outlet 08265,North,Traditional Trade,Medium,2023-03-23,5000,15,REP026
8266,Fictional Outlet 08266,South,Modern Trade,Medium,2023-11-21,10000,60,REP027
8267,Fictional Outlet 08267,East,Traditional Trade,Small,2022-11-25,25000,45,REP028
8268,Fictional Outlet 08268,West,Ecommerce,Medium,2023-09-05,25000,30,REP029
8269,Fictional Outlet 08269,North,Wholesale,Small,2022-07-04,50000,45,REP030
8270,Fictional Outlet 08270,South,Wholesale,Large,2022-10-15,5000,45,REP031
8271,Fictional Outlet 08271,East,Modern Trade,Large,2022-10-30,10000,15,REP032
8272,Fictional Outlet 08272,West,Wholesale,Medium,2022-05-30,10000,60,REP033
8273,Fictional Outlet 08273,North,Modern Trade,Large,2022-01-31,5000,15,REP034
8274,Fictional Outlet 08274,South,Traditional Trade,Medium,2022-06-20,10000,60,REP035
8275,Fictional Outlet 08275,East,Modern Trade,Large,2023-01-11,5000,45,REP036
8276,Fictional Outlet 08276,West,Traditional Trade,Small,2023-06-08,5000,15,REP037
8277,Fictional Outlet 08277,North,Traditional Trade,Large,2022-06-08,5000,60,REP038
8278,Fictional Outlet 08278,South,Traditional Trade,Small,2023-08-13,10000,60,REP039
8279,Fictional Outlet 08279,East,Modern Trade,Small,2023-04-03,5000,30,REP040
8280,Fictional Outlet 08280,West,Modern Trade,Medium,2023-11-30,25000,30,REP041
8281,Fictional Outlet 08281,North,Modern Trade,Medium,2023-11-30,25000,45,REP042
8282,Fictional Outlet 08282,South,Traditional Trade,Large,2023-07-15,50000,60,REP043
8283,Fictional Outlet 08283,East,Traditional Trade,Large,2022-02-15,5000,30,REP044
8284,Fictional Outlet 08284,West,Ecommerce,Large,2022-07-06,5000,60,REP045
8285,Fictional Outlet 08285,North,Traditional Trade,Medium,2023-08-29,50000,30,REP046
8286,Fictional Outlet 08286,South,Traditional Trade,Large,2023-02-01,5000,60,REP047
8287,Fictional Outlet 08287,East,Traditional Trade,Small,2022-03-23,5000,60,REP048
8288,Fictional Outlet 08288,West,Traditional Trade,Small,2023-06-13,5000,30,REP049
8289,Fictional Outlet 08289,North,Traditional Trade,Small,2022-01-07,10000,45,REP050
8290,Fictional Outlet 08290,South,Traditional Trade,Small,2023-10-31,25000,30,REP051
8291,Fictional Outlet 08291,East,Traditional Trade,Medium,2022-11-28,25000,15,REP052
8292,Fictional Outlet 08292,West,Traditional Trade,Small,2023-08-30,25000,45,REP053
8293,Fictional Outlet 08293,North,Traditional Trade,Medium,2022-02-01,25000,60,REP054
8294,Fictional Outlet 08294,South,Traditional Trade,Large,2022-01-22,25000,45,REP055
8295,Fictional Outlet 08295,East,Traditional Trade,Small,2023-08-16,50000,30,REP056
8296,Fictional Outlet 08296,West,Traditional Trade,Small,2022-08-21,25000,45,REP057
8297,Fictional Outlet 08297,North,Wholesale,Medium,2022-10-13,5000,45,REP058
8298,Fictional Outlet 08298,South,Traditional Trade,Large,2022-06-04,25000,45,REP059
8299,Fictional Outlet 08299,East,Traditional Trade,Large,2023-10-02,5000,60,REP060
8300,Fictional Outlet 08300,West,Wholesale,Small,2022-12-18,25000,15,REP061
8301,Fictional Outlet 08301,North,Ecommerce,Small,2023-11-15,5000,60,REP062
8302,Fictional Outlet 08302,South,Wholesale,Medium,2023-09-08,25000,15,REP063
8303,Fictional Outlet 08303,East,Modern Trade,Large,2022-05-01,50000,30,REP064
8304,Fictional Outlet 08304,West,Ecommerce,Large,2022-04-15,25000,60,REP065
8305,Fictional Outlet 08305,North,Modern Trade,Small,2023-04-03,25000,15,REP066
8306,Fictional Outlet 08306,South,Traditional Trade,Small,2022-08-24,25000,60,REP067
8307,Fictional Outlet 08307,East,Traditional Trade,Large,2022-04-26,5000,30,REP068
8308,Fictional Outlet 08308,West,Traditional Trade,Medium,2022-05-24,10000,45,REP069
8309,Fictional Outlet 08309,North,Traditional Trade,Medium,2022-06-03,5000,15,REP070
8310,Fictional Outlet 08310,South,Traditional Trade,Large,2022-10-04,50000,15,REP071
8311,Fictional Outlet 08311,East,Modern Trade,Medium,2022-02-18,5000,45,REP072
8312,Fictional Outlet 08312,West,Traditional Trade,Large,2022-08-02,50000,30,REP073
8313,Fictional Outlet 08313,North,Traditional Trade,Medium,2023-03-17,10000,30,REP074
8314,Fictional Outlet 08314,South,Traditional Trade,Medium,2022-02-10,10000,60,REP075
8315,Fictional Outlet 08315,East,Modern Trade,Large,2023-07-13,50000,60,REP076
8316,Fictional Outlet 08316,West,Traditional Trade,Large,2022-11-27,50000,15,REP077
8317,Fictional Outlet 08317,North,Traditional Trade,Small,2022-10-06,10000,60,REP078
8318,Fictional Outlet 08318,South,Wholesale,Small,2022-09-25,10000,45,REP079
8319,Fictional Outlet 08319,East,Traditional Trade,Large,2023-06-27,10000,15,REP080
8320,Fictional Outlet 08320,West,Traditional Trade,Medium,2022-10-11,10000,45,REP001
8321,Fictional Outlet 08321,North,Wholesale,Small,2022-05-23,25000,60,REP002
8322,Fictional Outlet 08322,South,Traditional Trade,Medium,2023-05-25,10000,30,REP003
8323,Fictional Outlet 08323,East,Modern Trade,Large,2022-03-21,10000,15,REP004
8324,Fictional Outlet 08324,West,Modern Trade,Large,2023-05-17,50000,60,REP005
8325,Fictional Outlet 08325,North,Modern Trade,Medium,2022-07-06,25000,60,REP006
8326,Fictional Outlet 08326,South,Traditional Trade,Medium,2023-04-21,5000,30,REP007
8327,Fictional Outlet 08327,East,Traditional Trade,Large,2023-05-24,25000,15,REP008
8328,Fictional Outlet 08328,West,Wholesale,Large,2023-07-20,50000,45,REP009
8329,Fictional Outlet 08329,North,Wholesale,Large,2022-01-03,5000,15,REP010
8330,Fictional Outlet 08330,South,Traditional Trade,Medium,2023-12-14,5000,60,REP011
8331,Fictional Outlet 08331,East,Modern Trade,Medium,2022-02-15,10000,60,REP012
8332,Fictional Outlet 08332,West,Traditional Trade,Small,2022-05-09,5000,45,REP013
8333,Fictional Outlet 08333,North,Traditional Trade,Small,2022-07-30,50000,15,REP014
8334,Fictional Outlet 08334,South,Traditional Trade,Medium,2022-12-30,5000,15,REP015
8335,Fictional Outlet 08335,East,Traditional Trade,Small,2022-09-09,10000,60,REP016
8336,Fictional Outlet 08336,West,Modern Trade,Large,2023-08-05,10000,45,REP017
8337,Fictional Outlet 08337,North,Modern Trade,Small,2023-07-15,25000,30,REP018
8338,Fictional Outlet 08338,South,Traditional Trade,Large,2023-11-13,50000,45,REP019
8339,Fictional Outlet 08339,East,Modern Trade,Large,2023-11-11,5000,45,REP020
8340,Fictional Outlet 08340,West,Traditional Trade,Small,2022-03-02,5000,30,REP021
8341,Fictional Outlet 08341,North,Traditional Trade,Medium,2023-03-22,25000,60,REP022
8342,Fictional Outlet 08342,South, TRADITIONAL TRADE ,Medium,2022-04-18,25000,45,REP023
8343,Fictional Outlet 08343,East,Traditional Trade,Small,2022-05-02,10000,60,REP024
8344,Fictional Outlet 08344,West,Traditional Trade,Large,2023-10-14,10000,45,REP025
8345,Fictional Outlet 08345,North,Wholesale,Small,2022-03-20,25000,15,REP026
8346,Fictional Outlet 08346,South,Traditional Trade,Medium,2023-09-24,50000,15,REP027
8347,Fictional Outlet 08347,East,Traditional Trade,Medium,2023-01-23,50000,15,REP028
8348,Fictional Outlet 08348,West,Traditional Trade,Small,2022-03-29,10000,45,REP029
8349,Fictional Outlet 08349,North,Traditional Trade,Small,2023-11-28,5000,15,REP030
8350,Fictional Outlet 08350,South,Wholesale,Small,2023-01-29,10000,60,REP031
8351,Fictional Outlet 08351,East,Traditional Trade,Medium,2022-12-22,25000,15,REP032
8352,Fictional Outlet 08352,West,Modern Trade,Large,2022-02-11,5000,30,REP033
8353,Fictional Outlet 08353,North,Traditional Trade,Medium,2023-10-05,50000,30,REP034
8354,Fictional Outlet 08354,South,Traditional Trade,Medium,2022-12-09,10000,30,REP035
8355,Fictional Outlet 08355,East,Traditional Trade,Medium,2022-05-19,50000,15,REP036
8356,Fictional Outlet 08356,West,Traditional Trade,Large,2023-03-25,10000,30,REP037
8357,Fictional Outlet 08357,North,Traditional Trade,Large,2022-06-04,10000,45,REP038
8358,Fictional Outlet 08358,South,Wholesale,Medium,2022-11-12,5000,30,REP039
8359,Fictional Outlet 08359,East,Traditional Trade,Medium,2022-02-01,50000,15,REP040
8360,Fictional Outlet 08360,West,Traditional Trade,Large,2022-07-23,25000,60,REP041
8361,Fictional Outlet 08361,North,Modern Trade,Large,2023-03-12,10000,45,REP042
8362,Fictional Outlet 08362,South,Wholesale,Large,2023-03-31,25000,30,
8363,Fictional Outlet 08363,East,Traditional Trade,Large,2022-12-20,10000,15,REP044
8364,Fictional Outlet 08364,West,Modern Trade,Medium,2023-01-03,10000,45,REP045
8365,Fictional Outlet 08365,North,Traditional Trade,Small,2023-04-20,10000,45,REP046
8366,Fictional Outlet 08366,South,Traditional Trade,Small,2022-11-28,50000,15,REP047
8367,Fictional Outlet 08367,East,Traditional Trade,Medium,2023-08-06,25000,30,REP048
8368,Fictional Outlet 08368,West,Modern Trade,Large,2022-02-02,25000,15,REP049
8369,Fictional Outlet 08369,North,Ecommerce,Large,2022-03-29,5000,60,REP050
8370,Fictional Outlet 08370,South,Traditional Trade,Large,2023-08-11,50000,45,REP051
8371,Fictional Outlet 08371,East,Modern Trade,Large,2022-01-26,25000,45,REP052
8372,Fictional Outlet 08372,West,Traditional Trade,Large,2022-12-31,50000,30,REP053
8373,Fictional Outlet 08373,North,Traditional Trade,Large,2023-12-16,5000,60,REP054
8374,Fictional Outlet 08374,South,Modern Trade,Large,2022-06-15,5000,60,REP055
8375,Fictional Outlet 08375,East,Traditional Trade,Small,2022-11-10,10000,45,REP056
8376,Fictional Outlet 08376,West,Modern Trade,Medium,2022-06-20,10000,45,REP057
8377,Fictional Outlet 08377,North,Wholesale,Small,2023-04-21,5000,30,REP058
8378,Fictional Outlet 08378,South,Wholesale,Medium,2022-12-02,25000,30,REP059
8379,Fictional Outlet 08379,East,Modern Trade,Small,2023-07-28,5000,15,REP060
8380,Fictional Outlet 08380,West,Traditional Trade,Small,2023-08-25,50000,45,REP061
8381,Fictional Outlet 08381,North,Ecommerce,Small,2022-08-29,10000,60,REP062
8382,Fictional Outlet 08382,South,Wholesale,Small,2023-11-20,5000,30,REP063
8383,Fictional Outlet 08383,East,Wholesale,Small,2022-09-12,10000,30,REP064
8384,Fictional Outlet 08384,West,Traditional Trade,Small,2023-01-27,10000,15,REP065
8385,Fictional Outlet 08385,North,Wholesale,Medium,2022-04-14,5000,15,REP066
8386,Fictional Outlet 08386,South,Traditional Trade,Small,2023-11-02,50000,15,REP067
8387,Fictional Outlet 08387,East,Traditional Trade,Large,2022-03-24,50000,15,REP068
8388,Fictional Outlet 08388,West,Traditional Trade,Small,2023-06-22,5000,15,REP069
8389,Fictional Outlet 08389,North,Modern Trade,Small,2023-02-20,5000,30,REP070
8390,Fictional Outlet 08390,South,Traditional Trade,Large,2022-02-10,10000,45,REP071
8391,Fictional Outlet 08391,East,Wholesale,Small,2023-06-18,50000,15,REP072
8392,Fictional Outlet 08392,West,Ecommerce,Large,2023-02-24,25000,15,REP073
8393,Fictional Outlet 08393,North,Modern Trade,Small,2022-03-10,10000,45,REP074
8394,Fictional Outlet 08394,South,Traditional Trade,Small,2023-08-14,25000,15,REP075
8395,Fictional Outlet 08395,East,Modern Trade,Medium,2022-05-15,50000,45,REP076
8396,Fictional Outlet 08396,West,Wholesale,Large,2022-01-15,50000,45,REP077
8397,Fictional Outlet 08397,North,Modern Trade,Small,2023-04-21,5000,30,REP078
8398,Fictional Outlet 08398,South,Ecommerce,Medium,2023-02-02,5000,30,REP079
8399,Fictional Outlet 08399,East,Traditional Trade,Small,2022-07-10,25000,60,REP080
8400,Fictional Outlet 08400,West,Traditional Trade,Large,2022-03-25,25000,15,REP001
8401,Fictional Outlet 08401,North,Traditional Trade,Large,2022-07-06,25000,30,REP002
8402,Fictional Outlet 08402,South,Modern Trade,Small,2022-07-12,25000,45,REP003
8403,Fictional Outlet 08403,East,Wholesale,Medium,2023-05-28,25000,60,REP004
8404,Fictional Outlet 08404,West,Modern Trade,Medium,2022-01-18,5000,15,REP005
8405,Fictional Outlet 08405,North,Wholesale,Large,2023-02-25,25000,45,REP006
8406,Fictional Outlet 08406,South,Traditional Trade,Medium,2022-02-25,10000,45,REP007
8407,Fictional Outlet 08407,East,Modern Trade,Large,2022-01-18,25000,30,REP008
8408,Fictional Outlet 08408,West,Wholesale,Medium,2023-04-04,5000,15,REP009
8409,Fictional Outlet 08409,North,Modern Trade,Medium,2022-04-28,25000,45,REP010
8410,Fictional Outlet 08410,South,Traditional Trade,Small,2022-08-15,5000,45,REP011
8411,Fictional Outlet 08411,East,Traditional Trade,Small,2023-08-07,10000,60,REP012
8412,Fictional Outlet 08412,West,Traditional Trade,Medium,2022-09-30,5000,60,REP013
8413,Fictional Outlet 08413,North,Wholesale,Medium,2022-05-27,5000,60,REP014
8414,Fictional Outlet 08414,South,Traditional Trade,Large,2022-12-30,10000,45,REP015
8415,Fictional Outlet 08415,East,Modern Trade,Medium,2022-02-18,25000,15,REP016
8416,Fictional Outlet 08416,West,Traditional Trade,Large,2023-08-06,25000,15,REP017
8417,Fictional Outlet 08417,North,Traditional Trade,Medium,2023-06-14,50000,30,REP018
8418,Fictional Outlet 08418,South,Traditional Trade,Small,2022-08-11,50000,30,REP019
8419,Fictional Outlet 08419,East,Traditional Trade,Medium,2023-10-01,25000,30,REP020
8420,Fictional Outlet 08420,West,Traditional Trade,Medium,2022-08-20,50000,45,REP021
8421,Fictional Outlet 08421,North,Wholesale,Small,2023-02-17,25000,60,REP022
8422,Fictional Outlet 08422,South,Traditional Trade,Medium,2023-07-11,10000,45,REP023
8423,Fictional Outlet 08423,East,Ecommerce,Small,2022-09-30,10000,30,REP024
8424,Fictional Outlet 08424,West,Modern Trade,Small,2022-06-21,5000,45,REP025
8425,Fictional Outlet 08425,North,Traditional Trade,Medium,2022-09-23,50000,30,REP026
8426,Fictional Outlet 08426,South,Traditional Trade,Large,2023-06-20,50000,45,REP027
8427,Fictional Outlet 08427,East,Ecommerce,Medium,2023-01-22,5000,30,REP028
8428,Fictional Outlet 08428,West,Traditional Trade,Small,2023-05-10,10000,60,REP029
8429,Fictional Outlet 08429,North,Traditional Trade,Small,2023-10-31,50000,30,REP030
8430,Fictional Outlet 08430,South,Wholesale,Small,2023-02-06,5000,60,REP031
8431,Fictional Outlet 08431,East,Ecommerce,Large,2023-09-12,25000,30,REP032
8432,Fictional Outlet 08432,West,Traditional Trade,Medium,2023-04-25,50000,15,REP033
8433,Fictional Outlet 08433,North,Modern Trade,Small,2023-12-18,10000,60,REP034
8434,Fictional Outlet 08434,South,Modern Trade,Small,2022-09-02,25000,30,REP035
8435,Fictional Outlet 08435,East,Traditional Trade,Medium,2022-08-28,5000,45,REP036
8436,Fictional Outlet 08436,West,Traditional Trade,Medium,2022-11-17,50000,45,REP037
8437,Fictional Outlet 08437,North,Modern Trade,Small,2023-04-07,50000,45,REP038
8438,Fictional Outlet 08438,South,Wholesale,Small,2022-01-05,5000,15,REP039
8439,Fictional Outlet 08439,East, ECOMMERCE ,Large,2022-02-13,5000,45,REP040
8440,Fictional Outlet 08440,West,Wholesale,Medium,2023-01-06,5000,15,REP041
8441,Fictional Outlet 08441,North,Traditional Trade,Small,2023-03-17,50000,45,REP042
8442,Fictional Outlet 08442,South,Wholesale,Large,2022-06-07,5000,60,REP043
8443,Fictional Outlet 08443,East,Traditional Trade,Medium,2023-07-11,10000,45,REP044
8444,Fictional Outlet 08444,West,Wholesale,Large,2023-10-03,25000,30,REP045
8445,Fictional Outlet 08445,North,Modern Trade,Large,2023-03-29,50000,60,REP046
8446,Fictional Outlet 08446,South,Traditional Trade,Small,2022-03-19,5000,45,REP047
8447,Fictional Outlet 08447,East,Traditional Trade,Medium,2023-12-11,25000,30,REP048
8448,Fictional Outlet 08448,West,Traditional Trade,Large,2023-08-31,5000,45,REP049
8449,Fictional Outlet 08449,North,Traditional Trade,Medium,2022-06-09,5000,30,REP050
8450,Fictional Outlet 08450,South,Traditional Trade,Small,2022-02-25,10000,30,REP051
8451,Fictional Outlet 08451,East,Traditional Trade,Small,2022-07-23,10000,45,REP052
8452,Fictional Outlet 08452,West,Modern Trade,Small,2022-02-20,25000,15,REP053
8453,Fictional Outlet 08453,North,Wholesale,Medium,2022-06-14,5000,15,REP054
8454,Fictional Outlet 08454,South,Wholesale,Medium,2023-09-21,25000,15,REP055
8455,Fictional Outlet 08455,East,Traditional Trade,Small,2023-12-24,25000,45,REP056
8456,Fictional Outlet 08456,West,Modern Trade,Small,2022-01-16,5000,60,REP057
8457,Fictional Outlet 08457,North,Modern Trade,Small,2023-04-20,50000,60,REP058
8458,Fictional Outlet 08458,South,Wholesale,Small,2023-03-15,25000,60,REP059
8459,Fictional Outlet 08459,East,Traditional Trade,Large,2022-10-12,5000,60,REP060
8460,Fictional Outlet 08460,West,Modern Trade,Large,2023-07-20,50000,15,REP061
8461,Fictional Outlet 08461,North,Traditional Trade,Large,2022-05-19,10000,30,REP062
8462,Fictional Outlet 08462,South,Traditional Trade,Large,2023-05-29,50000,60,REP063
8463,Fictional Outlet 08463,East,Wholesale,Large,2022-09-25,5000,30,REP064
8464,Fictional Outlet 08464,West,Traditional Trade,Small,2022-03-11,10000,45,REP065
8465,Fictional Outlet 08465,North,Traditional Trade,Medium,2023-03-23,50000,30,REP066
8466,Fictional Outlet 08466,South,Traditional Trade,Large,2022-04-17,25000,30,REP067
8467,Fictional Outlet 08467,East,Traditional Trade,Medium,2022-05-11,10000,60,REP068
8468,Fictional Outlet 08468,West,Traditional Trade,Medium,2022-11-26,5000,30,REP069
8469,Fictional Outlet 08469,North,Traditional Trade,Medium,2023-06-11,5000,15,REP070
8470,Fictional Outlet 08470,South,Traditional Trade,Medium,2023-05-21,10000,15,REP071
8471,Fictional Outlet 08471,East,Traditional Trade,Large,2022-12-16,5000,30,REP072
8472,Fictional Outlet 08472,West,Traditional Trade,Medium,2022-07-04,25000,60,REP073
8473,Fictional Outlet 08473,North,Wholesale,Medium,2023-08-12,10000,45,REP074
8474,Fictional Outlet 08474,South,Modern Trade,Large,2023-11-21,25000,60,REP075
8475,Fictional Outlet 08475,East,Traditional Trade,Large,2022-07-01,50000,15,
8476,Fictional Outlet 08476,West,Traditional Trade,Medium,2023-08-07,25000,15,REP077
8477,Fictional Outlet 08477,North,Modern Trade,Large,2022-07-16,5000,45,REP078
8478,Fictional Outlet 08478,South,Traditional Trade,Medium,2022-08-20,50000,15,REP079
8479,Fictional Outlet 08479,East,Traditional Trade,Large,2022-09-01,25000,30,REP080
8480,Fictional Outlet 08480,West,Traditional Trade,Large,2023-08-19,50000,45,REP001
8481,Fictional Outlet 08481,North,Wholesale,Small,2023-06-07,50000,15,REP002
8482,Fictional Outlet 08482,South,Wholesale,Medium,2023-06-07,5000,45,REP003
8483,Fictional Outlet 08483,East,Traditional Trade,Medium,2022-01-08,25000,45,REP004
8484,Fictional Outlet 08484,West,Traditional Trade,Medium,2023-12-04,25000,60,REP005
8485,Fictional Outlet 08485,North,Traditional Trade,Large,2022-11-17,5000,15,REP006
8486,Fictional Outlet 08486,South,Traditional Trade,Large,2023-02-12,5000,45,REP007
8487,Fictional Outlet 08487,East,Traditional Trade,Small,2023-12-06,10000,60,REP008
8488,Fictional Outlet 08488,West,Traditional Trade,Large,2023-07-21,50000,15,REP009
8489,Fictional Outlet 08489,North,Ecommerce,Small,2022-10-31,5000,60,REP010
8490,Fictional Outlet 08490,South,Ecommerce,Small,2023-11-19,50000,45,REP011
8491,Fictional Outlet 08491,East,Traditional Trade,Large,2023-11-12,5000,30,REP012
8492,Fictional Outlet 08492,West,Traditional Trade,Medium,2023-03-23,25000,15,REP013
8493,Fictional Outlet 08493,North,Wholesale,Medium,2023-02-23,5000,30,REP014
8494,Fictional Outlet 08494,South,Wholesale,Small,2023-05-15,50000,15,REP015
8495,Fictional Outlet 08495,East,Traditional Trade,Small,2023-11-19,5000,60,REP016
8496,Fictional Outlet 08496,West,Wholesale,Medium,2022-05-21,25000,45,REP017
8497,Fictional Outlet 08497,North,Traditional Trade,Large,2023-07-14,10000,60,REP018
8498,Fictional Outlet 08498,South,Modern Trade,Small,2023-02-02,10000,30,REP019
8499,Fictional Outlet 08499,East,Traditional Trade,Large,2022-12-16,50000,60,REP020
8500,Fictional Outlet 08500,West,Traditional Trade,Small,2022-11-15,25000,15,REP021
8501,Fictional Outlet 08501,North,Modern Trade,Small,2023-04-15,25000,30,REP022
8502,Fictional Outlet 08502,South,Wholesale,Small,2022-07-15,25000,15,REP023
8503,Fictional Outlet 08503,East,Wholesale,Medium,2023-11-14,25000,60,REP024
8504,Fictional Outlet 08504,West,Traditional Trade,Large,2023-08-07,5000,60,REP025
8505,Fictional Outlet 08505,North,Traditional Trade,Medium,2022-07-14,10000,30,REP026
8506,Fictional Outlet 08506,South,Traditional Trade,Large,2022-08-12,25000,60,REP027
8507,Fictional Outlet 08507,East,Traditional Trade,Small,2023-05-18,5000,30,REP028
8508,Fictional Outlet 08508,West,Traditional Trade,Small,2022-11-26,5000,45,REP029
8509,Fictional Outlet 08509,North,Modern Trade,Small,2022-05-19,5000,15,REP030
8510,Fictional Outlet 08510,South,Wholesale,Medium,2022-06-05,10000,45,REP031
8511,Fictional Outlet 08511,East,Modern Trade,Large,2022-11-23,50000,15,REP032
8512,Fictional Outlet 08512,West,Modern Trade,Large,2023-11-10,50000,60,REP033
8513,Fictional Outlet 08513,North,Traditional Trade,Large,2023-09-08,25000,15,REP034
8514,Fictional Outlet 08514,South,Traditional Trade,Small,2023-11-04,50000,60,REP035
8515,Fictional Outlet 08515,East,Traditional Trade,Small,2023-02-14,5000,60,REP036
8516,Fictional Outlet 08516,West,Ecommerce,Small,2023-10-02,5000,15,REP037
8517,Fictional Outlet 08517,North,Modern Trade,Small,2023-01-30,25000,60,REP038
8518,Fictional Outlet 08518,South,Modern Trade,Large,2022-09-03,25000,30,REP039
8519,Fictional Outlet 08519,East,Traditional Trade,Large,2022-03-16,25000,30,REP040
8520,Fictional Outlet 08520,West,Traditional Trade,Medium,2023-08-13,25000,60,REP041
8521,Fictional Outlet 08521,North,Traditional Trade,Medium,2023-05-17,50000,15,REP042
8522,Fictional Outlet 08522,South,Traditional Trade,Small,2022-04-26,5000,60,REP043
8523,Fictional Outlet 08523,East,Traditional Trade,Large,2022-06-12,5000,15,REP044
8524,Fictional Outlet 08524,West,Modern Trade,Medium,2023-03-11,25000,15,REP045
8525,Fictional Outlet 08525,North,Traditional Trade,Small,2022-08-10,5000,60,REP046
8526,Fictional Outlet 08526,South,Modern Trade,Small,2023-06-02,50000,45,REP047
8527,Fictional Outlet 08527,East,Modern Trade,Large,2022-04-21,50000,30,REP048
8528,Fictional Outlet 08528,West,Traditional Trade,Medium,2022-02-13,50000,30,REP049
8529,Fictional Outlet 08529,North,Traditional Trade,Large,2022-12-25,25000,15,REP050
8530,Fictional Outlet 08530,South,Traditional Trade,Small,2023-02-17,5000,45,REP051
8531,Fictional Outlet 08531,East,Traditional Trade,Medium,2022-09-09,10000,30,REP052
8532,Fictional Outlet 08532,West,Traditional Trade,Small,2022-01-18,50000,30,REP053
8533,Fictional Outlet 08533,North,Ecommerce,Large,2022-06-30,25000,15,REP054
8534,Fictional Outlet 08534,South,Wholesale,Small,2022-09-13,50000,60,REP055
8535,Fictional Outlet 08535,East,Modern Trade,Medium,2022-11-30,5000,60,REP056
8536,Fictional Outlet 08536,West, TRADITIONAL TRADE ,Medium,2022-01-01,25000,60,REP057
8537,Fictional Outlet 08537,North,Traditional Trade,Medium,2022-06-28,5000,30,REP058
8538,Fictional Outlet 08538,South,Traditional Trade,Large,2022-06-05,10000,60,REP059
8539,Fictional Outlet 08539,East,Modern Trade,Small,2022-10-14,25000,60,REP060
8540,Fictional Outlet 08540,West,Wholesale,Medium,2023-06-08,50000,15,REP061
8541,Fictional Outlet 08541,North,Traditional Trade,Large,2023-09-24,10000,45,REP062
8542,Fictional Outlet 08542,South,Modern Trade,Small,2022-02-20,10000,15,REP063
8543,Fictional Outlet 08543,East,Modern Trade,Small,2023-12-11,25000,15,REP064
8544,Fictional Outlet 08544,West,Traditional Trade,Medium,2023-11-17,50000,15,REP065
8545,Fictional Outlet 08545,North,Traditional Trade,Large,2023-08-05,5000,30,REP066
8546,Fictional Outlet 08546,South,Traditional Trade,Small,2022-03-21,25000,15,REP067
8547,Fictional Outlet 08547,East,Traditional Trade,Small,2023-02-10,25000,15,REP068
8548,Fictional Outlet 08548,West,Traditional Trade,Large,2023-11-16,5000,60,REP069
8549,Fictional Outlet 08549,North,Traditional Trade,Medium,2023-01-11,50000,30,REP070
8550,Fictional Outlet 08550,South,Modern Trade,Medium,2022-08-22,5000,60,REP071
8551,Fictional Outlet 08551,East,Modern Trade,Small,2023-04-13,50000,60,REP072
8552,Fictional Outlet 08552,West,Traditional Trade,Large,2023-06-26,5000,15,REP073
8553,Fictional Outlet 08553,North,Wholesale,Medium,2023-07-12,25000,15,REP074
8554,Fictional Outlet 08554,South,Traditional Trade,Medium,2022-11-16,25000,45,REP075
8555,Fictional Outlet 08555,East,Modern Trade,Small,2022-08-01,25000,30,REP076
8556,Fictional Outlet 08556,West,Traditional Trade,Medium,2023-09-22,25000,15,REP077
8557,Fictional Outlet 08557,North,Modern Trade,Medium,2022-07-24,25000,15,REP078
8558,Fictional Outlet 08558,South,Traditional Trade,Large,2022-07-13,10000,45,REP079
8559,Fictional Outlet 08559,East,Traditional Trade,Large,2022-10-18,25000,30,REP080
8560,Fictional Outlet 08560,West,Ecommerce,Small,2023-02-28,5000,60,REP001
8561,Fictional Outlet 08561,North,Traditional Trade,Medium,2022-02-09,10000,15,REP002
8562,Fictional Outlet 08562,South,Traditional Trade,Small,2023-11-01,25000,60,REP003
8563,Fictional Outlet 08563,East,Traditional Trade,Medium,2023-04-09,50000,60,REP004
8564,Fictional Outlet 08564,West,Traditional Trade,Small,2023-09-09,5000,60,REP005
8565,Fictional Outlet 08565,North,Traditional Trade,Medium,2023-05-19,25000,15,REP006
8566,Fictional Outlet 08566,South,Traditional Trade,Medium,2023-02-01,10000,15,REP007
8567,Fictional Outlet 08567,East,Ecommerce,Small,2022-05-26,25000,30,REP008
8568,Fictional Outlet 08568,West,Ecommerce,Medium,2023-02-19,5000,60,REP009
8569,Fictional Outlet 08569,North,Modern Trade,Large,2023-08-07,5000,15,REP010
8570,Fictional Outlet 08570,South,Traditional Trade,Small,2022-08-17,10000,30,REP011
8571,Fictional Outlet 08571,East,Traditional Trade,Large,2022-04-08,10000,30,REP012
8572,Fictional Outlet 08572,West,Wholesale,Small,2022-06-17,50000,15,REP013
8573,Fictional Outlet 08573,North,Wholesale,Small,2023-07-25,10000,45,REP014
8574,Fictional Outlet 08574,South,Wholesale,Medium,2023-01-27,25000,60,REP015
8575,Fictional Outlet 08575,East,Traditional Trade,Medium,2022-12-30,25000,30,REP016
8576,Fictional Outlet 08576,West,Traditional Trade,Small,2023-08-18,5000,45,REP017
8577,Fictional Outlet 08577,North,Traditional Trade,Medium,2023-02-01,25000,30,REP018
8578,Fictional Outlet 08578,South,Traditional Trade,Small,2022-10-25,25000,15,REP019
8579,Fictional Outlet 08579,East,Traditional Trade,Large,2023-10-27,50000,45,REP020
8580,Fictional Outlet 08580,West,Traditional Trade,Large,2023-09-07,25000,30,REP021
8581,Fictional Outlet 08581,North,Modern Trade,Large,2023-05-01,10000,15,REP022
8582,Fictional Outlet 08582,South,Traditional Trade,Small,2022-01-09,5000,30,REP023
8583,Fictional Outlet 08583,East,Wholesale,Medium,2023-10-29,5000,15,REP024
8584,Fictional Outlet 08584,West,Modern Trade,Medium,2023-02-16,5000,15,REP025
8585,Fictional Outlet 08585,North,Wholesale,Large,2022-04-11,25000,15,REP026
8586,Fictional Outlet 08586,South,Ecommerce,Medium,2023-04-17,50000,60,REP027
8587,Fictional Outlet 08587,East,Traditional Trade,Medium,2022-06-30,5000,60,REP028
8588,Fictional Outlet 08588,West,Wholesale,Large,2023-05-26,25000,15,
8589,Fictional Outlet 08589,North,Traditional Trade,Medium,2023-09-29,5000,45,REP030
8590,Fictional Outlet 08590,South,Traditional Trade,Large,2022-04-16,5000,30,REP031
8591,Fictional Outlet 08591,East,Traditional Trade,Small,2022-11-16,10000,45,REP032
8592,Fictional Outlet 08592,West,Wholesale,Medium,2023-08-09,25000,45,REP033
8593,Fictional Outlet 08593,North,Traditional Trade,Medium,2023-02-22,10000,60,REP034
8594,Fictional Outlet 08594,South,Traditional Trade,Small,2022-05-24,25000,30,REP035
8595,Fictional Outlet 08595,East,Traditional Trade,Small,2023-06-06,25000,15,REP036
8596,Fictional Outlet 08596,West,Modern Trade,Medium,2022-03-14,10000,45,REP037
8597,Fictional Outlet 08597,North,Wholesale,Medium,2022-04-17,5000,45,REP038
8598,Fictional Outlet 08598,South,Modern Trade,Small,2022-08-22,25000,30,REP039
8599,Fictional Outlet 08599,East,Traditional Trade,Medium,2022-04-29,10000,30,REP040
8600,Fictional Outlet 08600,West,Traditional Trade,Medium,2022-12-18,25000,45,REP041
8601,Fictional Outlet 08601,North,Traditional Trade,Medium,2023-03-08,50000,30,REP042
8602,Fictional Outlet 08602,South,Traditional Trade,Medium,2022-07-24,50000,60,REP043
8603,Fictional Outlet 08603,East,Modern Trade,Large,2022-11-09,50000,15,REP044
8604,Fictional Outlet 08604,West,Traditional Trade,Small,2023-07-05,25000,15,REP045
8605,Fictional Outlet 08605,North,Modern Trade,Medium,2022-09-01,25000,45,REP046
8606,Fictional Outlet 08606,South,Traditional Trade,Small,2023-03-23,25000,60,REP047
8607,Fictional Outlet 08607,East,Modern Trade,Medium,2022-10-15,25000,60,REP048
8608,Fictional Outlet 08608,West,Traditional Trade,Medium,2022-08-24,50000,15,REP049
8609,Fictional Outlet 08609,North,Traditional Trade,Large,2022-07-23,5000,60,REP050
8610,Fictional Outlet 08610,South,Wholesale,Large,2023-02-13,50000,30,REP051
8611,Fictional Outlet 08611,East,Modern Trade,Large,2022-09-28,10000,30,REP052
8612,Fictional Outlet 08612,West,Traditional Trade,Large,2023-05-30,50000,30,REP053
8613,Fictional Outlet 08613,North,Traditional Trade,Medium,2023-10-22,5000,30,REP054
8614,Fictional Outlet 08614,South,Traditional Trade,Large,2023-02-20,50000,15,REP055
8615,Fictional Outlet 08615,East,Traditional Trade,Large,2022-08-11,10000,60,REP056
8616,Fictional Outlet 08616,West,Traditional Trade,Large,2023-06-11,25000,30,REP057
8617,Fictional Outlet 08617,North,Traditional Trade,Medium,2022-01-19,10000,30,REP058
8618,Fictional Outlet 08618,South,Modern Trade,Medium,2022-04-11,10000,15,REP059
8619,Fictional Outlet 08619,East,Wholesale,Small,2022-09-07,10000,30,REP060
8620,Fictional Outlet 08620,West,Traditional Trade,Medium,2022-11-26,10000,15,REP061
8621,Fictional Outlet 08621,North,Wholesale,Small,2022-08-01,50000,60,REP062
8622,Fictional Outlet 08622,South,Traditional Trade,Medium,2023-05-18,25000,60,REP063
8623,Fictional Outlet 08623,East,Traditional Trade,Medium,2023-07-05,10000,60,REP064
8624,Fictional Outlet 08624,West,Traditional Trade,Medium,2022-02-18,50000,15,REP065
8625,Fictional Outlet 08625,North,Wholesale,Medium,2022-02-12,5000,45,REP066
8626,Fictional Outlet 08626,South,Traditional Trade,Small,2023-03-17,25000,15,REP067
8627,Fictional Outlet 08627,East,Wholesale,Large,2023-09-21,50000,60,REP068
8628,Fictional Outlet 08628,West,Traditional Trade,Small,2022-07-30,5000,15,REP069
8629,Fictional Outlet 08629,North,Wholesale,Large,2022-12-20,5000,15,REP070
8630,Fictional Outlet 08630,South,Modern Trade,Small,2023-07-09,5000,45,REP071
8631,Fictional Outlet 08631,East,Traditional Trade,Medium,2022-01-17,25000,45,REP072
8632,Fictional Outlet 08632,West,Wholesale,Medium,2022-06-04,50000,45,REP073
8633,Fictional Outlet 08633,North, TRADITIONAL TRADE ,Medium,2022-09-18,50000,30,REP074
8634,Fictional Outlet 08634,South,Traditional Trade,Medium,2022-05-11,50000,30,REP075
8635,Fictional Outlet 08635,East,Traditional Trade,Small,2023-07-28,50000,30,REP076
8636,Fictional Outlet 08636,West,Modern Trade,Large,2023-05-03,10000,60,REP077
8637,Fictional Outlet 08637,North,Traditional Trade,Medium,2023-08-11,10000,30,REP078
8638,Fictional Outlet 08638,South,Traditional Trade,Medium,2022-07-15,25000,30,REP079
8639,Fictional Outlet 08639,East,Traditional Trade,Small,2022-06-14,5000,45,REP080
8640,Fictional Outlet 08640,West,Modern Trade,Medium,2022-05-31,5000,45,REP001
8641,Fictional Outlet 08641,North,Traditional Trade,Medium,2022-06-01,10000,60,REP002
8642,Fictional Outlet 08642,South,Traditional Trade,Small,2023-05-14,5000,45,REP003
8643,Fictional Outlet 08643,East,Wholesale,Medium,2023-12-18,5000,60,REP004
8644,Fictional Outlet 08644,West,Traditional Trade,Medium,2023-05-22,50000,15,REP005
8645,Fictional Outlet 08645,North,Wholesale,Medium,2023-10-17,5000,30,REP006
8646,Fictional Outlet 08646,South,Traditional Trade,Large,2022-07-12,25000,60,REP007
8647,Fictional Outlet 08647,East,Modern Trade,Medium,2022-04-29,50000,15,REP008
8648,Fictional Outlet 08648,West,Traditional Trade,Small,2023-09-21,25000,60,REP009
8649,Fictional Outlet 08649,North,Traditional Trade,Large,2023-05-27,5000,15,REP010
8650,Fictional Outlet 08650,South,Traditional Trade,Medium,2022-02-13,10000,30,REP011
8651,Fictional Outlet 08651,East,Traditional Trade,Large,2022-10-05,50000,60,REP012
8652,Fictional Outlet 08652,West,Wholesale,Small,2022-08-08,25000,60,REP013
8653,Fictional Outlet 08653,North,Wholesale,Medium,2022-11-28,5000,30,REP014
8654,Fictional Outlet 08654,South,Traditional Trade,Small,2023-01-16,5000,30,REP015
8655,Fictional Outlet 08655,East,Traditional Trade,Small,2023-06-25,25000,30,REP016
8656,Fictional Outlet 08656,West,Wholesale,Medium,2022-08-04,25000,60,REP017
8657,Fictional Outlet 08657,North,Traditional Trade,Small,2023-03-10,5000,60,REP018
8658,Fictional Outlet 08658,South,Traditional Trade,Medium,2023-09-06,25000,15,REP019
8659,Fictional Outlet 08659,East,Wholesale,Medium,2022-01-23,5000,60,REP020
8660,Fictional Outlet 08660,West,Traditional Trade,Small,2022-03-11,10000,30,REP021
8661,Fictional Outlet 08661,North,Traditional Trade,Medium,2023-04-12,5000,15,REP022
8662,Fictional Outlet 08662,South,Wholesale,Large,2022-12-31,25000,60,REP023
8663,Fictional Outlet 08663,East,Traditional Trade,Medium,2022-08-24,50000,15,REP024
8664,Fictional Outlet 08664,West,Traditional Trade,Small,2022-11-24,25000,30,REP025
8665,Fictional Outlet 08665,North,Traditional Trade,Medium,2022-12-12,50000,60,REP026
8666,Fictional Outlet 08666,South,Modern Trade,Large,2022-05-17,10000,15,REP027
8667,Fictional Outlet 08667,East,Modern Trade,Medium,2022-02-10,5000,15,REP028
8668,Fictional Outlet 08668,West,Traditional Trade,Small,2023-11-19,25000,60,REP029
8669,Fictional Outlet 08669,North,Traditional Trade,Medium,2023-08-21,50000,45,REP030
8670,Fictional Outlet 08670,South,Modern Trade,Medium,2022-09-09,50000,15,REP031
8671,Fictional Outlet 08671,East,Traditional Trade,Medium,2022-09-26,50000,60,REP032
8672,Fictional Outlet 08672,West,Ecommerce,Small,2023-10-22,5000,15,REP033
8673,Fictional Outlet 08673,North,Traditional Trade,Large,2022-06-16,25000,60,REP034
8674,Fictional Outlet 08674,South,Ecommerce,Small,2023-01-22,50000,30,REP035
8675,Fictional Outlet 08675,East,Traditional Trade,Small,2022-01-15,10000,60,REP036
8676,Fictional Outlet 08676,West,Wholesale,Small,2023-02-26,25000,45,REP037
8677,Fictional Outlet 08677,North,Wholesale,Large,2022-08-26,25000,60,REP038
8678,Fictional Outlet 08678,South,Ecommerce,Medium,2023-10-30,50000,45,REP039
8679,Fictional Outlet 08679,East,Traditional Trade,Medium,2023-03-04,5000,45,REP040
8680,Fictional Outlet 08680,West,Traditional Trade,Small,2022-10-31,25000,15,REP041
8681,Fictional Outlet 08681,North,Traditional Trade,Small,2022-09-10,10000,30,REP042
8682,Fictional Outlet 08682,South,Ecommerce,Medium,2023-09-27,25000,15,REP043
8683,Fictional Outlet 08683,East,Traditional Trade,Small,2023-08-28,5000,30,REP044
8684,Fictional Outlet 08684,West,Wholesale,Medium,2022-01-01,25000,30,REP045
8685,Fictional Outlet 08685,North,Traditional Trade,Medium,2023-01-09,10000,30,REP046
8686,Fictional Outlet 08686,South,Modern Trade,Medium,2022-01-18,5000,15,REP047
8687,Fictional Outlet 08687,East,Wholesale,Small,2022-10-18,25000,45,REP048
8688,Fictional Outlet 08688,West,Traditional Trade,Small,2023-06-11,50000,15,REP049
8689,Fictional Outlet 08689,North,Modern Trade,Large,2023-08-23,5000,30,REP050
8690,Fictional Outlet 08690,South,Traditional Trade,Large,2022-06-26,50000,30,REP051
8691,Fictional Outlet 08691,East,Wholesale,Medium,2022-10-09,10000,60,REP052
8692,Fictional Outlet 08692,West,Traditional Trade,Medium,2022-08-30,5000,45,REP053
8693,Fictional Outlet 08693,North,Traditional Trade,Large,2023-02-07,25000,60,REP054
8694,Fictional Outlet 08694,South,Modern Trade,Large,2023-12-13,50000,15,REP055
8695,Fictional Outlet 08695,East,Traditional Trade,Small,2023-07-16,25000,30,REP056
8696,Fictional Outlet 08696,West,Traditional Trade,Medium,2023-01-16,5000,15,REP057
8697,Fictional Outlet 08697,North,Traditional Trade,Medium,2023-04-09,10000,30,REP058
8698,Fictional Outlet 08698,South,Traditional Trade,Large,2023-11-30,10000,15,REP059
8699,Fictional Outlet 08699,East,Traditional Trade,Large,2022-07-29,5000,15,REP060
8700,Fictional Outlet 08700,West,Traditional Trade,Medium,2022-03-18,5000,30,REP061
8701,Fictional Outlet 08701,North,Ecommerce,Small,2022-03-28,50000,30,
8702,Fictional Outlet 08702,South,Wholesale,Medium,2023-12-27,25000,15,REP063
8703,Fictional Outlet 08703,East,Traditional Trade,Medium,2023-05-12,10000,30,REP064
8704,Fictional Outlet 08704,West,Ecommerce,Small,2023-04-25,25000,45,REP065
8705,Fictional Outlet 08705,North,Wholesale,Large,2023-06-23,5000,45,REP066
8706,Fictional Outlet 08706,South,Ecommerce,Medium,2023-02-17,5000,45,REP067
8707,Fictional Outlet 08707,East,Ecommerce,Small,2023-08-29,50000,60,REP068
8708,Fictional Outlet 08708,West,Traditional Trade,Large,2023-03-20,25000,45,REP069
8709,Fictional Outlet 08709,North,Traditional Trade,Small,2022-03-18,10000,60,REP070
8710,Fictional Outlet 08710,South,Traditional Trade,Large,2023-10-30,10000,30,REP071
8711,Fictional Outlet 08711,East,Modern Trade,Large,2022-08-04,10000,60,REP072
8712,Fictional Outlet 08712,West,Wholesale,Large,2022-05-27,5000,30,REP073
8713,Fictional Outlet 08713,North,Wholesale,Large,2022-01-23,5000,60,REP074
8714,Fictional Outlet 08714,South,Traditional Trade,Large,2022-10-15,10000,60,REP075
8715,Fictional Outlet 08715,East,Traditional Trade,Large,2023-03-01,50000,30,REP076
8716,Fictional Outlet 08716,West,Traditional Trade,Large,2023-12-30,50000,45,REP077
8717,Fictional Outlet 08717,North,Traditional Trade,Medium,2022-09-21,25000,45,REP078
8718,Fictional Outlet 08718,South,Traditional Trade,Large,2023-09-04,10000,30,REP079
8719,Fictional Outlet 08719,East,Modern Trade,Large,2022-01-09,50000,45,REP080
8720,Fictional Outlet 08720,West,Modern Trade,Medium,2023-04-23,5000,60,REP001
8721,Fictional Outlet 08721,North,Wholesale,Small,2023-04-27,50000,15,REP002
8722,Fictional Outlet 08722,South,Traditional Trade,Small,2023-02-24,25000,45,REP003
8723,Fictional Outlet 08723,East,Modern Trade,Medium,2023-01-27,10000,60,REP004
8724,Fictional Outlet 08724,West,Traditional Trade,Small,2023-07-30,25000,30,REP005
8725,Fictional Outlet 08725,North,Ecommerce,Medium,2022-06-28,5000,15,REP006
8726,Fictional Outlet 08726,South,Modern Trade,Medium,2023-10-09,50000,45,REP007
8727,Fictional Outlet 08727,East,Traditional Trade,Medium,2023-04-02,50000,45,REP008
8728,Fictional Outlet 08728,West,Ecommerce,Medium,2022-11-09,25000,30,REP009
8729,Fictional Outlet 08729,North,Traditional Trade,Large,2023-11-25,50000,30,REP010
8730,Fictional Outlet 08730,South, TRADITIONAL TRADE ,Small,2023-02-21,10000,45,REP011
8731,Fictional Outlet 08731,East,Traditional Trade,Large,2022-07-29,50000,15,REP012
8732,Fictional Outlet 08732,West,Traditional Trade,Small,2022-08-14,10000,15,REP013
8733,Fictional Outlet 08733,North,Traditional Trade,Large,2023-03-26,25000,60,REP014
8734,Fictional Outlet 08734,South,Modern Trade,Medium,2022-11-12,50000,15,REP015
8735,Fictional Outlet 08735,East,Modern Trade,Small,2022-12-15,5000,30,REP016
8736,Fictional Outlet 08736,West,Traditional Trade,Large,2022-07-25,25000,15,REP017
8737,Fictional Outlet 08737,North,Modern Trade,Medium,2023-07-11,5000,15,REP018
8738,Fictional Outlet 08738,South,Traditional Trade,Medium,2022-04-08,50000,60,REP019
8739,Fictional Outlet 08739,East,Traditional Trade,Medium,2022-10-01,5000,15,REP020
8740,Fictional Outlet 08740,West,Wholesale,Medium,2022-06-23,50000,60,REP021
8741,Fictional Outlet 08741,North,Ecommerce,Medium,2023-07-30,5000,30,REP022
8742,Fictional Outlet 08742,South,Wholesale,Medium,2022-01-16,25000,45,REP023
8743,Fictional Outlet 08743,East,Traditional Trade,Small,2023-09-20,5000,60,REP024
8744,Fictional Outlet 08744,West,Traditional Trade,Large,2023-10-08,25000,15,REP025
8745,Fictional Outlet 08745,North,Wholesale,Large,2023-06-20,5000,60,REP026
8746,Fictional Outlet 08746,South,Traditional Trade,Large,2023-05-18,10000,45,REP027
8747,Fictional Outlet 08747,East,Traditional Trade,Small,2022-12-05,50000,60,REP028
8748,Fictional Outlet 08748,West,Wholesale,Small,2023-02-23,10000,30,REP029
8749,Fictional Outlet 08749,North,Modern Trade,Large,2023-04-19,10000,30,REP030
8750,Fictional Outlet 08750,South,Modern Trade,Small,2022-11-15,5000,60,REP031
8751,Fictional Outlet 08751,East,Traditional Trade,Small,2022-04-04,5000,60,REP032
8752,Fictional Outlet 08752,West,Modern Trade,Medium,2023-04-09,50000,30,REP033
8753,Fictional Outlet 08753,North,Wholesale,Large,2023-08-22,10000,45,REP034
8754,Fictional Outlet 08754,South,Traditional Trade,Small,2023-10-15,25000,60,REP035
8755,Fictional Outlet 08755,East,Ecommerce,Large,2023-01-28,5000,60,REP036
8756,Fictional Outlet 08756,West,Traditional Trade,Large,2023-01-26,25000,60,REP037
8757,Fictional Outlet 08757,North,Modern Trade,Medium,2023-08-14,25000,15,REP038
8758,Fictional Outlet 08758,South,Wholesale,Medium,2022-09-15,50000,45,REP039
8759,Fictional Outlet 08759,East,Traditional Trade,Large,2023-04-15,50000,45,REP040
8760,Fictional Outlet 08760,West,Traditional Trade,Medium,2022-06-20,50000,45,REP041
8761,Fictional Outlet 08761,North,Wholesale,Large,2022-05-13,50000,15,REP042
8762,Fictional Outlet 08762,South,Traditional Trade,Medium,2022-04-26,50000,30,REP043
8763,Fictional Outlet 08763,East,Ecommerce,Small,2023-10-02,50000,45,REP044
8764,Fictional Outlet 08764,West,Traditional Trade,Small,2022-02-20,10000,60,REP045
8765,Fictional Outlet 08765,North,Traditional Trade,Medium,2022-11-28,5000,60,REP046
8766,Fictional Outlet 08766,South,Traditional Trade,Small,2022-04-29,25000,60,REP047
8767,Fictional Outlet 08767,East,Traditional Trade,Small,2022-03-27,50000,30,REP048
8768,Fictional Outlet 08768,West,Traditional Trade,Medium,2022-01-27,10000,30,REP049
8769,Fictional Outlet 08769,North,Ecommerce,Medium,2022-02-10,10000,60,REP050
8770,Fictional Outlet 08770,South,Modern Trade,Small,2023-01-12,10000,60,REP051
8771,Fictional Outlet 08771,East,Modern Trade,Large,2023-11-22,5000,60,REP052
8772,Fictional Outlet 08772,West,Traditional Trade,Large,2023-09-14,50000,15,REP053
8773,Fictional Outlet 08773,North,Traditional Trade,Medium,2023-09-22,25000,15,REP054
8774,Fictional Outlet 08774,South,Traditional Trade,Small,2023-01-24,10000,15,REP055
8775,Fictional Outlet 08775,East,Traditional Trade,Large,2022-12-17,25000,45,REP056
8776,Fictional Outlet 08776,West,Traditional Trade,Medium,2022-03-14,50000,30,REP057
8777,Fictional Outlet 08777,North,Modern Trade,Large,2023-07-17,25000,60,REP058
8778,Fictional Outlet 08778,South,Traditional Trade,Small,2022-04-09,5000,60,REP059
8779,Fictional Outlet 08779,East,Traditional Trade,Medium,2023-05-18,25000,60,REP060
8780,Fictional Outlet 08780,West,Wholesale,Small,2023-01-04,25000,45,REP061
8781,Fictional Outlet 08781,North,Modern Trade,Medium,2023-07-22,5000,15,REP062
8782,Fictional Outlet 08782,South,Wholesale,Small,2022-07-04,50000,60,REP063
8783,Fictional Outlet 08783,East,Traditional Trade,Medium,2022-02-19,5000,45,REP064
8784,Fictional Outlet 08784,West,Traditional Trade,Small,2023-06-25,50000,60,REP065
8785,Fictional Outlet 08785,North,Traditional Trade,Medium,2023-10-31,50000,60,REP066
8786,Fictional Outlet 08786,South,Traditional Trade,Large,2023-01-02,25000,60,REP067
8787,Fictional Outlet 08787,East,Traditional Trade,Small,2023-04-03,5000,15,REP068
8788,Fictional Outlet 08788,West,Traditional Trade,Medium,2023-05-01,50000,60,REP069
8789,Fictional Outlet 08789,North,Traditional Trade,Medium,2023-03-19,50000,45,REP070
8790,Fictional Outlet 08790,South,Traditional Trade,Large,2022-05-29,25000,45,REP071
8791,Fictional Outlet 08791,East,Traditional Trade,Medium,2022-08-13,50000,15,REP072
8792,Fictional Outlet 08792,West,Traditional Trade,Small,2023-10-21,10000,45,REP073
8793,Fictional Outlet 08793,North,Traditional Trade,Small,2023-03-09,50000,30,REP074
8794,Fictional Outlet 08794,South,Wholesale,Small,2022-12-24,25000,15,REP075
8795,Fictional Outlet 08795,East,Traditional Trade,Medium,2022-01-26,50000,15,REP076
8796,Fictional Outlet 08796,West,Traditional Trade,Large,2023-09-13,5000,15,REP077
8797,Fictional Outlet 08797,North,Traditional Trade,Small,2023-07-29,5000,30,REP078
8798,Fictional Outlet 08798,South,Traditional Trade,Small,2023-05-06,10000,30,REP079
8799,Fictional Outlet 08799,East,Traditional Trade,Small,2023-05-23,10000,15,REP080
8800,Fictional Outlet 08800,West,Traditional Trade,Medium,2023-03-18,5000,45,REP001
8801,Fictional Outlet 08801,North,Traditional Trade,Large,2023-02-18,10000,15,REP002
8802,Fictional Outlet 08802,South,Ecommerce,Large,2022-02-03,50000,30,REP003
8803,Fictional Outlet 08803,East,Modern Trade,Medium,2022-12-06,50000,15,REP004
8804,Fictional Outlet 08804,West,Modern Trade,Small,2023-06-16,5000,30,REP005
8805,Fictional Outlet 08805,North,Wholesale,Large,2022-10-23,10000,30,REP006
8806,Fictional Outlet 08806,South,Modern Trade,Medium,2023-06-16,10000,15,REP007
8807,Fictional Outlet 08807,East,Traditional Trade,Large,2023-12-30,10000,30,REP008
8808,Fictional Outlet 08808,West,Traditional Trade,Small,2023-07-30,25000,45,REP009
8809,Fictional Outlet 08809,North,Wholesale,Medium,2023-08-06,25000,30,REP010
8810,Fictional Outlet 08810,South,Wholesale,Medium,2022-02-13,5000,60,REP011
8811,Fictional Outlet 08811,East,Modern Trade,Medium,2022-03-06,50000,45,REP012
8812,Fictional Outlet 08812,West,Traditional Trade,Small,2023-01-09,25000,45,REP013
8813,Fictional Outlet 08813,North,Modern Trade,Small,2023-11-02,25000,45,REP014
8814,Fictional Outlet 08814,South,Traditional Trade,Medium,2022-01-29,5000,30,
8815,Fictional Outlet 08815,East,Traditional Trade,Small,2022-03-20,10000,30,REP016
8816,Fictional Outlet 08816,West,Traditional Trade,Medium,2023-10-13,10000,60,REP017
8817,Fictional Outlet 08817,North,Modern Trade,Medium,2022-01-26,10000,15,REP018
8818,Fictional Outlet 08818,South,Modern Trade,Large,2022-10-25,50000,15,REP019
8819,Fictional Outlet 08819,East,Traditional Trade,Large,2022-04-09,50000,30,REP020
8820,Fictional Outlet 08820,West,Modern Trade,Large,2022-12-02,50000,60,REP021
8821,Fictional Outlet 08821,North,Traditional Trade,Medium,2023-05-22,5000,30,REP022
8822,Fictional Outlet 08822,South,Wholesale,Small,2023-07-08,25000,60,REP023
8823,Fictional Outlet 08823,East,Modern Trade,Large,2023-09-24,5000,60,REP024
8824,Fictional Outlet 08824,West,Traditional Trade,Small,2023-11-19,10000,60,REP025
8825,Fictional Outlet 08825,North,Traditional Trade,Small,2023-07-12,5000,30,REP026
8826,Fictional Outlet 08826,South,Traditional Trade,Medium,2022-11-03,5000,45,REP027
8827,Fictional Outlet 08827,East, WHOLESALE ,Medium,2023-04-07,25000,45,REP028
8828,Fictional Outlet 08828,West,Modern Trade,Small,2022-10-01,50000,45,REP029
8829,Fictional Outlet 08829,North,Wholesale,Medium,2023-08-13,5000,60,REP030
8830,Fictional Outlet 08830,South,Ecommerce,Large,2023-12-10,50000,30,REP031
8831,Fictional Outlet 08831,East,Traditional Trade,Medium,2023-11-27,5000,15,REP032
8832,Fictional Outlet 08832,West,Wholesale,Small,2023-02-10,5000,45,REP033
8833,Fictional Outlet 08833,North,Traditional Trade,Large,2023-11-08,50000,45,REP034
8834,Fictional Outlet 08834,South,Traditional Trade,Large,2023-06-15,25000,60,REP035
8835,Fictional Outlet 08835,East,Traditional Trade,Small,2023-04-22,5000,60,REP036
8836,Fictional Outlet 08836,West,Modern Trade,Medium,2022-05-31,25000,60,REP037
8837,Fictional Outlet 08837,North,Modern Trade,Large,2023-06-02,50000,15,REP038
8838,Fictional Outlet 08838,South,Wholesale,Medium,2023-06-22,10000,45,REP039
8839,Fictional Outlet 08839,East,Traditional Trade,Medium,2023-10-07,10000,45,REP040
8840,Fictional Outlet 08840,West,Wholesale,Large,2022-12-23,25000,60,REP041
8841,Fictional Outlet 08841,North,Ecommerce,Medium,2022-03-06,25000,15,REP042
8842,Fictional Outlet 08842,South,Traditional Trade,Medium,2022-02-20,50000,60,REP043
8843,Fictional Outlet 08843,East,Modern Trade,Small,2022-09-22,5000,60,REP044
8844,Fictional Outlet 08844,West,Traditional Trade,Large,2023-05-30,50000,15,REP045
8845,Fictional Outlet 08845,North,Wholesale,Medium,2023-05-07,50000,15,REP046
8846,Fictional Outlet 08846,South,Wholesale,Small,2022-02-22,5000,45,REP047
8847,Fictional Outlet 08847,East,Modern Trade,Small,2023-12-25,5000,15,REP048
8848,Fictional Outlet 08848,West,Modern Trade,Large,2023-05-02,10000,30,REP049
8849,Fictional Outlet 08849,North,Wholesale,Small,2023-07-27,5000,30,REP050
8850,Fictional Outlet 08850,South,Ecommerce,Large,2022-02-17,5000,60,REP051
8851,Fictional Outlet 08851,East,Traditional Trade,Medium,2022-02-08,50000,60,REP052
8852,Fictional Outlet 08852,West,Wholesale,Medium,2022-06-11,50000,45,REP053
8853,Fictional Outlet 08853,North,Traditional Trade,Medium,2022-04-14,25000,60,REP054
8854,Fictional Outlet 08854,South,Wholesale,Small,2022-05-20,25000,30,REP055
8855,Fictional Outlet 08855,East,Traditional Trade,Large,2023-03-08,10000,60,REP056
8856,Fictional Outlet 08856,West,Traditional Trade,Medium,2022-05-03,10000,45,REP057
8857,Fictional Outlet 08857,North,Traditional Trade,Small,2023-12-30,25000,60,REP058
8858,Fictional Outlet 08858,South,Traditional Trade,Large,2023-07-30,25000,60,REP059
8859,Fictional Outlet 08859,East,Wholesale,Small,2022-04-07,25000,30,REP060
8860,Fictional Outlet 08860,West,Ecommerce,Medium,2022-02-08,10000,15,REP061
8861,Fictional Outlet 08861,North,Modern Trade,Large,2023-03-14,5000,30,REP062
8862,Fictional Outlet 08862,South,Traditional Trade,Small,2022-09-07,10000,15,REP063
8863,Fictional Outlet 08863,East,Traditional Trade,Small,2022-01-20,5000,15,REP064
8864,Fictional Outlet 08864,West,Traditional Trade,Medium,2022-10-09,25000,45,REP065
8865,Fictional Outlet 08865,North,Wholesale,Small,2023-03-26,10000,15,REP066
8866,Fictional Outlet 08866,South,Traditional Trade,Large,2023-02-06,5000,60,REP067
8867,Fictional Outlet 08867,East,Traditional Trade,Medium,2022-11-22,10000,60,REP068
8868,Fictional Outlet 08868,West,Wholesale,Large,2023-05-01,5000,30,REP069
8869,Fictional Outlet 08869,North,Traditional Trade,Large,2023-10-06,10000,15,REP070
8870,Fictional Outlet 08870,South,Traditional Trade,Medium,2022-09-05,50000,60,REP071
8871,Fictional Outlet 08871,East,Traditional Trade,Large,2023-03-01,25000,60,REP072
8872,Fictional Outlet 08872,West,Modern Trade,Small,2023-02-22,50000,30,REP073
8873,Fictional Outlet 08873,North,Ecommerce,Small,2022-03-21,25000,30,REP074
8874,Fictional Outlet 08874,South,Wholesale,Medium,2022-08-01,25000,45,REP075
8875,Fictional Outlet 08875,East,Traditional Trade,Large,2022-06-04,50000,60,REP076
8876,Fictional Outlet 08876,West,Traditional Trade,Large,2022-05-20,10000,60,REP077
8877,Fictional Outlet 08877,North,Traditional Trade,Small,2023-05-13,25000,45,REP078
8878,Fictional Outlet 08878,South,Modern Trade,Large,2023-08-09,25000,60,REP079
8879,Fictional Outlet 08879,East,Traditional Trade,Large,2023-11-18,5000,30,REP080
8880,Fictional Outlet 08880,West,Wholesale,Large,2022-09-06,25000,30,REP001
8881,Fictional Outlet 08881,North,Wholesale,Small,2022-07-15,25000,30,REP002
8882,Fictional Outlet 08882,South,Traditional Trade,Small,2022-07-22,10000,45,REP003
8883,Fictional Outlet 08883,East,Traditional Trade,Large,2022-02-23,25000,45,REP004
8884,Fictional Outlet 08884,West,Traditional Trade,Large,2022-02-03,25000,15,REP005
8885,Fictional Outlet 08885,North,Modern Trade,Medium,2023-05-02,10000,15,REP006
8886,Fictional Outlet 08886,South,Modern Trade,Large,2023-05-02,10000,15,REP007
8887,Fictional Outlet 08887,East,Wholesale,Small,2023-01-12,25000,15,REP008
8888,Fictional Outlet 08888,West,Wholesale,Medium,2022-03-19,5000,30,REP009
8889,Fictional Outlet 08889,North,Traditional Trade,Small,2022-09-05,10000,15,REP010
8890,Fictional Outlet 08890,South,Wholesale,Medium,2022-04-03,10000,45,REP011
8891,Fictional Outlet 08891,East,Traditional Trade,Medium,2022-02-21,50000,45,REP012
8892,Fictional Outlet 08892,West,Traditional Trade,Small,2023-08-31,10000,60,REP013
8893,Fictional Outlet 08893,North,Traditional Trade,Medium,2023-10-15,5000,30,REP014
8894,Fictional Outlet 08894,South,Modern Trade,Large,2022-05-31,10000,30,REP015
8895,Fictional Outlet 08895,East,Traditional Trade,Large,2022-03-08,25000,45,REP016
8896,Fictional Outlet 08896,West,Wholesale,Medium,2023-09-23,10000,60,REP017
8897,Fictional Outlet 08897,North,Wholesale,Medium,2022-01-01,50000,45,REP018
8898,Fictional Outlet 08898,South,Traditional Trade,Small,2022-03-15,5000,60,REP019
8899,Fictional Outlet 08899,East,Traditional Trade,Large,2022-11-11,5000,45,REP020
8900,Fictional Outlet 08900,West,Modern Trade,Small,2022-04-23,25000,15,REP021
8901,Fictional Outlet 08901,North,Modern Trade,Small,2023-08-07,5000,15,REP022
8902,Fictional Outlet 08902,South,Traditional Trade,Medium,2022-05-17,50000,30,REP023
8903,Fictional Outlet 08903,East,Traditional Trade,Large,2023-03-19,5000,60,REP024
8904,Fictional Outlet 08904,West,Modern Trade,Large,2023-08-12,5000,60,REP025
8905,Fictional Outlet 08905,North,Traditional Trade,Medium,2023-03-25,25000,15,REP026
8906,Fictional Outlet 08906,South,Traditional Trade,Medium,2023-11-25,10000,45,REP027
8907,Fictional Outlet 08907,East,Traditional Trade,Small,2023-08-06,5000,45,REP028
8908,Fictional Outlet 08908,West,Traditional Trade,Large,2022-01-19,25000,30,REP029
8909,Fictional Outlet 08909,North,Traditional Trade,Medium,2023-09-14,50000,60,REP030
8910,Fictional Outlet 08910,South,Traditional Trade,Small,2022-09-03,50000,30,REP031
8911,Fictional Outlet 08911,East,Traditional Trade,Medium,2023-09-12,10000,45,REP032
8912,Fictional Outlet 08912,West,Traditional Trade,Medium,2022-11-28,25000,45,REP033
8913,Fictional Outlet 08913,North,Traditional Trade,Large,2022-12-02,5000,60,REP034
8914,Fictional Outlet 08914,South,Traditional Trade,Small,2022-08-26,5000,60,REP035
8915,Fictional Outlet 08915,East,Wholesale,Medium,2023-12-22,25000,15,REP036
8916,Fictional Outlet 08916,West,Traditional Trade,Small,2023-01-15,10000,30,REP037
8917,Fictional Outlet 08917,North,Traditional Trade,Small,2022-04-05,50000,15,REP038
8918,Fictional Outlet 08918,South,Traditional Trade,Medium,2023-10-10,5000,15,REP039
8919,Fictional Outlet 08919,East,Ecommerce,Large,2023-09-24,5000,30,REP040
8920,Fictional Outlet 08920,West,Wholesale,Medium,2022-06-22,50000,45,REP041
8921,Fictional Outlet 08921,North,Modern Trade,Small,2022-05-30,5000,15,REP042
8922,Fictional Outlet 08922,South,Traditional Trade,Large,2023-05-22,50000,60,REP043
8923,Fictional Outlet 08923,East,Wholesale,Small,2022-08-21,10000,15,REP044
8924,Fictional Outlet 08924,West, ECOMMERCE ,Small,2022-08-09,10000,30,REP045
8925,Fictional Outlet 08925,North,Ecommerce,Medium,2022-03-08,25000,45,REP046
8926,Fictional Outlet 08926,South,Wholesale,Small,2023-12-21,5000,60,REP047
8927,Fictional Outlet 08927,East,Traditional Trade,Small,2023-06-12,5000,60,
8928,Fictional Outlet 08928,West,Traditional Trade,Medium,2023-09-16,50000,45,REP049
8929,Fictional Outlet 08929,North,Traditional Trade,Small,2023-04-06,50000,60,REP050
8930,Fictional Outlet 08930,South,Wholesale,Small,2022-06-26,50000,30,REP051
8931,Fictional Outlet 08931,East,Traditional Trade,Medium,2022-08-14,25000,45,REP052
8932,Fictional Outlet 08932,West,Modern Trade,Large,2022-06-21,25000,30,REP053
8933,Fictional Outlet 08933,North,Modern Trade,Medium,2022-01-08,50000,15,REP054
8934,Fictional Outlet 08934,South,Traditional Trade,Large,2023-05-17,50000,30,REP055
8935,Fictional Outlet 08935,East,Wholesale,Small,2022-04-01,50000,60,REP056
8936,Fictional Outlet 08936,West,Wholesale,Medium,2022-04-24,50000,15,REP057
8937,Fictional Outlet 08937,North,Traditional Trade,Medium,2023-11-28,25000,60,REP058
8938,Fictional Outlet 08938,South,Traditional Trade,Small,2022-09-02,10000,45,REP059
8939,Fictional Outlet 08939,East,Traditional Trade,Large,2023-09-09,25000,15,REP060
8940,Fictional Outlet 08940,West,Traditional Trade,Small,2023-01-11,50000,45,REP061
8941,Fictional Outlet 08941,North,Traditional Trade,Medium,2023-12-07,25000,15,REP062
8942,Fictional Outlet 08942,South,Modern Trade,Large,2022-09-16,5000,45,REP063
8943,Fictional Outlet 08943,East,Traditional Trade,Small,2022-02-21,25000,60,REP064
8944,Fictional Outlet 08944,West,Modern Trade,Large,2022-08-06,10000,15,REP065
8945,Fictional Outlet 08945,North,Modern Trade,Medium,2023-08-04,5000,15,REP066
8946,Fictional Outlet 08946,South,Wholesale,Small,2022-06-24,5000,45,REP067
8947,Fictional Outlet 08947,East,Traditional Trade,Small,2022-07-22,25000,45,REP068
8948,Fictional Outlet 08948,West,Ecommerce,Medium,2023-12-06,10000,15,REP069
8949,Fictional Outlet 08949,North,Traditional Trade,Large,2023-08-19,10000,30,REP070
8950,Fictional Outlet 08950,South,Traditional Trade,Large,2022-02-08,50000,60,REP071
8951,Fictional Outlet 08951,East,Traditional Trade,Large,2023-01-15,50000,30,REP072
8952,Fictional Outlet 08952,West,Traditional Trade,Small,2023-09-08,25000,15,REP073
8953,Fictional Outlet 08953,North,Modern Trade,Small,2022-04-05,50000,45,REP074
8954,Fictional Outlet 08954,South,Traditional Trade,Large,2022-06-22,25000,15,REP075
8955,Fictional Outlet 08955,East,Wholesale,Large,2023-03-31,25000,60,REP076
8956,Fictional Outlet 08956,West,Wholesale,Medium,2022-11-18,5000,30,REP077
8957,Fictional Outlet 08957,North,Ecommerce,Small,2022-05-05,5000,45,REP078
8958,Fictional Outlet 08958,South,Wholesale,Medium,2022-02-18,25000,60,REP079
8959,Fictional Outlet 08959,East,Modern Trade,Small,2022-10-04,10000,30,REP080
8960,Fictional Outlet 08960,West,Traditional Trade,Small,2023-09-07,5000,60,REP001
8961,Fictional Outlet 08961,North,Traditional Trade,Small,2023-07-29,50000,15,REP002
8962,Fictional Outlet 08962,South,Traditional Trade,Medium,2022-01-07,50000,15,REP003
8963,Fictional Outlet 08963,East,Traditional Trade,Small,2023-06-13,50000,30,REP004
8964,Fictional Outlet 08964,West,Ecommerce,Medium,2023-02-19,5000,60,REP005
8965,Fictional Outlet 08965,North,Traditional Trade,Small,2023-02-28,10000,60,REP006
8966,Fictional Outlet 08966,South,Modern Trade,Large,2023-10-01,10000,15,REP007
8967,Fictional Outlet 08967,East,Wholesale,Small,2023-02-20,50000,15,REP008
8968,Fictional Outlet 08968,West,Ecommerce,Medium,2023-12-04,10000,60,REP009
8969,Fictional Outlet 08969,North,Traditional Trade,Medium,2022-01-16,5000,15,REP010
8970,Fictional Outlet 08970,South,Traditional Trade,Medium,2023-02-12,50000,15,REP011
8971,Fictional Outlet 08971,East,Modern Trade,Large,2022-10-11,25000,30,REP012
8972,Fictional Outlet 08972,West,Traditional Trade,Large,2023-05-12,5000,60,REP013
8973,Fictional Outlet 08973,North,Ecommerce,Small,2023-10-13,5000,45,REP014
8974,Fictional Outlet 08974,South,Traditional Trade,Large,2022-04-13,50000,60,REP015
8975,Fictional Outlet 08975,East,Traditional Trade,Large,2023-01-21,5000,15,REP016
8976,Fictional Outlet 08976,West,Traditional Trade,Medium,2023-04-13,10000,45,REP017
8977,Fictional Outlet 08977,North,Traditional Trade,Small,2022-12-01,5000,60,REP018
8978,Fictional Outlet 08978,South,Traditional Trade,Large,2023-01-08,10000,60,REP019
8979,Fictional Outlet 08979,East,Wholesale,Small,2023-09-21,50000,30,REP020
8980,Fictional Outlet 08980,West,Traditional Trade,Medium,2022-05-09,50000,45,REP021
8981,Fictional Outlet 08981,North,Modern Trade,Medium,2022-12-13,5000,30,REP022
8982,Fictional Outlet 08982,South,Modern Trade,Large,2023-04-08,5000,15,REP023
8983,Fictional Outlet 08983,East,Modern Trade,Large,2023-12-05,25000,60,REP024
8984,Fictional Outlet 08984,West,Modern Trade,Small,2022-11-21,5000,30,REP025
8985,Fictional Outlet 08985,North,Traditional Trade,Large,2023-07-17,10000,45,REP026
8986,Fictional Outlet 08986,South,Wholesale,Medium,2022-12-21,50000,15,REP027
8987,Fictional Outlet 08987,East,Ecommerce,Small,2023-12-31,5000,60,REP028
8988,Fictional Outlet 08988,West,Traditional Trade,Small,2022-10-20,25000,45,REP029
8989,Fictional Outlet 08989,North,Ecommerce,Small,2023-02-03,25000,45,REP030
8990,Fictional Outlet 08990,South,Traditional Trade,Large,2023-01-16,50000,60,REP031
8991,Fictional Outlet 08991,East,Traditional Trade,Medium,2023-12-03,10000,30,REP032
8992,Fictional Outlet 08992,West,Traditional Trade,Small,2023-05-03,5000,60,REP033
8993,Fictional Outlet 08993,North,Modern Trade,Small,2023-04-04,50000,60,REP034
8994,Fictional Outlet 08994,South,Traditional Trade,Large,2022-09-11,10000,60,REP035
8995,Fictional Outlet 08995,East,Traditional Trade,Medium,2023-09-01,50000,60,REP036
8996,Fictional Outlet 08996,West,Modern Trade,Large,2023-07-19,25000,60,REP037
8997,Fictional Outlet 08997,North,Modern Trade,Small,2022-08-01,5000,15,REP038
8998,Fictional Outlet 08998,South,Wholesale,Medium,2023-01-25,25000,60,REP039
8999,Fictional Outlet 08999,East,Traditional Trade,Small,2022-07-16,25000,15,REP040
9000,Fictional Outlet 09000,West,Traditional Trade,Large,2022-11-24,10000,45,REP041
9001,Fictional Outlet 09001,North,Traditional Trade,Small,2023-06-18,50000,30,REP042
9002,Fictional Outlet 09002,South,Ecommerce,Small,2022-06-15,25000,60,REP043
9003,Fictional Outlet 09003,East,Traditional Trade,Medium,2022-03-15,25000,15,REP044
9004,Fictional Outlet 09004,West,Traditional Trade,Small,2022-01-27,10000,60,REP045
9005,Fictional Outlet 09005,North,Wholesale,Large,2022-05-10,25000,60,REP046
9006,Fictional Outlet 09006,South,Traditional Trade,Large,2022-02-05,50000,45,REP047
9007,Fictional Outlet 09007,East,Traditional Trade,Large,2022-06-07,5000,15,REP048
9008,Fictional Outlet 09008,West,Traditional Trade,Medium,2023-11-24,5000,30,REP049
9009,Fictional Outlet 09009,North,Ecommerce,Medium,2023-01-18,50000,30,REP050
9010,Fictional Outlet 09010,South,Traditional Trade,Small,2022-10-29,5000,15,REP051
9011,Fictional Outlet 09011,East,Traditional Trade,Large,2022-11-27,5000,30,REP052
9012,Fictional Outlet 09012,West,Traditional Trade,Medium,2022-01-14,25000,15,REP053
9013,Fictional Outlet 09013,North,Traditional Trade,Medium,2023-02-25,25000,15,REP054
9014,Fictional Outlet 09014,South,Traditional Trade,Large,2023-04-22,25000,60,REP055
9015,Fictional Outlet 09015,East,Traditional Trade,Small,2022-05-29,25000,60,REP056
9016,Fictional Outlet 09016,West,Ecommerce,Small,2023-11-06,25000,30,REP057
9017,Fictional Outlet 09017,North,Traditional Trade,Large,2023-11-10,25000,15,REP058
9018,Fictional Outlet 09018,South,Traditional Trade,Medium,2022-07-08,50000,15,REP059
9019,Fictional Outlet 09019,East,Traditional Trade,Large,2023-02-22,5000,30,REP060
9020,Fictional Outlet 09020,West,Wholesale,Small,2023-10-15,25000,60,REP061
9021,Fictional Outlet 09021,North, TRADITIONAL TRADE ,Medium,2023-05-17,5000,45,REP062
9022,Fictional Outlet 09022,South,Wholesale,Medium,2022-01-06,25000,45,REP063
9023,Fictional Outlet 09023,East,Modern Trade,Small,2022-04-12,50000,30,REP064
9024,Fictional Outlet 09024,West,Modern Trade,Large,2022-11-02,50000,15,REP065
9025,Fictional Outlet 09025,North,Traditional Trade,Small,2022-06-21,5000,60,REP066
9026,Fictional Outlet 09026,South,Traditional Trade,Small,2023-03-14,5000,15,REP067
9027,Fictional Outlet 09027,East,Traditional Trade,Large,2023-11-24,25000,30,REP068
9028,Fictional Outlet 09028,West,Modern Trade,Small,2023-04-18,25000,30,REP069
9029,Fictional Outlet 09029,North,Traditional Trade,Large,2022-05-28,50000,45,REP070
9030,Fictional Outlet 09030,South,Modern Trade,Small,2023-05-10,50000,30,REP071
9031,Fictional Outlet 09031,East,Modern Trade,Medium,2023-07-05,10000,30,REP072
9032,Fictional Outlet 09032,West,Modern Trade,Small,2022-06-15,50000,60,REP073
9033,Fictional Outlet 09033,North,Traditional Trade,Large,2023-11-16,25000,15,REP074
9034,Fictional Outlet 09034,South,Wholesale,Medium,2022-04-25,10000,45,REP075
9035,Fictional Outlet 09035,East,Traditional Trade,Medium,2023-06-19,50000,30,REP076
9036,Fictional Outlet 09036,West,Traditional Trade,Small,2022-09-25,10000,45,REP077
9037,Fictional Outlet 09037,North,Modern Trade,Small,2023-02-21,50000,45,REP078
9038,Fictional Outlet 09038,South,Wholesale,Large,2022-07-06,5000,15,REP079
9039,Fictional Outlet 09039,East,Traditional Trade,Medium,2023-05-03,50000,15,REP080
9040,Fictional Outlet 09040,West,Wholesale,Medium,2022-05-23,50000,30,
9041,Fictional Outlet 09041,North,Modern Trade,Large,2023-12-24,5000,15,REP002
9042,Fictional Outlet 09042,South,Modern Trade,Medium,2022-10-29,50000,15,REP003
9043,Fictional Outlet 09043,East,Wholesale,Medium,2023-06-20,50000,15,REP004
9044,Fictional Outlet 09044,West,Ecommerce,Medium,2022-07-21,50000,15,REP005
9045,Fictional Outlet 09045,North,Ecommerce,Medium,2022-08-07,50000,30,REP006
9046,Fictional Outlet 09046,South,Traditional Trade,Large,2023-06-10,5000,60,REP007
9047,Fictional Outlet 09047,East,Wholesale,Medium,2022-09-06,10000,30,REP008
9048,Fictional Outlet 09048,West,Traditional Trade,Large,2023-10-29,5000,15,REP009
9049,Fictional Outlet 09049,North,Traditional Trade,Medium,2022-06-23,10000,45,REP010
9050,Fictional Outlet 09050,South,Traditional Trade,Medium,2022-12-20,10000,15,REP011
9051,Fictional Outlet 09051,East,Modern Trade,Large,2023-10-08,50000,60,REP012
9052,Fictional Outlet 09052,West,Traditional Trade,Medium,2023-07-20,5000,30,REP013
9053,Fictional Outlet 09053,North,Wholesale,Small,2022-11-01,50000,15,REP014
9054,Fictional Outlet 09054,South,Wholesale,Small,2022-03-30,50000,15,REP015
9055,Fictional Outlet 09055,East,Traditional Trade,Large,2022-03-21,10000,30,REP016
9056,Fictional Outlet 09056,West,Ecommerce,Large,2022-03-16,25000,60,REP017
9057,Fictional Outlet 09057,North,Traditional Trade,Small,2023-08-16,5000,15,REP018
9058,Fictional Outlet 09058,South,Wholesale,Medium,2022-05-01,25000,15,REP019
9059,Fictional Outlet 09059,East,Traditional Trade,Medium,2022-08-10,25000,30,REP020
9060,Fictional Outlet 09060,West,Traditional Trade,Medium,2022-07-22,5000,60,REP021
9061,Fictional Outlet 09061,North,Traditional Trade,Small,2022-08-24,10000,45,REP022
9062,Fictional Outlet 09062,South,Traditional Trade,Small,2022-04-10,5000,15,REP023
9063,Fictional Outlet 09063,East,Traditional Trade,Medium,2022-06-09,10000,15,REP024
9064,Fictional Outlet 09064,West,Modern Trade,Large,2023-05-21,25000,45,REP025
9065,Fictional Outlet 09065,North,Modern Trade,Medium,2022-08-12,5000,30,REP026
9066,Fictional Outlet 09066,South,Traditional Trade,Large,2022-03-24,10000,45,REP027
9067,Fictional Outlet 09067,East,Traditional Trade,Large,2022-08-30,50000,15,REP028
9068,Fictional Outlet 09068,West,Traditional Trade,Medium,2023-01-14,10000,60,REP029
9069,Fictional Outlet 09069,North,Modern Trade,Small,2022-03-26,25000,45,REP030
9070,Fictional Outlet 09070,South,Wholesale,Large,2022-01-08,10000,45,REP031
9071,Fictional Outlet 09071,East,Ecommerce,Small,2023-01-02,5000,15,REP032
9072,Fictional Outlet 09072,West,Modern Trade,Medium,2022-11-15,25000,45,REP033
9073,Fictional Outlet 09073,North,Wholesale,Medium,2022-03-18,50000,45,REP034
9074,Fictional Outlet 09074,South,Traditional Trade,Medium,2023-01-09,10000,30,REP035
9075,Fictional Outlet 09075,East,Wholesale,Large,2022-08-20,25000,30,REP036
9076,Fictional Outlet 09076,West,Modern Trade,Small,2023-04-08,50000,60,REP037
9077,Fictional Outlet 09077,North,Modern Trade,Large,2023-10-20,10000,15,REP038
9078,Fictional Outlet 09078,South,Modern Trade,Large,2023-02-09,50000,60,REP039
9079,Fictional Outlet 09079,East,Wholesale,Small,2023-03-23,25000,30,REP040
9080,Fictional Outlet 09080,West,Traditional Trade,Medium,2022-03-01,5000,45,REP041
9081,Fictional Outlet 09081,North,Ecommerce,Large,2022-06-05,25000,45,REP042
9082,Fictional Outlet 09082,South,Traditional Trade,Medium,2023-07-16,10000,45,REP043
9083,Fictional Outlet 09083,East,Traditional Trade,Medium,2023-08-30,5000,60,REP044
9084,Fictional Outlet 09084,West,Wholesale,Medium,2023-12-14,5000,15,REP045
9085,Fictional Outlet 09085,North,Modern Trade,Small,2022-11-22,10000,15,REP046
9086,Fictional Outlet 09086,South,Modern Trade,Small,2023-06-22,5000,15,REP047
9087,Fictional Outlet 09087,East,Modern Trade,Medium,2022-08-20,5000,15,REP048
9088,Fictional Outlet 09088,West,Wholesale,Large,2022-05-28,10000,15,REP049
9089,Fictional Outlet 09089,North,Wholesale,Medium,2023-09-26,50000,30,REP050
9090,Fictional Outlet 09090,South,Traditional Trade,Small,2023-05-06,5000,15,REP051
9091,Fictional Outlet 09091,East,Traditional Trade,Small,2023-06-11,10000,30,REP052
9092,Fictional Outlet 09092,West,Wholesale,Medium,2022-02-24,10000,30,REP053
9093,Fictional Outlet 09093,North,Traditional Trade,Small,2022-12-21,25000,15,REP054
9094,Fictional Outlet 09094,South,Wholesale,Medium,2022-07-22,25000,15,REP055
9095,Fictional Outlet 09095,East,Modern Trade,Small,2023-01-01,25000,60,REP056
9096,Fictional Outlet 09096,West,Traditional Trade,Small,2023-06-30,50000,45,REP057
9097,Fictional Outlet 09097,North,Modern Trade,Medium,2022-12-27,10000,15,REP058
9098,Fictional Outlet 09098,South,Traditional Trade,Medium,2023-03-15,25000,15,REP059
9099,Fictional Outlet 09099,East,Traditional Trade,Medium,2022-07-08,25000,15,REP060
9100,Fictional Outlet 09100,West,Wholesale,Small,2023-06-06,25000,60,REP061
9101,Fictional Outlet 09101,North,Modern Trade,Large,2023-06-01,50000,15,REP062
9102,Fictional Outlet 09102,South,Wholesale,Medium,2023-05-12,10000,60,REP063
9103,Fictional Outlet 09103,East,Traditional Trade,Medium,2023-09-07,10000,30,REP064
9104,Fictional Outlet 09104,West,Traditional Trade,Large,2023-05-26,10000,15,REP065
9105,Fictional Outlet 09105,North,Modern Trade,Large,2023-12-21,10000,60,REP066
9106,Fictional Outlet 09106,South,Modern Trade,Medium,2023-08-04,10000,30,REP067
9107,Fictional Outlet 09107,East,Traditional Trade,Medium,2022-04-05,10000,45,REP068
9108,Fictional Outlet 09108,West,Modern Trade,Medium,2023-10-29,10000,30,REP069
9109,Fictional Outlet 09109,North,Modern Trade,Small,2022-10-13,10000,30,REP070
9110,Fictional Outlet 09110,South,Traditional Trade,Small,2023-11-23,25000,15,REP071
9111,Fictional Outlet 09111,East,Traditional Trade,Medium,2022-05-30,25000,15,REP072
9112,Fictional Outlet 09112,West,Traditional Trade,Medium,2023-08-08,10000,15,REP073
9113,Fictional Outlet 09113,North,Ecommerce,Small,2023-05-01,50000,60,REP074
9114,Fictional Outlet 09114,South,Wholesale,Small,2023-10-07,5000,45,REP075
9115,Fictional Outlet 09115,East,Modern Trade,Medium,2023-08-22,10000,45,REP076
9116,Fictional Outlet 09116,West,Modern Trade,Medium,2022-05-07,10000,60,REP077
9117,Fictional Outlet 09117,North,Traditional Trade,Large,2022-05-30,5000,30,REP078
9118,Fictional Outlet 09118,South, ECOMMERCE ,Small,2023-03-28,5000,30,REP079
9119,Fictional Outlet 09119,East,Traditional Trade,Small,2022-10-24,5000,45,REP080
9120,Fictional Outlet 09120,West,Modern Trade,Medium,2023-12-02,50000,45,REP001
9121,Fictional Outlet 09121,North,Wholesale,Large,2022-08-27,5000,45,REP002
9122,Fictional Outlet 09122,South,Modern Trade,Medium,2022-10-01,25000,45,REP003
9123,Fictional Outlet 09123,East,Traditional Trade,Medium,2023-04-23,25000,15,REP004
9124,Fictional Outlet 09124,West,Wholesale,Small,2023-11-29,5000,45,REP005
9125,Fictional Outlet 09125,North,Traditional Trade,Medium,2023-02-25,50000,45,REP006
9126,Fictional Outlet 09126,South,Traditional Trade,Large,2023-01-06,5000,45,REP007
9127,Fictional Outlet 09127,East,Modern Trade,Small,2022-02-24,5000,30,REP008
9128,Fictional Outlet 09128,West,Wholesale,Large,2023-03-02,10000,60,REP009
9129,Fictional Outlet 09129,North,Modern Trade,Large,2022-07-14,25000,15,REP010
9130,Fictional Outlet 09130,South,Wholesale,Medium,2023-02-26,10000,15,REP011
9131,Fictional Outlet 09131,East,Ecommerce,Large,2022-12-03,10000,45,REP012
9132,Fictional Outlet 09132,West,Modern Trade,Large,2022-02-13,50000,45,REP013
9133,Fictional Outlet 09133,North,Wholesale,Large,2022-01-31,10000,45,REP014
9134,Fictional Outlet 09134,South,Modern Trade,Large,2023-02-08,50000,45,REP015
9135,Fictional Outlet 09135,East,Traditional Trade,Medium,2023-03-18,25000,30,REP016
9136,Fictional Outlet 09136,West,Traditional Trade,Small,2023-08-06,25000,45,REP017
9137,Fictional Outlet 09137,North,Traditional Trade,Medium,2023-05-04,10000,45,REP018
9138,Fictional Outlet 09138,South,Traditional Trade,Medium,2022-09-04,5000,15,REP019
9139,Fictional Outlet 09139,East,Wholesale,Large,2023-09-03,5000,60,REP020
9140,Fictional Outlet 09140,West,Modern Trade,Small,2022-04-28,10000,45,REP021
9141,Fictional Outlet 09141,North,Modern Trade,Large,2023-12-22,5000,45,REP022
9142,Fictional Outlet 09142,South,Traditional Trade,Large,2022-01-19,25000,15,REP023
9143,Fictional Outlet 09143,East,Modern Trade,Medium,2023-07-24,50000,45,REP024
9144,Fictional Outlet 09144,West,Modern Trade,Small,2023-03-03,5000,60,REP025
9145,Fictional Outlet 09145,North,Traditional Trade,Medium,2023-01-12,50000,15,REP026
9146,Fictional Outlet 09146,South,Traditional Trade,Large,2023-05-03,5000,30,REP027
9147,Fictional Outlet 09147,East,Traditional Trade,Medium,2022-06-25,5000,45,REP028
9148,Fictional Outlet 09148,West,Wholesale,Small,2022-11-16,5000,45,REP029
9149,Fictional Outlet 09149,North,Modern Trade,Large,2023-08-24,5000,60,REP030
9150,Fictional Outlet 09150,South,Modern Trade,Medium,2023-07-21,5000,15,REP031
9151,Fictional Outlet 09151,East,Traditional Trade,Medium,2023-12-26,50000,45,REP032
9152,Fictional Outlet 09152,West,Modern Trade,Large,2022-03-18,25000,60,REP033
9153,Fictional Outlet 09153,North,Wholesale,Large,2023-01-02,5000,15,
9154,Fictional Outlet 09154,South,Ecommerce,Large,2022-02-19,5000,60,REP035
9155,Fictional Outlet 09155,East,Traditional Trade,Large,2023-10-19,10000,30,REP036
9156,Fictional Outlet 09156,West,Modern Trade,Large,2022-05-09,50000,30,REP037
9157,Fictional Outlet 09157,North,Modern Trade,Large,2022-10-14,50000,45,REP038
9158,Fictional Outlet 09158,South,Traditional Trade,Large,2023-05-08,50000,30,REP039
9159,Fictional Outlet 09159,East,Traditional Trade,Medium,2022-09-01,10000,45,REP040
9160,Fictional Outlet 09160,West,Traditional Trade,Small,2023-10-26,5000,15,REP041
9161,Fictional Outlet 09161,North,Modern Trade,Medium,2022-08-23,50000,60,REP042
9162,Fictional Outlet 09162,South,Traditional Trade,Small,2022-01-06,25000,30,REP043
9163,Fictional Outlet 09163,East,Traditional Trade,Large,2023-08-28,10000,60,REP044
9164,Fictional Outlet 09164,West,Traditional Trade,Small,2023-06-19,25000,15,REP045
9165,Fictional Outlet 09165,North,Modern Trade,Medium,2022-10-24,25000,45,REP046
9166,Fictional Outlet 09166,South,Modern Trade,Large,2022-05-05,50000,15,REP047
9167,Fictional Outlet 09167,East,Wholesale,Medium,2023-10-19,5000,60,REP048
9168,Fictional Outlet 09168,West,Wholesale,Small,2022-10-05,50000,30,REP049
9169,Fictional Outlet 09169,North,Modern Trade,Small,2023-01-23,5000,30,REP050
9170,Fictional Outlet 09170,South,Traditional Trade,Small,2022-10-28,5000,30,REP051
9171,Fictional Outlet 09171,East,Wholesale,Large,2023-04-24,5000,15,REP052
9172,Fictional Outlet 09172,West,Traditional Trade,Small,2023-02-15,50000,45,REP053
9173,Fictional Outlet 09173,North,Traditional Trade,Small,2023-01-07,5000,30,REP054
9174,Fictional Outlet 09174,South,Traditional Trade,Small,2023-05-17,25000,30,REP055
9175,Fictional Outlet 09175,East,Traditional Trade,Small,2022-06-15,50000,15,REP056
9176,Fictional Outlet 09176,West,Traditional Trade,Small,2023-05-20,25000,60,REP057
9177,Fictional Outlet 09177,North,Modern Trade,Large,2023-06-10,25000,60,REP058
9178,Fictional Outlet 09178,South,Modern Trade,Medium,2022-12-05,5000,30,REP059
9179,Fictional Outlet 09179,East,Traditional Trade,Medium,2022-10-22,5000,45,REP060
9180,Fictional Outlet 09180,West,Traditional Trade,Large,2023-09-15,10000,60,REP061
9181,Fictional Outlet 09181,North,Traditional Trade,Large,2023-07-27,10000,15,REP062
9182,Fictional Outlet 09182,South,Traditional Trade,Medium,2023-01-13,10000,45,REP063
9183,Fictional Outlet 09183,East,Wholesale,Small,2022-05-18,5000,45,REP064
9184,Fictional Outlet 09184,West,Traditional Trade,Medium,2022-06-05,10000,30,REP065
9185,Fictional Outlet 09185,North,Traditional Trade,Medium,2022-02-07,5000,30,REP066
9186,Fictional Outlet 09186,South,Wholesale,Large,2023-07-03,10000,60,REP067
9187,Fictional Outlet 09187,East,Wholesale,Small,2023-07-26,25000,60,REP068
9188,Fictional Outlet 09188,West,Traditional Trade,Small,2022-01-03,10000,15,REP069
9189,Fictional Outlet 09189,North,Ecommerce,Medium,2023-01-15,50000,15,REP070
9190,Fictional Outlet 09190,South,Wholesale,Large,2022-11-30,10000,60,REP071
9191,Fictional Outlet 09191,East,Traditional Trade,Small,2022-04-08,25000,60,REP072
9192,Fictional Outlet 09192,West,Traditional Trade,Large,2023-08-13,5000,15,REP073
9193,Fictional Outlet 09193,North,Modern Trade,Small,2022-11-26,10000,60,REP074
9194,Fictional Outlet 09194,South,Wholesale,Small,2022-09-24,50000,15,REP075
9195,Fictional Outlet 09195,East,Traditional Trade,Large,2023-09-19,50000,45,REP076
9196,Fictional Outlet 09196,West,Modern Trade,Medium,2022-05-11,10000,30,REP077
9197,Fictional Outlet 09197,North,Modern Trade,Medium,2023-02-23,25000,15,REP078
9198,Fictional Outlet 09198,South,Traditional Trade,Medium,2022-06-21,10000,30,REP079
9199,Fictional Outlet 09199,East,Traditional Trade,Small,2023-12-08,25000,15,REP080
9200,Fictional Outlet 09200,West,Modern Trade,Medium,2023-12-11,50000,45,REP001
9201,Fictional Outlet 09201,North,Ecommerce,Small,2023-11-14,50000,60,REP002
9202,Fictional Outlet 09202,South,Modern Trade,Large,2022-05-08,5000,45,REP003
9203,Fictional Outlet 09203,East,Wholesale,Small,2022-10-23,5000,45,REP004
9204,Fictional Outlet 09204,West,Modern Trade,Small,2022-04-02,5000,15,REP005
9205,Fictional Outlet 09205,North,Traditional Trade,Small,2023-09-14,25000,30,REP006
9206,Fictional Outlet 09206,South,Traditional Trade,Medium,2023-12-17,50000,60,REP007
9207,Fictional Outlet 09207,East,Traditional Trade,Medium,2023-12-13,5000,60,REP008
9208,Fictional Outlet 09208,West,Traditional Trade,Medium,2022-12-25,50000,30,REP009
9209,Fictional Outlet 09209,North,Wholesale,Large,2023-01-08,25000,30,REP010
9210,Fictional Outlet 09210,South,Traditional Trade,Large,2023-07-31,25000,30,REP011
9211,Fictional Outlet 09211,East,Modern Trade,Small,2022-02-22,10000,30,REP012
9212,Fictional Outlet 09212,West,Modern Trade,Large,2023-04-06,10000,30,REP013
9213,Fictional Outlet 09213,North,Modern Trade,Medium,2022-03-03,10000,60,REP014
9214,Fictional Outlet 09214,South,Modern Trade,Large,2023-07-02,10000,15,REP015
9215,Fictional Outlet 09215,East, MODERN TRADE ,Large,2023-10-14,25000,30,REP016
9216,Fictional Outlet 09216,West,Traditional Trade,Medium,2023-11-24,5000,45,REP017
9217,Fictional Outlet 09217,North,Traditional Trade,Large,2023-04-21,5000,15,REP018
9218,Fictional Outlet 09218,South,Modern Trade,Medium,2022-02-23,5000,15,REP019
9219,Fictional Outlet 09219,East,Ecommerce,Medium,2023-07-31,5000,15,REP020
9220,Fictional Outlet 09220,West,Traditional Trade,Medium,2023-05-13,5000,60,REP021
9221,Fictional Outlet 09221,North,Modern Trade,Large,2022-09-28,25000,45,REP022
9222,Fictional Outlet 09222,South,Modern Trade,Medium,2023-11-05,50000,15,REP023
9223,Fictional Outlet 09223,East,Modern Trade,Medium,2022-12-27,10000,60,REP024
9224,Fictional Outlet 09224,West,Traditional Trade,Medium,2023-07-28,25000,30,REP025
9225,Fictional Outlet 09225,North,Traditional Trade,Medium,2022-01-05,50000,60,REP026
9226,Fictional Outlet 09226,South,Ecommerce,Medium,2023-06-22,5000,15,REP027
9227,Fictional Outlet 09227,East,Traditional Trade,Large,2022-11-27,25000,15,REP028
9228,Fictional Outlet 09228,West,Traditional Trade,Large,2023-07-25,10000,60,REP029
9229,Fictional Outlet 09229,North,Traditional Trade,Small,2022-11-02,5000,30,REP030
9230,Fictional Outlet 09230,South,Traditional Trade,Medium,2023-04-09,5000,45,REP031
9231,Fictional Outlet 09231,East,Traditional Trade,Small,2023-11-25,25000,15,REP032
9232,Fictional Outlet 09232,West,Traditional Trade,Small,2022-11-19,5000,60,REP033
9233,Fictional Outlet 09233,North,Traditional Trade,Large,2023-09-21,50000,60,REP034
9234,Fictional Outlet 09234,South,Traditional Trade,Medium,2022-02-05,10000,60,REP035
9235,Fictional Outlet 09235,East,Traditional Trade,Large,2023-01-24,5000,15,REP036
9236,Fictional Outlet 09236,West,Wholesale,Medium,2023-10-19,25000,45,REP037
9237,Fictional Outlet 09237,North,Wholesale,Medium,2022-08-09,50000,15,REP038
9238,Fictional Outlet 09238,South,Traditional Trade,Small,2023-06-25,25000,15,REP039
9239,Fictional Outlet 09239,East,Traditional Trade,Medium,2023-12-22,25000,60,REP040
9240,Fictional Outlet 09240,West,Wholesale,Medium,2022-08-30,50000,30,REP041
9241,Fictional Outlet 09241,North,Traditional Trade,Large,2022-04-17,25000,45,REP042
9242,Fictional Outlet 09242,South,Ecommerce,Medium,2022-04-10,50000,45,REP043
9243,Fictional Outlet 09243,East,Modern Trade,Small,2022-07-19,5000,60,REP044
9244,Fictional Outlet 09244,West,Traditional Trade,Small,2022-09-22,25000,15,REP045
9245,Fictional Outlet 09245,North,Traditional Trade,Small,2022-01-06,25000,15,REP046
9246,Fictional Outlet 09246,South,Wholesale,Medium,2022-11-05,25000,15,REP047
9247,Fictional Outlet 09247,East,Wholesale,Small,2023-09-10,5000,60,REP048
9248,Fictional Outlet 09248,West,Wholesale,Small,2022-12-17,10000,60,REP049
9249,Fictional Outlet 09249,North,Traditional Trade,Small,2023-07-14,50000,30,REP050
9250,Fictional Outlet 09250,South,Traditional Trade,Large,2022-12-15,10000,15,REP051
9251,Fictional Outlet 09251,East,Traditional Trade,Small,2023-04-13,50000,30,REP052
9252,Fictional Outlet 09252,West,Traditional Trade,Small,2023-12-26,50000,15,REP053
9253,Fictional Outlet 09253,North,Modern Trade,Large,2023-05-26,10000,45,REP054
9254,Fictional Outlet 09254,South,Traditional Trade,Large,2022-05-08,50000,30,REP055
9255,Fictional Outlet 09255,East,Traditional Trade,Large,2023-08-17,5000,15,REP056
9256,Fictional Outlet 09256,West,Traditional Trade,Medium,2022-09-28,50000,60,REP057
9257,Fictional Outlet 09257,North,Ecommerce,Large,2023-06-13,10000,30,REP058
9258,Fictional Outlet 09258,South,Traditional Trade,Small,2023-01-29,5000,30,REP059
9259,Fictional Outlet 09259,East,Wholesale,Small,2022-04-30,50000,45,REP060
9260,Fictional Outlet 09260,West,Modern Trade,Medium,2023-04-28,50000,45,REP061
9261,Fictional Outlet 09261,North,Modern Trade,Large,2023-01-17,50000,15,REP062
9262,Fictional Outlet 09262,South,Traditional Trade,Medium,2023-07-18,10000,15,REP063
9263,Fictional Outlet 09263,East,Traditional Trade,Large,2022-07-15,5000,45,REP064
9264,Fictional Outlet 09264,West,Modern Trade,Small,2022-04-30,25000,15,REP065
9265,Fictional Outlet 09265,North,Modern Trade,Medium,2023-01-15,50000,45,REP066
9266,Fictional Outlet 09266,South,Traditional Trade,Small,2023-03-13,50000,30,
9267,Fictional Outlet 09267,East,Traditional Trade,Large,2022-09-15,10000,60,REP068
9268,Fictional Outlet 09268,West,Modern Trade,Small,2023-01-17,10000,30,REP069
9269,Fictional Outlet 09269,North,Traditional Trade,Small,2023-12-04,25000,30,REP070
9270,Fictional Outlet 09270,South,Modern Trade,Small,2022-01-10,25000,45,REP071
9271,Fictional Outlet 09271,East,Ecommerce,Large,2022-04-20,5000,60,REP072
9272,Fictional Outlet 09272,West,Wholesale,Large,2022-05-20,5000,45,REP073
9273,Fictional Outlet 09273,North,Modern Trade,Large,2023-08-15,5000,30,REP074
9274,Fictional Outlet 09274,South,Traditional Trade,Large,2023-12-22,10000,30,REP075
9275,Fictional Outlet 09275,East,Traditional Trade,Medium,2023-06-15,50000,15,REP076
9276,Fictional Outlet 09276,West,Traditional Trade,Medium,2022-01-14,10000,60,REP077
9277,Fictional Outlet 09277,North,Traditional Trade,Medium,2022-08-09,25000,15,REP078
9278,Fictional Outlet 09278,South,Modern Trade,Large,2022-05-06,10000,15,REP079
9279,Fictional Outlet 09279,East,Traditional Trade,Medium,2023-06-09,50000,45,REP080
9280,Fictional Outlet 09280,West,Traditional Trade,Medium,2023-10-17,10000,30,REP001
9281,Fictional Outlet 09281,North,Traditional Trade,Medium,2023-02-13,10000,60,REP002
9282,Fictional Outlet 09282,South,Traditional Trade,Small,2023-07-10,50000,45,REP003
9283,Fictional Outlet 09283,East,Traditional Trade,Small,2022-12-29,50000,15,REP004
9284,Fictional Outlet 09284,West,Wholesale,Small,2023-06-26,50000,15,REP005
9285,Fictional Outlet 09285,North,Traditional Trade,Small,2023-06-28,5000,30,REP006
9286,Fictional Outlet 09286,South,Traditional Trade,Large,2022-04-25,5000,30,REP007
9287,Fictional Outlet 09287,East,Traditional Trade,Small,2022-02-11,50000,45,REP008
9288,Fictional Outlet 09288,West,Traditional Trade,Large,2022-04-06,5000,60,REP009
9289,Fictional Outlet 09289,North,Traditional Trade,Medium,2023-09-16,10000,45,REP010
9290,Fictional Outlet 09290,South,Ecommerce,Medium,2023-03-14,50000,45,REP011
9291,Fictional Outlet 09291,East,Traditional Trade,Medium,2023-12-19,50000,60,REP012
9292,Fictional Outlet 09292,West,Traditional Trade,Small,2022-03-17,25000,60,REP013
9293,Fictional Outlet 09293,North,Traditional Trade,Small,2022-01-06,50000,45,REP014
9294,Fictional Outlet 09294,South,Modern Trade,Medium,2022-03-22,5000,60,REP015
9295,Fictional Outlet 09295,East,Modern Trade,Small,2022-09-10,10000,15,REP016
9296,Fictional Outlet 09296,West,Traditional Trade,Large,2023-12-13,25000,30,REP017
9297,Fictional Outlet 09297,North,Traditional Trade,Large,2023-03-21,5000,45,REP018
9298,Fictional Outlet 09298,South,Traditional Trade,Medium,2022-08-29,25000,15,REP019
9299,Fictional Outlet 09299,East,Traditional Trade,Medium,2022-06-11,25000,30,REP020
9300,Fictional Outlet 09300,West,Traditional Trade,Small,2023-12-01,10000,45,REP021
9301,Fictional Outlet 09301,North,Traditional Trade,Small,2023-06-07,25000,60,REP022
9302,Fictional Outlet 09302,South,Traditional Trade,Large,2023-07-02,50000,60,REP023
9303,Fictional Outlet 09303,East,Traditional Trade,Large,2022-04-11,10000,45,REP024
9304,Fictional Outlet 09304,West,Traditional Trade,Small,2022-12-18,5000,45,REP025
9305,Fictional Outlet 09305,North,Traditional Trade,Small,2023-05-11,25000,15,REP026
9306,Fictional Outlet 09306,South,Modern Trade,Medium,2023-07-17,5000,60,REP027
9307,Fictional Outlet 09307,East,Traditional Trade,Large,2022-03-12,25000,15,REP028
9308,Fictional Outlet 09308,West,Traditional Trade,Small,2022-05-05,5000,15,REP029
9309,Fictional Outlet 09309,North,Modern Trade,Large,2022-06-11,50000,45,REP030
9310,Fictional Outlet 09310,South,Modern Trade,Small,2023-03-22,25000,45,REP031
9311,Fictional Outlet 09311,East,Traditional Trade,Medium,2022-01-09,50000,45,REP032
9312,Fictional Outlet 09312,West, TRADITIONAL TRADE ,Large,2023-10-04,10000,60,REP033
9313,Fictional Outlet 09313,North,Wholesale,Medium,2023-01-31,50000,15,REP034
9314,Fictional Outlet 09314,South,Traditional Trade,Small,2023-10-14,10000,60,REP035
9315,Fictional Outlet 09315,East,Wholesale,Large,2022-03-30,10000,60,REP036
9316,Fictional Outlet 09316,West,Traditional Trade,Small,2022-04-10,50000,45,REP037
9317,Fictional Outlet 09317,North,Traditional Trade,Small,2023-05-06,50000,15,REP038
9318,Fictional Outlet 09318,South,Traditional Trade,Medium,2022-05-06,5000,45,REP039
9319,Fictional Outlet 09319,East,Ecommerce,Medium,2023-06-04,10000,45,REP040
9320,Fictional Outlet 09320,West,Traditional Trade,Small,2022-02-24,25000,30,REP041
9321,Fictional Outlet 09321,North,Wholesale,Medium,2022-03-06,10000,45,REP042
9322,Fictional Outlet 09322,South,Traditional Trade,Medium,2022-05-01,25000,60,REP043
9323,Fictional Outlet 09323,East,Traditional Trade,Small,2023-11-23,10000,15,REP044
9324,Fictional Outlet 09324,West,Wholesale,Large,2023-12-14,10000,45,REP045
9325,Fictional Outlet 09325,North,Traditional Trade,Large,2023-05-11,50000,30,REP046
9326,Fictional Outlet 09326,South,Modern Trade,Medium,2022-02-11,50000,15,REP047
9327,Fictional Outlet 09327,East,Traditional Trade,Small,2023-07-11,50000,60,REP048
9328,Fictional Outlet 09328,West,Ecommerce,Medium,2023-02-26,50000,15,REP049
9329,Fictional Outlet 09329,North,Ecommerce,Large,2023-05-23,10000,15,REP050
9330,Fictional Outlet 09330,South,Modern Trade,Large,2022-11-20,10000,15,REP051
9331,Fictional Outlet 09331,East,Modern Trade,Medium,2022-02-18,10000,30,REP052
9332,Fictional Outlet 09332,West,Traditional Trade,Small,2022-09-12,25000,60,REP053
9333,Fictional Outlet 09333,North,Traditional Trade,Medium,2023-12-13,10000,15,REP054
9334,Fictional Outlet 09334,South,Traditional Trade,Medium,2023-02-18,10000,45,REP055
9335,Fictional Outlet 09335,East,Traditional Trade,Medium,2022-04-03,25000,15,REP056
9336,Fictional Outlet 09336,West,Traditional Trade,Small,2022-08-29,10000,30,REP057
9337,Fictional Outlet 09337,North,Modern Trade,Large,2022-12-03,50000,30,REP058
9338,Fictional Outlet 09338,South,Traditional Trade,Large,2023-06-06,5000,15,REP059
9339,Fictional Outlet 09339,East,Traditional Trade,Medium,2022-04-06,50000,60,REP060
9340,Fictional Outlet 09340,West,Ecommerce,Large,2023-10-20,10000,60,REP061
9341,Fictional Outlet 09341,North,Traditional Trade,Small,2022-07-01,10000,60,REP062
9342,Fictional Outlet 09342,South,Modern Trade,Small,2023-03-23,25000,45,REP063
9343,Fictional Outlet 09343,East,Wholesale,Medium,2022-08-30,10000,60,REP064
9344,Fictional Outlet 09344,West,Ecommerce,Small,2022-03-09,10000,60,REP065
9345,Fictional Outlet 09345,North,Modern Trade,Large,2022-05-27,25000,60,REP066
9346,Fictional Outlet 09346,South,Traditional Trade,Large,2022-10-02,50000,60,REP067
9347,Fictional Outlet 09347,East,Modern Trade,Large,2022-11-05,10000,15,REP068
9348,Fictional Outlet 09348,West,Traditional Trade,Large,2022-02-28,10000,60,REP069
9349,Fictional Outlet 09349,North,Wholesale,Large,2023-09-22,10000,45,REP070
9350,Fictional Outlet 09350,South,Traditional Trade,Small,2023-05-11,10000,45,REP071
9351,Fictional Outlet 09351,East,Traditional Trade,Large,2023-09-16,50000,45,REP072
9352,Fictional Outlet 09352,West,Wholesale,Large,2023-05-30,50000,45,REP073
9353,Fictional Outlet 09353,North,Traditional Trade,Large,2022-04-17,25000,15,REP074
9354,Fictional Outlet 09354,South,Traditional Trade,Large,2022-10-10,5000,60,REP075
9355,Fictional Outlet 09355,East,Wholesale,Large,2022-10-27,25000,15,REP076
9356,Fictional Outlet 09356,West,Wholesale,Medium,2023-01-20,50000,45,REP077
9357,Fictional Outlet 09357,North,Traditional Trade,Small,2023-04-03,50000,15,REP078
9358,Fictional Outlet 09358,South,Ecommerce,Medium,2023-04-12,50000,60,REP079
9359,Fictional Outlet 09359,East,Traditional Trade,Medium,2022-12-08,25000,60,REP080
9360,Fictional Outlet 09360,West,Traditional Trade,Small,2022-04-17,10000,45,REP001
9361,Fictional Outlet 09361,North,Wholesale,Medium,2023-02-27,10000,45,REP002
9362,Fictional Outlet 09362,South,Wholesale,Large,2022-03-11,10000,45,REP003
9363,Fictional Outlet 09363,East,Ecommerce,Large,2022-10-02,50000,30,REP004
9364,Fictional Outlet 09364,West,Wholesale,Large,2022-11-23,5000,60,REP005
9365,Fictional Outlet 09365,North,Traditional Trade,Large,2022-07-17,25000,15,REP006
9366,Fictional Outlet 09366,South,Traditional Trade,Large,2023-08-13,50000,60,REP007
9367,Fictional Outlet 09367,East,Wholesale,Large,2023-01-09,10000,30,REP008
9368,Fictional Outlet 09368,West,Traditional Trade,Large,2022-12-29,5000,30,REP009
9369,Fictional Outlet 09369,North,Traditional Trade,Large,2022-07-21,25000,45,REP010
9370,Fictional Outlet 09370,South,Wholesale,Medium,2023-11-04,5000,30,REP011
9371,Fictional Outlet 09371,East,Traditional Trade,Small,2022-12-23,5000,15,REP012
9372,Fictional Outlet 09372,West,Wholesale,Medium,2023-02-18,50000,30,REP013
9373,Fictional Outlet 09373,North,Ecommerce,Small,2023-12-21,50000,45,REP014
9374,Fictional Outlet 09374,South,Modern Trade,Medium,2023-05-11,10000,60,REP015
9375,Fictional Outlet 09375,East,Modern Trade,Small,2023-01-10,50000,15,REP016
9376,Fictional Outlet 09376,West,Traditional Trade,Large,2023-03-23,50000,15,REP017
9377,Fictional Outlet 09377,North,Traditional Trade,Small,2022-11-28,5000,30,REP018
9378,Fictional Outlet 09378,South,Traditional Trade,Large,2022-06-30,10000,45,REP019
9379,Fictional Outlet 09379,East,Traditional Trade,Medium,2023-02-07,25000,60,
9380,Fictional Outlet 09380,West,Modern Trade,Large,2023-08-27,5000,45,REP021
9381,Fictional Outlet 09381,North,Traditional Trade,Large,2023-08-22,5000,60,REP022
9382,Fictional Outlet 09382,South,Traditional Trade,Small,2023-01-21,10000,15,REP023
9383,Fictional Outlet 09383,East,Traditional Trade,Medium,2022-06-08,5000,15,REP024
9384,Fictional Outlet 09384,West,Traditional Trade,Large,2022-11-05,25000,45,REP025
9385,Fictional Outlet 09385,North,Traditional Trade,Small,2023-07-19,5000,45,REP026
9386,Fictional Outlet 09386,South,Ecommerce,Small,2023-06-20,50000,60,REP027
9387,Fictional Outlet 09387,East,Modern Trade,Large,2022-01-24,5000,30,REP028
9388,Fictional Outlet 09388,West,Wholesale,Small,2022-12-20,50000,15,REP029
9389,Fictional Outlet 09389,North,Ecommerce,Large,2023-11-21,10000,30,REP030
9390,Fictional Outlet 09390,South,Wholesale,Large,2023-04-30,5000,45,REP031
9391,Fictional Outlet 09391,East,Traditional Trade,Large,2023-11-04,10000,15,REP032
9392,Fictional Outlet 09392,West,Ecommerce,Large,2023-10-12,50000,60,REP033
9393,Fictional Outlet 09393,North,Ecommerce,Small,2023-02-06,10000,15,REP034
9394,Fictional Outlet 09394,South,Wholesale,Small,2022-06-16,10000,15,REP035
9395,Fictional Outlet 09395,East,Wholesale,Large,2023-12-05,25000,60,REP036
9396,Fictional Outlet 09396,West,Wholesale,Medium,2023-08-27,10000,30,REP037
9397,Fictional Outlet 09397,North,Ecommerce,Medium,2023-05-19,25000,60,REP038
9398,Fictional Outlet 09398,South,Modern Trade,Medium,2022-11-30,50000,45,REP039
9399,Fictional Outlet 09399,East,Traditional Trade,Medium,2022-11-26,25000,60,REP040
9400,Fictional Outlet 09400,West,Traditional Trade,Small,2022-04-10,50000,30,REP041
9401,Fictional Outlet 09401,North,Ecommerce,Medium,2023-08-02,5000,45,REP042
9402,Fictional Outlet 09402,South,Traditional Trade,Large,2023-09-15,50000,15,REP043
9403,Fictional Outlet 09403,East,Traditional Trade,Medium,2022-03-29,10000,15,REP044
9404,Fictional Outlet 09404,West,Modern Trade,Small,2023-12-03,10000,60,REP045
9405,Fictional Outlet 09405,North,Modern Trade,Small,2022-06-18,25000,15,REP046
9406,Fictional Outlet 09406,South,Traditional Trade,Small,2022-09-03,50000,15,REP047
9407,Fictional Outlet 09407,East,Traditional Trade,Medium,2023-09-10,50000,30,REP048
9408,Fictional Outlet 09408,West,Traditional Trade,Large,2023-06-14,50000,45,REP049
9409,Fictional Outlet 09409,North, TRADITIONAL TRADE ,Large,2023-07-16,5000,15,REP050
9410,Fictional Outlet 09410,South,Wholesale,Small,2022-03-11,10000,45,REP051
9411,Fictional Outlet 09411,East,Modern Trade,Medium,2023-06-29,10000,15,REP052
9412,Fictional Outlet 09412,West,Traditional Trade,Large,2022-02-19,5000,60,REP053
9413,Fictional Outlet 09413,North,Wholesale,Medium,2023-12-31,5000,30,REP054
9414,Fictional Outlet 09414,South,Ecommerce,Medium,2023-05-03,50000,30,REP055
9415,Fictional Outlet 09415,East,Traditional Trade,Medium,2022-05-16,5000,30,REP056
9416,Fictional Outlet 09416,West,Wholesale,Large,2023-03-10,50000,15,REP057
9417,Fictional Outlet 09417,North,Traditional Trade,Large,2023-06-03,25000,15,REP058
9418,Fictional Outlet 09418,South,Modern Trade,Medium,2023-09-28,10000,45,REP059
9419,Fictional Outlet 09419,East,Wholesale,Medium,2023-09-21,25000,45,REP060
9420,Fictional Outlet 09420,West,Modern Trade,Small,2023-01-03,25000,15,REP061
9421,Fictional Outlet 09421,North,Traditional Trade,Large,2023-06-27,50000,15,REP062
9422,Fictional Outlet 09422,South,Wholesale,Medium,2023-10-19,25000,30,REP063
9423,Fictional Outlet 09423,East,Traditional Trade,Medium,2022-01-24,5000,45,REP064
9424,Fictional Outlet 09424,West,Wholesale,Large,2023-07-23,5000,15,REP065
9425,Fictional Outlet 09425,North,Traditional Trade,Small,2023-04-18,25000,45,REP066
9426,Fictional Outlet 09426,South,Modern Trade,Small,2022-03-12,5000,60,REP067
9427,Fictional Outlet 09427,East,Traditional Trade,Medium,2022-11-27,5000,45,REP068
9428,Fictional Outlet 09428,West,Wholesale,Medium,2023-09-19,5000,15,REP069
9429,Fictional Outlet 09429,North,Wholesale,Large,2022-08-31,5000,60,REP070
9430,Fictional Outlet 09430,South,Wholesale,Medium,2022-11-23,50000,45,REP071
9431,Fictional Outlet 09431,East,Modern Trade,Large,2022-12-28,50000,45,REP072
9432,Fictional Outlet 09432,West,Modern Trade,Small,2023-06-01,25000,45,REP073
9433,Fictional Outlet 09433,North,Traditional Trade,Large,2023-01-18,50000,60,REP074
9434,Fictional Outlet 09434,South,Traditional Trade,Large,2022-12-29,5000,60,REP075
9435,Fictional Outlet 09435,East,Traditional Trade,Large,2023-09-09,25000,45,REP076
9436,Fictional Outlet 09436,West,Wholesale,Large,2022-08-05,5000,15,REP077
9437,Fictional Outlet 09437,North,Traditional Trade,Small,2022-02-23,25000,60,REP078
9438,Fictional Outlet 09438,South,Traditional Trade,Small,2023-07-02,25000,45,REP079
9439,Fictional Outlet 09439,East,Traditional Trade,Medium,2023-03-06,25000,60,REP080
9440,Fictional Outlet 09440,West,Ecommerce,Large,2023-04-12,10000,60,REP001
9441,Fictional Outlet 09441,North,Traditional Trade,Small,2022-06-13,10000,45,REP002
9442,Fictional Outlet 09442,South,Traditional Trade,Medium,2022-02-25,5000,45,REP003
9443,Fictional Outlet 09443,East,Wholesale,Small,2022-11-29,50000,45,REP004
9444,Fictional Outlet 09444,West,Traditional Trade,Medium,2023-03-15,5000,15,REP005
9445,Fictional Outlet 09445,North,Wholesale,Medium,2022-05-14,25000,30,REP006
9446,Fictional Outlet 09446,South,Wholesale,Medium,2023-06-27,25000,30,REP007
9447,Fictional Outlet 09447,East,Traditional Trade,Large,2022-11-29,10000,15,REP008
9448,Fictional Outlet 09448,West,Wholesale,Small,2022-11-12,50000,15,REP009
9449,Fictional Outlet 09449,North,Traditional Trade,Large,2022-02-15,25000,60,REP010
9450,Fictional Outlet 09450,South,Modern Trade,Medium,2022-07-11,25000,15,REP011
9451,Fictional Outlet 09451,East,Traditional Trade,Medium,2022-10-08,25000,15,REP012
9452,Fictional Outlet 09452,West,Traditional Trade,Large,2023-04-24,5000,30,REP013
9453,Fictional Outlet 09453,North,Modern Trade,Small,2023-06-15,50000,45,REP014
9454,Fictional Outlet 09454,South,Traditional Trade,Large,2023-09-03,5000,60,REP015
9455,Fictional Outlet 09455,East,Traditional Trade,Medium,2022-03-27,5000,30,REP016
9456,Fictional Outlet 09456,West,Wholesale,Medium,2022-12-11,5000,15,REP017
9457,Fictional Outlet 09457,North,Wholesale,Small,2023-10-17,25000,60,REP018
9458,Fictional Outlet 09458,South,Traditional Trade,Small,2023-01-15,50000,30,REP019
9459,Fictional Outlet 09459,East,Modern Trade,Large,2023-10-25,5000,60,REP020
9460,Fictional Outlet 09460,West,Traditional Trade,Small,2022-09-01,5000,45,REP021
9461,Fictional Outlet 09461,North,Wholesale,Large,2023-03-28,25000,45,REP022
9462,Fictional Outlet 09462,South,Traditional Trade,Large,2023-12-12,50000,45,REP023
9463,Fictional Outlet 09463,East,Traditional Trade,Small,2023-04-11,50000,30,REP024
9464,Fictional Outlet 09464,West,Modern Trade,Large,2022-01-06,10000,45,REP025
9465,Fictional Outlet 09465,North,Wholesale,Medium,2022-02-23,25000,15,REP026
9466,Fictional Outlet 09466,South,Modern Trade,Medium,2022-07-26,5000,60,REP027
9467,Fictional Outlet 09467,East,Wholesale,Large,2023-02-07,50000,30,REP028
9468,Fictional Outlet 09468,West,Traditional Trade,Large,2023-07-31,10000,15,REP029
9469,Fictional Outlet 09469,North,Traditional Trade,Medium,2023-05-05,25000,45,REP030
9470,Fictional Outlet 09470,South,Traditional Trade,Large,2023-08-17,10000,60,REP031
9471,Fictional Outlet 09471,East,Traditional Trade,Medium,2022-12-07,5000,45,REP032
9472,Fictional Outlet 09472,West,Traditional Trade,Large,2023-01-24,25000,30,REP033
9473,Fictional Outlet 09473,North,Traditional Trade,Small,2023-07-03,5000,45,REP034
9474,Fictional Outlet 09474,South,Wholesale,Medium,2023-02-21,5000,60,REP035
9475,Fictional Outlet 09475,East,Modern Trade,Medium,2022-11-03,10000,15,REP036
9476,Fictional Outlet 09476,West,Wholesale,Small,2022-01-23,25000,30,REP037
9477,Fictional Outlet 09477,North,Wholesale,Small,2023-06-09,50000,60,REP038
9478,Fictional Outlet 09478,South,Wholesale,Medium,2022-11-13,25000,60,REP039
9479,Fictional Outlet 09479,East,Traditional Trade,Small,2023-10-19,25000,45,REP040
9480,Fictional Outlet 09480,West,Modern Trade,Small,2022-06-10,25000,45,REP041
9481,Fictional Outlet 09481,North,Traditional Trade,Small,2022-08-28,50000,45,REP042
9482,Fictional Outlet 09482,South,Traditional Trade,Medium,2023-09-22,10000,30,REP043
9483,Fictional Outlet 09483,East,Traditional Trade,Large,2023-07-19,5000,45,REP044
9484,Fictional Outlet 09484,West,Wholesale,Small,2023-01-26,10000,60,REP045
9485,Fictional Outlet 09485,North,Traditional Trade,Small,2023-02-20,50000,15,REP046
9486,Fictional Outlet 09486,South,Traditional Trade,Medium,2022-07-14,10000,30,REP047
9487,Fictional Outlet 09487,East,Modern Trade,Medium,2022-05-07,50000,45,REP048
9488,Fictional Outlet 09488,West,Wholesale,Medium,2023-08-20,25000,60,REP049
9489,Fictional Outlet 09489,North,Modern Trade,Small,2022-09-23,5000,45,REP050
9490,Fictional Outlet 09490,South,Traditional Trade,Large,2023-11-12,10000,60,REP051
9491,Fictional Outlet 09491,East,Traditional Trade,Small,2022-09-27,25000,45,REP052
9492,Fictional Outlet 09492,West,Traditional Trade,Large,2023-05-22,25000,30,
9493,Fictional Outlet 09493,North,Traditional Trade,Medium,2022-05-18,25000,45,REP054
9494,Fictional Outlet 09494,South,Traditional Trade,Large,2022-03-23,5000,15,REP055
9495,Fictional Outlet 09495,East,Traditional Trade,Small,2023-03-16,25000,60,REP056
9496,Fictional Outlet 09496,West,Traditional Trade,Large,2023-09-14,10000,30,REP057
9497,Fictional Outlet 09497,North,Traditional Trade,Medium,2023-06-07,5000,30,REP058
9498,Fictional Outlet 09498,South,Traditional Trade,Medium,2022-09-20,25000,45,REP059
9499,Fictional Outlet 09499,East,Modern Trade,Small,2022-04-29,10000,60,REP060
9500,Fictional Outlet 09500,West,Wholesale,Medium,2022-08-15,10000,60,REP061
9501,Fictional Outlet 09501,North,Modern Trade,Large,2022-06-10,25000,45,REP062
9502,Fictional Outlet 09502,South,Traditional Trade,Large,2022-11-12,50000,30,REP063
9503,Fictional Outlet 09503,East,Traditional Trade,Medium,2022-08-31,5000,60,REP064
9504,Fictional Outlet 09504,West,Traditional Trade,Medium,2022-04-22,25000,15,REP065
9505,Fictional Outlet 09505,North,Traditional Trade,Small,2023-12-06,50000,15,REP066
9506,Fictional Outlet 09506,South, MODERN TRADE ,Medium,2022-01-19,25000,60,REP067
9507,Fictional Outlet 09507,East,Traditional Trade,Medium,2022-01-02,5000,15,REP068
9508,Fictional Outlet 09508,West,Modern Trade,Large,2022-01-08,25000,15,REP069
9509,Fictional Outlet 09509,North,Traditional Trade,Large,2022-12-15,50000,15,REP070
9510,Fictional Outlet 09510,South,Wholesale,Large,2022-09-19,50000,30,REP071
9511,Fictional Outlet 09511,East,Traditional Trade,Large,2023-11-27,10000,45,REP072
9512,Fictional Outlet 09512,West,Wholesale,Small,2023-04-17,10000,30,REP073
9513,Fictional Outlet 09513,North,Modern Trade,Small,2023-07-01,50000,30,REP074
9514,Fictional Outlet 09514,South,Traditional Trade,Small,2023-11-23,5000,15,REP075
9515,Fictional Outlet 09515,East,Wholesale,Medium,2022-11-02,10000,30,REP076
9516,Fictional Outlet 09516,West,Traditional Trade,Medium,2022-12-27,25000,15,REP077
9517,Fictional Outlet 09517,North,Traditional Trade,Large,2023-06-03,25000,60,REP078
9518,Fictional Outlet 09518,South,Ecommerce,Large,2022-10-23,50000,30,REP079
9519,Fictional Outlet 09519,East,Traditional Trade,Small,2023-06-30,10000,45,REP080
9520,Fictional Outlet 09520,West,Traditional Trade,Medium,2023-10-06,5000,15,REP001
9521,Fictional Outlet 09521,North,Modern Trade,Medium,2023-04-13,10000,15,REP002
9522,Fictional Outlet 09522,South,Modern Trade,Large,2023-01-28,25000,30,REP003
9523,Fictional Outlet 09523,East,Traditional Trade,Large,2023-06-19,50000,60,REP004
9524,Fictional Outlet 09524,West,Modern Trade,Small,2023-12-20,25000,60,REP005
9525,Fictional Outlet 09525,North,Wholesale,Small,2022-12-21,25000,15,REP006
9526,Fictional Outlet 09526,South,Wholesale,Large,2023-07-26,10000,45,REP007
9527,Fictional Outlet 09527,East,Traditional Trade,Medium,2022-11-23,25000,30,REP008
9528,Fictional Outlet 09528,West,Modern Trade,Small,2022-01-25,25000,15,REP009
9529,Fictional Outlet 09529,North,Traditional Trade,Small,2023-02-28,10000,30,REP010
9530,Fictional Outlet 09530,South,Wholesale,Medium,2022-05-17,10000,60,REP011
9531,Fictional Outlet 09531,East,Wholesale,Medium,2022-03-02,5000,60,REP012
9532,Fictional Outlet 09532,West,Traditional Trade,Large,2022-04-24,25000,30,REP013
9533,Fictional Outlet 09533,North,Traditional Trade,Small,2023-04-04,5000,60,REP014
9534,Fictional Outlet 09534,South,Traditional Trade,Medium,2022-12-11,5000,15,REP015
9535,Fictional Outlet 09535,East,Traditional Trade,Small,2022-07-15,25000,30,REP016
9536,Fictional Outlet 09536,West,Ecommerce,Small,2022-12-05,25000,15,REP017
9537,Fictional Outlet 09537,North,Traditional Trade,Medium,2023-08-18,5000,45,REP018
9538,Fictional Outlet 09538,South,Wholesale,Small,2022-11-03,5000,30,REP019
9539,Fictional Outlet 09539,East,Modern Trade,Large,2022-09-30,10000,30,REP020
9540,Fictional Outlet 09540,West,Traditional Trade,Small,2022-11-22,25000,30,REP021
9541,Fictional Outlet 09541,North,Traditional Trade,Small,2023-04-22,10000,60,REP022
9542,Fictional Outlet 09542,South,Modern Trade,Large,2022-01-10,10000,15,REP023
9543,Fictional Outlet 09543,East,Traditional Trade,Medium,2023-07-21,5000,45,REP024
9544,Fictional Outlet 09544,West,Modern Trade,Medium,2022-12-13,50000,15,REP025
9545,Fictional Outlet 09545,North,Traditional Trade,Large,2023-12-21,50000,45,REP026
9546,Fictional Outlet 09546,South,Modern Trade,Medium,2022-08-13,5000,45,REP027
9547,Fictional Outlet 09547,East,Traditional Trade,Large,2022-01-13,50000,15,REP028
9548,Fictional Outlet 09548,West,Wholesale,Small,2023-04-24,10000,45,REP029
9549,Fictional Outlet 09549,North,Modern Trade,Medium,2023-03-18,10000,15,REP030
9550,Fictional Outlet 09550,South,Traditional Trade,Large,2023-11-10,10000,15,REP031
9551,Fictional Outlet 09551,East,Traditional Trade,Large,2023-10-19,10000,15,REP032
9552,Fictional Outlet 09552,West,Wholesale,Small,2023-07-30,25000,30,REP033
9553,Fictional Outlet 09553,North,Traditional Trade,Small,2023-01-11,10000,30,REP034
9554,Fictional Outlet 09554,South,Traditional Trade,Small,2022-04-30,25000,30,REP035
9555,Fictional Outlet 09555,East,Traditional Trade,Medium,2023-04-13,50000,30,REP036
9556,Fictional Outlet 09556,West,Modern Trade,Small,2023-02-12,10000,60,REP037
9557,Fictional Outlet 09557,North,Wholesale,Medium,2023-12-12,5000,60,REP038
9558,Fictional Outlet 09558,South,Traditional Trade,Small,2022-02-09,50000,30,REP039
9559,Fictional Outlet 09559,East,Modern Trade,Small,2023-11-22,5000,45,REP040
9560,Fictional Outlet 09560,West,Traditional Trade,Small,2022-07-02,25000,15,REP041
9561,Fictional Outlet 09561,North,Traditional Trade,Medium,2022-10-08,10000,30,REP042
9562,Fictional Outlet 09562,South,Traditional Trade,Small,2022-05-08,50000,60,REP043
9563,Fictional Outlet 09563,East,Wholesale,Large,2023-02-19,25000,15,REP044
9564,Fictional Outlet 09564,West,Traditional Trade,Medium,2023-07-25,10000,30,REP045
9565,Fictional Outlet 09565,North,Traditional Trade,Large,2022-06-07,25000,45,REP046
9566,Fictional Outlet 09566,South,Modern Trade,Large,2023-09-28,50000,30,REP047
9567,Fictional Outlet 09567,East,Modern Trade,Small,2023-09-26,25000,45,REP048
9568,Fictional Outlet 09568,West,Wholesale,Small,2022-06-05,50000,45,REP049
9569,Fictional Outlet 09569,North,Wholesale,Medium,2022-12-01,50000,15,REP050
9570,Fictional Outlet 09570,South,Traditional Trade,Large,2023-04-23,25000,60,REP051
9571,Fictional Outlet 09571,East,Traditional Trade,Medium,2023-11-12,50000,60,REP052
9572,Fictional Outlet 09572,West,Traditional Trade,Large,2022-10-29,25000,30,REP053
9573,Fictional Outlet 09573,North,Traditional Trade,Small,2023-01-22,10000,15,REP054
9574,Fictional Outlet 09574,South,Traditional Trade,Large,2022-07-30,50000,30,REP055
9575,Fictional Outlet 09575,East,Traditional Trade,Large,2023-07-30,5000,30,REP056
9576,Fictional Outlet 09576,West,Wholesale,Large,2023-08-15,50000,15,REP057
9577,Fictional Outlet 09577,North,Traditional Trade,Large,2023-11-20,50000,15,REP058
9578,Fictional Outlet 09578,South,Modern Trade,Medium,2022-10-04,10000,15,REP059
9579,Fictional Outlet 09579,East,Modern Trade,Large,2023-02-14,10000,30,REP060
9580,Fictional Outlet 09580,West,Modern Trade,Large,2022-09-25,10000,15,REP061
9581,Fictional Outlet 09581,North,Traditional Trade,Small,2023-05-23,5000,60,REP062
9582,Fictional Outlet 09582,South,Traditional Trade,Large,2022-09-01,10000,45,REP063
9583,Fictional Outlet 09583,East,Wholesale,Medium,2023-01-21,50000,30,REP064
9584,Fictional Outlet 09584,West,Wholesale,Medium,2023-02-01,10000,60,REP065
9585,Fictional Outlet 09585,North,Traditional Trade,Medium,2022-01-18,10000,30,REP066
9586,Fictional Outlet 09586,South,Traditional Trade,Small,2022-02-06,5000,60,REP067
9587,Fictional Outlet 09587,East,Modern Trade,Medium,2022-03-23,25000,30,REP068
9588,Fictional Outlet 09588,West,Wholesale,Large,2023-09-28,5000,60,REP069
9589,Fictional Outlet 09589,North,Traditional Trade,Medium,2023-01-28,5000,60,REP070
9590,Fictional Outlet 09590,South,Traditional Trade,Medium,2023-06-17,10000,30,REP071
9591,Fictional Outlet 09591,East,Modern Trade,Medium,2023-03-28,5000,30,REP072
9592,Fictional Outlet 09592,West,Traditional Trade,Large,2022-04-08,10000,15,REP073
9593,Fictional Outlet 09593,North,Ecommerce,Large,2022-11-14,50000,30,REP074
9594,Fictional Outlet 09594,South,Modern Trade,Large,2023-06-01,50000,45,REP075
9595,Fictional Outlet 09595,East,Wholesale,Small,2023-02-07,5000,30,REP076
9596,Fictional Outlet 09596,West,Wholesale,Large,2023-05-31,5000,30,REP077
9597,Fictional Outlet 09597,North,Wholesale,Large,2023-07-11,5000,30,REP078
9598,Fictional Outlet 09598,South,Traditional Trade,Medium,2023-02-13,25000,45,REP079
9599,Fictional Outlet 09599,East,Wholesale,Small,2022-03-15,50000,30,REP080
9600,Fictional Outlet 09600,West,Wholesale,Small,2023-06-05,25000,30,REP001
9601,Fictional Outlet 09601,North,Traditional Trade,Small,2023-10-07,25000,60,REP002
9602,Fictional Outlet 09602,South,Traditional Trade,Medium,2023-06-07,10000,45,REP003
9603,Fictional Outlet 09603,East, TRADITIONAL TRADE ,Small,2022-01-30,10000,60,REP004
9604,Fictional Outlet 09604,West,Traditional Trade,Small,2023-08-13,5000,45,REP005
9605,Fictional Outlet 09605,North,Traditional Trade,Small,2022-02-27,5000,15,
9606,Fictional Outlet 09606,South,Traditional Trade,Small,2022-01-14,25000,45,REP007
9607,Fictional Outlet 09607,East,Modern Trade,Small,2022-11-10,25000,45,REP008
9608,Fictional Outlet 09608,West,Traditional Trade,Medium,2022-04-06,50000,45,REP009
9609,Fictional Outlet 09609,North,Traditional Trade,Small,2023-07-24,5000,15,REP010
9610,Fictional Outlet 09610,South,Traditional Trade,Small,2022-03-02,5000,60,REP011
9611,Fictional Outlet 09611,East,Traditional Trade,Medium,2023-02-19,10000,45,REP012
9612,Fictional Outlet 09612,West,Modern Trade,Large,2022-08-29,25000,15,REP013
9613,Fictional Outlet 09613,North,Traditional Trade,Large,2022-11-26,5000,60,REP014
9614,Fictional Outlet 09614,South,Traditional Trade,Large,2022-08-25,25000,30,REP015
9615,Fictional Outlet 09615,East,Wholesale,Large,2023-03-26,5000,15,REP016
9616,Fictional Outlet 09616,West,Traditional Trade,Small,2022-03-06,50000,30,REP017
9617,Fictional Outlet 09617,North,Modern Trade,Large,2023-05-05,5000,45,REP018
9618,Fictional Outlet 09618,South,Traditional Trade,Medium,2022-10-31,10000,60,REP019
9619,Fictional Outlet 09619,East,Wholesale,Large,2023-10-24,10000,30,REP020
9620,Fictional Outlet 09620,West,Modern Trade,Large,2022-08-17,10000,60,REP021
9621,Fictional Outlet 09621,North,Wholesale,Large,2023-12-04,5000,15,REP022
9622,Fictional Outlet 09622,South,Traditional Trade,Medium,2022-02-23,25000,30,REP023
9623,Fictional Outlet 09623,East,Traditional Trade,Small,2023-12-26,10000,60,REP024
9624,Fictional Outlet 09624,West,Traditional Trade,Medium,2023-04-24,10000,15,REP025
9625,Fictional Outlet 09625,North,Modern Trade,Large,2022-12-19,50000,30,REP026
9626,Fictional Outlet 09626,South,Modern Trade,Large,2023-06-02,25000,60,REP027
9627,Fictional Outlet 09627,East,Traditional Trade,Small,2022-06-27,10000,15,REP028
9628,Fictional Outlet 09628,West,Modern Trade,Large,2022-01-28,50000,15,REP029
9629,Fictional Outlet 09629,North,Traditional Trade,Large,2022-11-24,5000,45,REP030
9630,Fictional Outlet 09630,South,Ecommerce,Medium,2023-05-23,10000,45,REP031
9631,Fictional Outlet 09631,East,Traditional Trade,Small,2023-11-07,5000,30,REP032
9632,Fictional Outlet 09632,West,Modern Trade,Medium,2022-07-20,50000,60,REP033
9633,Fictional Outlet 09633,North,Traditional Trade,Small,2023-06-02,10000,15,REP034
9634,Fictional Outlet 09634,South,Traditional Trade,Small,2022-02-11,25000,30,REP035
9635,Fictional Outlet 09635,East,Wholesale,Medium,2022-09-19,50000,30,REP036
9636,Fictional Outlet 09636,West,Modern Trade,Large,2023-07-18,25000,45,REP037
9637,Fictional Outlet 09637,North,Traditional Trade,Small,2022-06-23,5000,15,REP038
9638,Fictional Outlet 09638,South,Traditional Trade,Medium,2023-02-15,50000,30,REP039
9639,Fictional Outlet 09639,East,Traditional Trade,Small,2022-06-14,5000,60,REP040
9640,Fictional Outlet 09640,West,Ecommerce,Medium,2022-11-13,25000,45,REP041
9641,Fictional Outlet 09641,North,Wholesale,Large,2023-09-05,50000,30,REP042
9642,Fictional Outlet 09642,South,Traditional Trade,Large,2023-07-30,5000,15,REP043
9643,Fictional Outlet 09643,East,Traditional Trade,Large,2023-08-02,10000,15,REP044
9644,Fictional Outlet 09644,West,Traditional Trade,Large,2022-12-11,10000,60,REP045
9645,Fictional Outlet 09645,North,Modern Trade,Small,2022-01-16,5000,15,REP046
9646,Fictional Outlet 09646,South,Traditional Trade,Small,2022-11-21,25000,60,REP047
9647,Fictional Outlet 09647,East,Traditional Trade,Medium,2022-11-24,10000,15,REP048
9648,Fictional Outlet 09648,West,Traditional Trade,Large,2022-04-20,50000,60,REP049
9649,Fictional Outlet 09649,North,Wholesale,Large,2022-03-14,50000,15,REP050
9650,Fictional Outlet 09650,South,Modern Trade,Medium,2022-06-03,25000,60,REP051
9651,Fictional Outlet 09651,East,Traditional Trade,Medium,2023-01-26,10000,45,REP052
9652,Fictional Outlet 09652,West,Traditional Trade,Medium,2023-11-26,5000,60,REP053
9653,Fictional Outlet 09653,North,Wholesale,Medium,2022-11-17,50000,15,REP054
9654,Fictional Outlet 09654,South,Traditional Trade,Medium,2022-03-31,50000,45,REP055
9655,Fictional Outlet 09655,East,Wholesale,Large,2023-10-05,10000,15,REP056
9656,Fictional Outlet 09656,West,Wholesale,Large,2022-07-14,10000,15,REP057
9657,Fictional Outlet 09657,North,Modern Trade,Large,2022-11-24,50000,60,REP058
9658,Fictional Outlet 09658,South,Traditional Trade,Small,2023-03-31,10000,60,REP059
9659,Fictional Outlet 09659,East,Ecommerce,Small,2023-01-27,25000,15,REP060
9660,Fictional Outlet 09660,West,Modern Trade,Large,2023-07-30,10000,30,REP061
9661,Fictional Outlet 09661,North,Traditional Trade,Small,2022-11-17,50000,15,REP062
9662,Fictional Outlet 09662,South,Traditional Trade,Medium,2023-12-22,50000,15,REP063
9663,Fictional Outlet 09663,East,Traditional Trade,Medium,2023-04-11,5000,45,REP064
9664,Fictional Outlet 09664,West,Modern Trade,Large,2022-09-13,5000,15,REP065
9665,Fictional Outlet 09665,North,Wholesale,Medium,2023-03-19,25000,15,REP066
9666,Fictional Outlet 09666,South,Wholesale,Large,2022-06-28,50000,15,REP067
9667,Fictional Outlet 09667,East,Traditional Trade,Large,2023-07-01,25000,15,REP068
9668,Fictional Outlet 09668,West,Traditional Trade,Large,2023-12-03,25000,15,REP069
9669,Fictional Outlet 09669,North,Modern Trade,Medium,2023-06-30,5000,15,REP070
9670,Fictional Outlet 09670,South,Traditional Trade,Medium,2023-01-27,50000,30,REP071
9671,Fictional Outlet 09671,East,Traditional Trade,Medium,2022-12-08,50000,45,REP072
9672,Fictional Outlet 09672,West,Wholesale,Medium,2022-08-16,25000,15,REP073
9673,Fictional Outlet 09673,North,Traditional Trade,Large,2022-04-04,50000,15,REP074
9674,Fictional Outlet 09674,South,Traditional Trade,Large,2023-06-11,50000,30,REP075
9675,Fictional Outlet 09675,East,Wholesale,Medium,2023-02-26,10000,60,REP076
9676,Fictional Outlet 09676,West,Traditional Trade,Large,2023-12-20,25000,45,REP077
9677,Fictional Outlet 09677,North,Traditional Trade,Medium,2023-10-16,25000,30,REP078
9678,Fictional Outlet 09678,South,Modern Trade,Medium,2022-01-22,50000,45,REP079
9679,Fictional Outlet 09679,East,Modern Trade,Large,2023-04-22,25000,15,REP080
9680,Fictional Outlet 09680,West,Wholesale,Medium,2022-12-27,25000,45,REP001
9681,Fictional Outlet 09681,North,Traditional Trade,Small,2022-08-31,50000,15,REP002
9682,Fictional Outlet 09682,South,Ecommerce,Large,2023-10-05,10000,45,REP003
9683,Fictional Outlet 09683,East,Modern Trade,Large,2023-08-02,10000,15,REP004
9684,Fictional Outlet 09684,West,Traditional Trade,Small,2022-03-21,50000,30,REP005
9685,Fictional Outlet 09685,North,Wholesale,Small,2022-04-16,25000,60,REP006
9686,Fictional Outlet 09686,South,Traditional Trade,Medium,2022-12-01,5000,15,REP007
9687,Fictional Outlet 09687,East,Ecommerce,Small,2022-07-14,50000,30,REP008
9688,Fictional Outlet 09688,West,Wholesale,Large,2022-05-02,25000,30,REP009
9689,Fictional Outlet 09689,North,Traditional Trade,Small,2023-05-23,5000,30,REP010
9690,Fictional Outlet 09690,South,Ecommerce,Small,2022-09-30,5000,60,REP011
9691,Fictional Outlet 09691,East,Traditional Trade,Large,2022-11-11,10000,45,REP012
9692,Fictional Outlet 09692,West,Traditional Trade,Small,2023-11-08,5000,60,REP013
9693,Fictional Outlet 09693,North,Traditional Trade,Large,2023-05-03,10000,60,REP014
9694,Fictional Outlet 09694,South,Traditional Trade,Medium,2022-07-01,10000,15,REP015
9695,Fictional Outlet 09695,East,Ecommerce,Large,2023-03-15,10000,45,REP016
9696,Fictional Outlet 09696,West,Traditional Trade,Small,2022-02-16,5000,30,REP017
9697,Fictional Outlet 09697,North,Modern Trade,Medium,2022-12-04,50000,60,REP018
9698,Fictional Outlet 09698,South,Traditional Trade,Small,2023-05-09,10000,60,REP019
9699,Fictional Outlet 09699,East,Traditional Trade,Small,2023-04-27,50000,60,REP020
9700,Fictional Outlet 09700,West, TRADITIONAL TRADE ,Large,2022-12-26,5000,60,REP021
9701,Fictional Outlet 09701,North,Modern Trade,Large,2023-07-23,5000,30,REP022
9702,Fictional Outlet 09702,South,Traditional Trade,Medium,2023-08-28,50000,30,REP023
9703,Fictional Outlet 09703,East,Traditional Trade,Large,2023-05-15,25000,15,REP024
9704,Fictional Outlet 09704,West,Modern Trade,Medium,2022-03-14,25000,60,REP025
9705,Fictional Outlet 09705,North,Wholesale,Large,2023-11-02,10000,45,REP026
9706,Fictional Outlet 09706,South,Traditional Trade,Medium,2023-11-01,50000,45,REP027
9707,Fictional Outlet 09707,East,Traditional Trade,Small,2022-07-13,5000,30,REP028
9708,Fictional Outlet 09708,West,Modern Trade,Medium,2022-12-12,5000,60,REP029
9709,Fictional Outlet 09709,North,Wholesale,Small,2023-01-12,50000,30,REP030
9710,Fictional Outlet 09710,South,Wholesale,Large,2023-01-25,5000,15,REP031
9711,Fictional Outlet 09711,East,Traditional Trade,Medium,2022-05-27,25000,60,REP032
9712,Fictional Outlet 09712,West,Wholesale,Small,2022-07-03,50000,15,REP033
9713,Fictional Outlet 09713,North,Modern Trade,Large,2023-10-11,25000,45,REP034
9714,Fictional Outlet 09714,South,Modern Trade,Medium,2022-02-02,25000,45,REP035
9715,Fictional Outlet 09715,East,Modern Trade,Medium,2023-07-28,10000,15,REP036
9716,Fictional Outlet 09716,West,Traditional Trade,Large,2022-02-15,10000,30,REP037
9717,Fictional Outlet 09717,North,Traditional Trade,Medium,2022-05-19,10000,15,REP038
9718,Fictional Outlet 09718,South,Traditional Trade,Small,2022-10-02,10000,60,
9719,Fictional Outlet 09719,East,Traditional Trade,Large,2022-03-28,50000,15,REP040
9720,Fictional Outlet 09720,West,Traditional Trade,Medium,2023-03-20,50000,30,REP041
9721,Fictional Outlet 09721,North,Traditional Trade,Medium,2023-01-29,25000,30,REP042
9722,Fictional Outlet 09722,South,Wholesale,Large,2023-05-16,25000,30,REP043
9723,Fictional Outlet 09723,East,Traditional Trade,Large,2022-06-05,5000,15,REP044
9724,Fictional Outlet 09724,West,Traditional Trade,Small,2023-11-06,5000,60,REP045
9725,Fictional Outlet 09725,North,Traditional Trade,Large,2022-10-16,5000,15,REP046
9726,Fictional Outlet 09726,South,Wholesale,Large,2023-01-06,10000,15,REP047
9727,Fictional Outlet 09727,East,Traditional Trade,Medium,2023-08-13,50000,45,REP048
9728,Fictional Outlet 09728,West,Traditional Trade,Medium,2023-10-11,50000,45,REP049
9729,Fictional Outlet 09729,North,Modern Trade,Small,2022-01-12,50000,45,REP050
9730,Fictional Outlet 09730,South,Traditional Trade,Small,2022-09-25,5000,15,REP051
9731,Fictional Outlet 09731,East,Ecommerce,Large,2022-08-13,25000,45,REP052
9732,Fictional Outlet 09732,West,Wholesale,Medium,2022-07-14,5000,45,REP053
9733,Fictional Outlet 09733,North,Traditional Trade,Medium,2023-10-27,50000,60,REP054
9734,Fictional Outlet 09734,South,Wholesale,Medium,2022-09-10,25000,30,REP055
9735,Fictional Outlet 09735,East,Traditional Trade,Large,2022-12-27,10000,45,REP056
9736,Fictional Outlet 09736,West,Traditional Trade,Small,2023-09-20,10000,45,REP057
9737,Fictional Outlet 09737,North,Modern Trade,Small,2023-10-17,5000,45,REP058
9738,Fictional Outlet 09738,South,Wholesale,Medium,2022-06-05,50000,15,REP059
9739,Fictional Outlet 09739,East,Traditional Trade,Medium,2022-09-03,50000,45,REP060
9740,Fictional Outlet 09740,West,Wholesale,Medium,2023-11-05,10000,15,REP061
9741,Fictional Outlet 09741,North,Traditional Trade,Small,2023-01-22,50000,30,REP062
9742,Fictional Outlet 09742,South,Traditional Trade,Large,2022-08-10,10000,15,REP063
9743,Fictional Outlet 09743,East,Wholesale,Large,2022-07-28,50000,45,REP064
9744,Fictional Outlet 09744,West,Traditional Trade,Small,2022-08-09,10000,60,REP065
9745,Fictional Outlet 09745,North,Modern Trade,Large,2022-07-30,50000,45,REP066
9746,Fictional Outlet 09746,South,Wholesale,Medium,2022-06-03,25000,45,REP067
9747,Fictional Outlet 09747,East,Modern Trade,Medium,2022-03-09,10000,15,REP068
9748,Fictional Outlet 09748,West,Traditional Trade,Large,2023-08-28,50000,60,REP069
9749,Fictional Outlet 09749,North,Traditional Trade,Medium,2022-04-26,25000,30,REP070
9750,Fictional Outlet 09750,South,Wholesale,Large,2023-05-31,5000,15,REP071
9751,Fictional Outlet 09751,East,Ecommerce,Small,2022-09-14,5000,30,REP072
9752,Fictional Outlet 09752,West,Wholesale,Large,2023-04-20,10000,15,REP073
9753,Fictional Outlet 09753,North,Traditional Trade,Large,2022-11-11,50000,45,REP074
9754,Fictional Outlet 09754,South,Traditional Trade,Medium,2023-08-10,5000,60,REP075
9755,Fictional Outlet 09755,East,Traditional Trade,Medium,2023-06-12,10000,30,REP076
9756,Fictional Outlet 09756,West,Modern Trade,Small,2023-03-25,25000,30,REP077
9757,Fictional Outlet 09757,North,Wholesale,Medium,2022-01-06,50000,30,REP078
9758,Fictional Outlet 09758,South,Traditional Trade,Medium,2023-07-16,50000,15,REP079
9759,Fictional Outlet 09759,East,Traditional Trade,Large,2023-01-30,50000,60,REP080
9760,Fictional Outlet 09760,West,Traditional Trade,Large,2023-09-05,5000,15,REP001
9761,Fictional Outlet 09761,North,Wholesale,Medium,2023-06-27,25000,60,REP002
9762,Fictional Outlet 09762,South,Ecommerce,Large,2023-12-27,10000,15,REP003
9763,Fictional Outlet 09763,East,Traditional Trade,Large,2023-07-10,5000,60,REP004
9764,Fictional Outlet 09764,West,Traditional Trade,Large,2022-08-14,50000,15,REP005
9765,Fictional Outlet 09765,North,Wholesale,Small,2023-01-20,50000,15,REP006
9766,Fictional Outlet 09766,South,Traditional Trade,Medium,2022-07-21,25000,15,REP007
9767,Fictional Outlet 09767,East,Traditional Trade,Large,2023-12-22,50000,30,REP008
9768,Fictional Outlet 09768,West,Traditional Trade,Large,2023-06-24,5000,60,REP009
9769,Fictional Outlet 09769,North,Traditional Trade,Small,2022-12-15,5000,30,REP010
9770,Fictional Outlet 09770,South,Traditional Trade,Small,2022-09-24,25000,45,REP011
9771,Fictional Outlet 09771,East,Traditional Trade,Large,2023-05-29,5000,60,REP012
9772,Fictional Outlet 09772,West,Wholesale,Medium,2023-09-01,5000,45,REP013
9773,Fictional Outlet 09773,North,Traditional Trade,Small,2023-03-07,10000,30,REP014
9774,Fictional Outlet 09774,South,Traditional Trade,Small,2022-08-01,10000,30,REP015
9775,Fictional Outlet 09775,East,Traditional Trade,Large,2022-07-30,5000,45,REP016
9776,Fictional Outlet 09776,West,Ecommerce,Small,2022-02-17,50000,60,REP017
9777,Fictional Outlet 09777,North,Modern Trade,Medium,2023-04-18,5000,30,REP018
9778,Fictional Outlet 09778,South,Modern Trade,Small,2023-01-09,10000,45,REP019
9779,Fictional Outlet 09779,East,Modern Trade,Medium,2023-10-13,25000,30,REP020
9780,Fictional Outlet 09780,West,Traditional Trade,Large,2022-01-01,25000,15,REP021
9781,Fictional Outlet 09781,North,Modern Trade,Large,2022-01-03,50000,30,REP022
9782,Fictional Outlet 09782,South,Modern Trade,Small,2022-10-19,10000,30,REP023
9783,Fictional Outlet 09783,East,Traditional Trade,Small,2023-03-20,50000,60,REP024
9784,Fictional Outlet 09784,West,Wholesale,Large,2022-02-02,5000,15,REP025
9785,Fictional Outlet 09785,North,Modern Trade,Large,2022-04-14,50000,15,REP026
9786,Fictional Outlet 09786,South,Traditional Trade,Small,2022-09-29,50000,15,REP027
9787,Fictional Outlet 09787,East,Wholesale,Large,2023-06-25,50000,60,REP028
9788,Fictional Outlet 09788,West,Traditional Trade,Large,2022-02-17,5000,30,REP029
9789,Fictional Outlet 09789,North,Wholesale,Large,2022-03-04,25000,45,REP030
9790,Fictional Outlet 09790,South,Wholesale,Small,2022-09-24,5000,15,REP031
9791,Fictional Outlet 09791,East,Traditional Trade,Medium,2022-04-17,10000,30,REP032
9792,Fictional Outlet 09792,West,Wholesale,Large,2023-09-05,10000,60,REP033
9793,Fictional Outlet 09793,North,Wholesale,Large,2022-05-07,5000,15,REP034
9794,Fictional Outlet 09794,South,Traditional Trade,Small,2022-04-12,25000,30,REP035
9795,Fictional Outlet 09795,East,Modern Trade,Medium,2022-07-27,25000,45,REP036
9796,Fictional Outlet 09796,West,Wholesale,Small,2022-08-22,5000,60,REP037
9797,Fictional Outlet 09797,North, MODERN TRADE ,Small,2022-10-20,5000,60,REP038
9798,Fictional Outlet 09798,South,Modern Trade,Small,2022-01-19,50000,30,REP039
9799,Fictional Outlet 09799,East,Wholesale,Large,2022-01-14,10000,45,REP040
9800,Fictional Outlet 09800,West,Wholesale,Small,2023-07-02,50000,30,REP041
9801,Fictional Outlet 09801,North,Traditional Trade,Small,2022-02-04,10000,15,REP042
9802,Fictional Outlet 09802,South,Modern Trade,Medium,2023-02-10,25000,45,REP043
9803,Fictional Outlet 09803,East,Traditional Trade,Large,2023-08-10,5000,60,REP044
9804,Fictional Outlet 09804,West,Wholesale,Medium,2022-05-29,25000,60,REP045
9805,Fictional Outlet 09805,North,Traditional Trade,Small,2022-04-23,10000,45,REP046
9806,Fictional Outlet 09806,South,Modern Trade,Medium,2023-05-23,5000,30,REP047
9807,Fictional Outlet 09807,East,Traditional Trade,Small,2022-06-01,25000,15,REP048
9808,Fictional Outlet 09808,West,Modern Trade,Medium,2022-06-04,10000,45,REP049
9809,Fictional Outlet 09809,North,Wholesale,Medium,2022-01-08,10000,15,REP050
9810,Fictional Outlet 09810,South,Traditional Trade,Small,2023-01-06,25000,60,REP051
9811,Fictional Outlet 09811,East,Traditional Trade,Medium,2022-08-28,5000,60,REP052
9812,Fictional Outlet 09812,West,Traditional Trade,Large,2023-09-01,25000,60,REP053
9813,Fictional Outlet 09813,North,Traditional Trade,Small,2022-07-09,10000,60,REP054
9814,Fictional Outlet 09814,South,Traditional Trade,Large,2023-12-09,5000,15,REP055
9815,Fictional Outlet 09815,East,Wholesale,Large,2023-02-19,50000,30,REP056
9816,Fictional Outlet 09816,West,Traditional Trade,Large,2023-09-12,5000,45,REP057
9817,Fictional Outlet 09817,North,Traditional Trade,Large,2022-01-18,50000,45,REP058
9818,Fictional Outlet 09818,South,Traditional Trade,Medium,2023-06-25,5000,60,REP059
9819,Fictional Outlet 09819,East,Traditional Trade,Large,2022-11-16,5000,45,REP060
9820,Fictional Outlet 09820,West,Traditional Trade,Medium,2023-04-05,10000,60,REP061
9821,Fictional Outlet 09821,North,Traditional Trade,Small,2023-01-06,25000,30,REP062
9822,Fictional Outlet 09822,South,Traditional Trade,Medium,2023-12-20,5000,30,REP063
9823,Fictional Outlet 09823,East,Traditional Trade,Medium,2023-11-03,10000,45,REP064
9824,Fictional Outlet 09824,West,Traditional Trade,Large,2022-07-20,5000,45,REP065
9825,Fictional Outlet 09825,North,Traditional Trade,Large,2023-07-16,25000,15,REP066
9826,Fictional Outlet 09826,South,Traditional Trade,Small,2022-11-24,25000,60,REP067
9827,Fictional Outlet 09827,East,Ecommerce,Medium,2023-11-11,25000,15,REP068
9828,Fictional Outlet 09828,West,Wholesale,Medium,2022-11-12,5000,60,REP069
9829,Fictional Outlet 09829,North,Traditional Trade,Small,2022-02-19,50000,15,REP070
9830,Fictional Outlet 09830,South,Wholesale,Large,2022-03-05,10000,45,REP071
9831,Fictional Outlet 09831,East,Modern Trade,Large,2022-06-27,5000,30,
9832,Fictional Outlet 09832,West,Traditional Trade,Large,2022-02-16,25000,45,REP073
9833,Fictional Outlet 09833,North,Modern Trade,Medium,2023-11-11,5000,45,REP074
9834,Fictional Outlet 09834,South,Traditional Trade,Medium,2022-12-21,5000,45,REP075
9835,Fictional Outlet 09835,East,Traditional Trade,Medium,2023-07-03,25000,15,REP076
9836,Fictional Outlet 09836,West,Traditional Trade,Large,2023-04-12,25000,15,REP077
9837,Fictional Outlet 09837,North,Traditional Trade,Large,2022-04-10,50000,15,REP078
9838,Fictional Outlet 09838,South,Traditional Trade,Large,2023-03-27,25000,45,REP079
9839,Fictional Outlet 09839,East,Traditional Trade,Large,2022-10-19,50000,60,REP080
9840,Fictional Outlet 09840,West,Traditional Trade,Large,2023-01-27,25000,30,REP001
9841,Fictional Outlet 09841,North,Wholesale,Medium,2022-10-06,50000,60,REP002
9842,Fictional Outlet 09842,South,Ecommerce,Small,2022-05-07,5000,45,REP003
9843,Fictional Outlet 09843,East,Wholesale,Large,2022-12-05,25000,15,REP004
9844,Fictional Outlet 09844,West,Ecommerce,Small,2022-01-11,25000,30,REP005
9845,Fictional Outlet 09845,North,Traditional Trade,Small,2023-06-22,50000,60,REP006
9846,Fictional Outlet 09846,South,Traditional Trade,Medium,2022-09-23,25000,45,REP007
9847,Fictional Outlet 09847,East,Wholesale,Medium,2022-01-17,50000,45,REP008
9848,Fictional Outlet 09848,West,Traditional Trade,Small,2022-03-30,50000,15,REP009
9849,Fictional Outlet 09849,North,Traditional Trade,Medium,2023-09-18,5000,60,REP010
9850,Fictional Outlet 09850,South,Traditional Trade,Large,2023-05-08,10000,45,REP011
9851,Fictional Outlet 09851,East,Traditional Trade,Small,2023-12-16,50000,60,REP012
9852,Fictional Outlet 09852,West,Traditional Trade,Large,2022-01-04,25000,15,REP013
9853,Fictional Outlet 09853,North,Traditional Trade,Small,2023-07-22,10000,60,REP014
9854,Fictional Outlet 09854,South,Modern Trade,Medium,2022-10-23,25000,60,REP015
9855,Fictional Outlet 09855,East,Traditional Trade,Medium,2023-02-22,50000,30,REP016
9856,Fictional Outlet 09856,West,Traditional Trade,Medium,2023-01-27,50000,45,REP017
9857,Fictional Outlet 09857,North,Wholesale,Large,2023-04-30,10000,30,REP018
9858,Fictional Outlet 09858,South,Wholesale,Medium,2023-11-26,5000,45,REP019
9859,Fictional Outlet 09859,East,Traditional Trade,Medium,2022-05-14,10000,60,REP020
9860,Fictional Outlet 09860,West,Traditional Trade,Large,2023-10-12,10000,15,REP021
9861,Fictional Outlet 09861,North,Traditional Trade,Medium,2022-03-22,50000,45,REP022
9862,Fictional Outlet 09862,South,Traditional Trade,Small,2023-11-21,10000,15,REP023
9863,Fictional Outlet 09863,East,Ecommerce,Large,2023-02-07,25000,60,REP024
9864,Fictional Outlet 09864,West,Wholesale,Medium,2023-12-13,5000,15,REP025
9865,Fictional Outlet 09865,North,Wholesale,Large,2023-02-19,10000,15,REP026
9866,Fictional Outlet 09866,South,Traditional Trade,Medium,2022-02-25,50000,30,REP027
9867,Fictional Outlet 09867,East,Traditional Trade,Large,2023-09-02,50000,30,REP028
9868,Fictional Outlet 09868,West,Traditional Trade,Large,2023-05-31,50000,45,REP029
9869,Fictional Outlet 09869,North,Modern Trade,Small,2023-03-27,50000,45,REP030
9870,Fictional Outlet 09870,South,Traditional Trade,Medium,2022-06-05,10000,60,REP031
9871,Fictional Outlet 09871,East,Modern Trade,Medium,2022-03-28,10000,60,REP032
9872,Fictional Outlet 09872,West,Modern Trade,Small,2022-03-05,25000,60,REP033
9873,Fictional Outlet 09873,North,Traditional Trade,Small,2022-04-09,50000,45,REP034
9874,Fictional Outlet 09874,South,Modern Trade,Large,2022-01-18,10000,60,REP035
9875,Fictional Outlet 09875,East,Ecommerce,Medium,2022-01-26,25000,15,REP036
9876,Fictional Outlet 09876,West,Traditional Trade,Large,2022-03-23,25000,60,REP037
9877,Fictional Outlet 09877,North,Traditional Trade,Small,2023-06-09,50000,60,REP038
9878,Fictional Outlet 09878,South,Traditional Trade,Medium,2023-07-23,5000,30,REP039
9879,Fictional Outlet 09879,East,Traditional Trade,Medium,2022-02-18,5000,60,REP040
9880,Fictional Outlet 09880,West,Traditional Trade,Large,2022-08-25,10000,45,REP041
9881,Fictional Outlet 09881,North,Traditional Trade,Small,2023-06-19,5000,45,REP042
9882,Fictional Outlet 09882,South,Traditional Trade,Small,2022-10-31,25000,30,REP043
9883,Fictional Outlet 09883,East,Wholesale,Small,2022-12-27,10000,60,REP044
9884,Fictional Outlet 09884,West,Traditional Trade,Small,2023-08-19,10000,45,REP045
9885,Fictional Outlet 09885,North,Traditional Trade,Small,2023-11-02,5000,30,REP046
9886,Fictional Outlet 09886,South,Modern Trade,Large,2022-11-19,10000,30,REP047
9887,Fictional Outlet 09887,East,Ecommerce,Small,2022-06-24,5000,45,REP048
9888,Fictional Outlet 09888,West,Traditional Trade,Large,2022-12-01,10000,15,REP049
9889,Fictional Outlet 09889,North,Traditional Trade,Large,2023-03-07,50000,15,REP050
9890,Fictional Outlet 09890,South,Traditional Trade,Small,2022-06-27,5000,15,REP051
9891,Fictional Outlet 09891,East,Traditional Trade,Small,2022-03-16,10000,60,REP052
9892,Fictional Outlet 09892,West,Traditional Trade,Large,2022-06-14,50000,45,REP053
9893,Fictional Outlet 09893,North,Traditional Trade,Large,2022-07-09,5000,45,REP054
9894,Fictional Outlet 09894,South, TRADITIONAL TRADE ,Small,2023-03-14,25000,60,REP055
9895,Fictional Outlet 09895,East,Modern Trade,Large,2023-02-05,25000,60,REP056
9896,Fictional Outlet 09896,West,Modern Trade,Medium,2022-11-14,50000,45,REP057
9897,Fictional Outlet 09897,North,Ecommerce,Medium,2022-08-16,5000,45,REP058
9898,Fictional Outlet 09898,South,Traditional Trade,Large,2023-03-15,10000,30,REP059
9899,Fictional Outlet 09899,East,Wholesale,Small,2023-11-18,50000,45,REP060
9900,Fictional Outlet 09900,West,Wholesale,Large,2022-04-17,25000,60,REP061
9901,Fictional Outlet 09901,North,Wholesale,Medium,2023-08-01,5000,60,REP062
9902,Fictional Outlet 09902,South,Traditional Trade,Medium,2023-05-09,10000,30,REP063
9903,Fictional Outlet 09903,East,Wholesale,Large,2023-08-26,10000,45,REP064
9904,Fictional Outlet 09904,West,Wholesale,Medium,2023-03-24,50000,15,REP065
9905,Fictional Outlet 09905,North,Traditional Trade,Large,2022-12-31,5000,45,REP066
9906,Fictional Outlet 09906,South,Traditional Trade,Small,2022-01-03,5000,30,REP067
9907,Fictional Outlet 09907,East,Wholesale,Small,2023-08-05,10000,45,REP068
9908,Fictional Outlet 09908,West,Traditional Trade,Small,2023-03-18,25000,15,REP069
9909,Fictional Outlet 09909,North,Modern Trade,Large,2022-09-16,50000,15,REP070
9910,Fictional Outlet 09910,South,Ecommerce,Small,2023-01-06,25000,15,REP071
9911,Fictional Outlet 09911,East,Ecommerce,Small,2023-12-16,5000,60,REP072
9912,Fictional Outlet 09912,West,Wholesale,Small,2023-10-14,10000,30,REP073
9913,Fictional Outlet 09913,North,Traditional Trade,Medium,2022-07-30,50000,15,REP074
9914,Fictional Outlet 09914,South,Traditional Trade,Large,2023-11-23,50000,30,REP075
9915,Fictional Outlet 09915,East,Wholesale,Large,2023-08-17,5000,45,REP076
9916,Fictional Outlet 09916,West,Traditional Trade,Large,2022-11-11,25000,45,REP077
9917,Fictional Outlet 09917,North,Traditional Trade,Small,2022-03-21,50000,45,REP078
9918,Fictional Outlet 09918,South,Modern Trade,Large,2022-05-08,10000,30,REP079
9919,Fictional Outlet 09919,East,Traditional Trade,Large,2022-10-30,25000,15,REP080
9920,Fictional Outlet 09920,West,Wholesale,Medium,2023-06-15,10000,60,REP001
9921,Fictional Outlet 09921,North,Traditional Trade,Medium,2023-02-16,10000,30,REP002
9922,Fictional Outlet 09922,South,Traditional Trade,Large,2023-09-21,50000,15,REP003
9923,Fictional Outlet 09923,East,Traditional Trade,Medium,2022-07-04,10000,60,REP004
9924,Fictional Outlet 09924,West,Modern Trade,Large,2022-12-31,10000,60,REP005
9925,Fictional Outlet 09925,North,Traditional Trade,Small,2023-10-09,50000,45,REP006
9926,Fictional Outlet 09926,South,Wholesale,Large,2023-07-04,25000,15,REP007
9927,Fictional Outlet 09927,East,Modern Trade,Large,2022-06-15,25000,30,REP008
9928,Fictional Outlet 09928,West,Wholesale,Medium,2023-03-31,25000,15,REP009
9929,Fictional Outlet 09929,North,Wholesale,Small,2023-06-10,25000,45,REP010
9930,Fictional Outlet 09930,South,Traditional Trade,Large,2023-08-07,5000,60,REP011
9931,Fictional Outlet 09931,East,Modern Trade,Large,2022-05-20,5000,60,REP012
9932,Fictional Outlet 09932,West,Traditional Trade,Small,2022-09-26,50000,45,REP013
9933,Fictional Outlet 09933,North,Ecommerce,Large,2023-03-15,5000,45,REP014
9934,Fictional Outlet 09934,South,Traditional Trade,Large,2023-06-29,10000,60,REP015
9935,Fictional Outlet 09935,East,Traditional Trade,Small,2022-01-01,25000,15,REP016
9936,Fictional Outlet 09936,West,Traditional Trade,Medium,2023-09-11,10000,30,REP017
9937,Fictional Outlet 09937,North,Wholesale,Large,2022-12-15,50000,15,REP018
9938,Fictional Outlet 09938,South,Traditional Trade,Large,2022-06-28,25000,60,REP019
9939,Fictional Outlet 09939,East,Wholesale,Large,2022-11-11,5000,45,REP020
9940,Fictional Outlet 09940,West,Modern Trade,Medium,2022-02-18,5000,45,REP021
9941,Fictional Outlet 09941,North,Traditional Trade,Medium,2023-06-01,10000,45,REP022
9942,Fictional Outlet 09942,South,Traditional Trade,Medium,2023-03-31,50000,15,REP023
9943,Fictional Outlet 09943,East,Modern Trade,Large,2022-11-20,5000,15,REP024
9944,Fictional Outlet 09944,West,Modern Trade,Medium,2023-09-14,10000,30,
9945,Fictional Outlet 09945,North,Modern Trade,Medium,2023-06-12,50000,30,REP026
9946,Fictional Outlet 09946,South,Wholesale,Small,2022-03-15,10000,15,REP027
9947,Fictional Outlet 09947,East,Traditional Trade,Large,2023-03-10,5000,30,REP028
9948,Fictional Outlet 09948,West,Traditional Trade,Large,2022-09-16,5000,30,REP029
9949,Fictional Outlet 09949,North,Wholesale,Small,2022-08-24,10000,60,REP030
9950,Fictional Outlet 09950,South,Modern Trade,Large,2023-02-15,10000,30,REP031
9951,Fictional Outlet 09951,East,Wholesale,Small,2022-06-02,10000,30,REP032
9952,Fictional Outlet 09952,West,Wholesale,Small,2022-02-23,5000,30,REP033
9953,Fictional Outlet 09953,North,Traditional Trade,Large,2022-09-27,5000,45,REP034
9954,Fictional Outlet 09954,South,Traditional Trade,Medium,2023-07-28,10000,30,REP035
9955,Fictional Outlet 09955,East,Traditional Trade,Medium,2022-05-05,50000,60,REP036
9956,Fictional Outlet 09956,West,Ecommerce,Large,2022-06-17,5000,30,REP037
9957,Fictional Outlet 09957,North,Traditional Trade,Medium,2023-07-26,50000,15,REP038
9958,Fictional Outlet 09958,South,Modern Trade,Medium,2023-07-21,25000,15,REP039
9959,Fictional Outlet 09959,East,Traditional Trade,Large,2022-11-26,5000,30,REP040
9960,Fictional Outlet 09960,West,Wholesale,Medium,2022-05-09,25000,15,REP041
9961,Fictional Outlet 09961,North,Modern Trade,Small,2023-03-01,5000,15,REP042
9962,Fictional Outlet 09962,South,Wholesale,Medium,2022-12-17,25000,45,REP043
9963,Fictional Outlet 09963,East,Modern Trade,Large,2023-05-24,10000,60,REP044
9964,Fictional Outlet 09964,West,Traditional Trade,Small,2022-02-21,50000,60,REP045
9965,Fictional Outlet 09965,North,Traditional Trade,Small,2023-12-27,10000,15,REP046
9966,Fictional Outlet 09966,South,Traditional Trade,Small,2023-08-14,5000,45,REP047
9967,Fictional Outlet 09967,East,Traditional Trade,Large,2022-05-07,5000,15,REP048
9968,Fictional Outlet 09968,West,Traditional Trade,Small,2023-09-23,5000,45,REP049
9969,Fictional Outlet 09969,North,Wholesale,Medium,2023-03-11,25000,30,REP050
9970,Fictional Outlet 09970,South,Traditional Trade,Large,2023-06-02,5000,30,REP051
9971,Fictional Outlet 09971,East,Modern Trade,Medium,2023-12-07,50000,45,REP052
9972,Fictional Outlet 09972,West,Wholesale,Large,2022-03-14,5000,30,REP053
9973,Fictional Outlet 09973,North,Traditional Trade,Small,2022-10-17,50000,60,REP054
9974,Fictional Outlet 09974,South,Wholesale,Medium,2022-08-28,10000,30,REP055
9975,Fictional Outlet 09975,East,Modern Trade,Large,2022-06-21,10000,60,REP056
9976,Fictional Outlet 09976,West,Traditional Trade,Medium,2022-06-03,25000,30,REP057
9977,Fictional Outlet 09977,North,Traditional Trade,Large,2023-05-06,5000,45,REP058
9978,Fictional Outlet 09978,South,Modern Trade,Large,2022-03-10,25000,15,REP059
9979,Fictional Outlet 09979,East,Traditional Trade,Medium,2022-06-11,5000,60,REP060
9980,Fictional Outlet 09980,West,Traditional Trade,Large,2023-12-15,5000,30,REP061
9981,Fictional Outlet 09981,North,Traditional Trade,Medium,2023-05-02,5000,45,REP062
9982,Fictional Outlet 09982,South,Traditional Trade,Large,2022-01-10,5000,30,REP063
9983,Fictional Outlet 09983,East,Modern Trade,Large,2022-07-29,10000,30,REP064
9984,Fictional Outlet 09984,West,Modern Trade,Large,2023-07-08,10000,30,REP065
9985,Fictional Outlet 09985,North,Traditional Trade,Small,2023-10-11,10000,30,REP066
9986,Fictional Outlet 09986,South,Wholesale,Medium,2023-10-03,25000,30,REP067
9987,Fictional Outlet 09987,East,Traditional Trade,Large,2022-11-15,25000,15,REP068
9988,Fictional Outlet 09988,West,Ecommerce,Small,2023-08-10,10000,15,REP069
9989,Fictional Outlet 09989,North,Traditional Trade,Medium,2022-03-06,25000,60,REP070
9990,Fictional Outlet 09990,South,Traditional Trade,Medium,2022-11-17,25000,15,REP071
9991,Fictional Outlet 09991,East, TRADITIONAL TRADE ,Large,2022-08-11,50000,45,REP072
9992,Fictional Outlet 09992,West,Modern Trade,Medium,2022-06-15,25000,15,REP073
9993,Fictional Outlet 09993,North,Traditional Trade,Large,2023-09-18,25000,30,REP074
9994,Fictional Outlet 09994,South,Traditional Trade,Small,2022-05-31,50000,15,REP075
9995,Fictional Outlet 09995,East,Traditional Trade,Large,2022-06-27,50000,30,REP076
9996,Fictional Outlet 09996,West,Traditional Trade,Small,2023-06-07,25000,45,REP077
9997,Fictional Outlet 09997,North,Traditional Trade,Medium,2023-02-21,10000,15,REP078
9998,Fictional Outlet 09998,South,Wholesale,Small,2023-06-05,10000,30,REP079
9999,Fictional Outlet 09999,East,Traditional Trade,Small,2023-07-01,25000,45,REP080
10000,Fictional Outlet 10000,West,Traditional Trade,Medium,2023-08-24,25000,45,REP001
10001,Fictional Outlet 10001,North,Wholesale,Medium,2023-05-15,25000,60,REP002
10002,Fictional Outlet 10002,South,Traditional Trade,Large,2022-01-09,25000,60,REP003
10003,Fictional Outlet 10003,East,Traditional Trade,Medium,2022-10-19,50000,15,REP004
10004,Fictional Outlet 10004,West,Traditional Trade,Large,2023-09-25,10000,45,REP005
10005,Fictional Outlet 10005,North,Traditional Trade,Large,2022-07-23,50000,45,REP006
10006,Fictional Outlet 10006,South,Traditional Trade,Large,2022-12-19,5000,60,REP007
10007,Fictional Outlet 10007,East,Ecommerce,Large,2023-02-04,5000,15,REP008
10008,Fictional Outlet 10008,West,Traditional Trade,Medium,2023-01-12,5000,60,REP009
10009,Fictional Outlet 10009,North,Modern Trade,Medium,2022-01-19,10000,30,REP010
10010,Fictional Outlet 10010,South,Modern Trade,Small,2022-04-29,5000,30,REP011
10011,Fictional Outlet 10011,East,Modern Trade,Medium,2023-02-22,50000,60,REP012
10012,Fictional Outlet 10012,West,Ecommerce,Large,2023-02-02,5000,30,REP013
10013,Fictional Outlet 10013,North,Traditional Trade,Medium,2023-06-10,5000,60,REP014
10014,Fictional Outlet 10014,South,Modern Trade,Large,2022-09-29,5000,45,REP015
10015,Fictional Outlet 10015,East,Ecommerce,Small,2022-05-16,10000,45,REP016
10016,Fictional Outlet 10016,West,Traditional Trade,Medium,2022-09-23,5000,45,REP017
10017,Fictional Outlet 10017,North,Traditional Trade,Medium,2023-02-02,50000,15,REP018
10018,Fictional Outlet 10018,South,Wholesale,Medium,2023-09-28,10000,15,REP019
10019,Fictional Outlet 10019,East,Modern Trade,Medium,2023-11-25,50000,45,REP020
10020,Fictional Outlet 10020,West,Traditional Trade,Medium,2022-08-21,10000,60,REP021
10021,Fictional Outlet 10021,North,Modern Trade,Medium,2023-01-14,50000,15,REP022
10022,Fictional Outlet 10022,South,Ecommerce,Medium,2023-01-05,25000,45,REP023
10023,Fictional Outlet 10023,East,Traditional Trade,Medium,2023-10-11,10000,30,REP024
10024,Fictional Outlet 10024,West,Traditional Trade,Small,2023-05-18,50000,60,REP025
10025,Fictional Outlet 10025,North,Wholesale,Large,2022-01-23,50000,30,REP026
10026,Fictional Outlet 10026,South,Traditional Trade,Small,2023-05-08,10000,60,REP027
10027,Fictional Outlet 10027,East,Traditional Trade,Small,2023-03-13,50000,60,REP028
10028,Fictional Outlet 10028,West,Traditional Trade,Small,2023-02-02,5000,30,REP029
10029,Fictional Outlet 10029,North,Traditional Trade,Small,2023-11-08,25000,15,REP030
10030,Fictional Outlet 10030,South,Modern Trade,Small,2023-07-20,10000,45,REP031
10031,Fictional Outlet 10031,East,Modern Trade,Small,2022-01-07,5000,60,REP032
10032,Fictional Outlet 10032,West,Wholesale,Medium,2023-08-14,10000,30,REP033
10033,Fictional Outlet 10033,North,Modern Trade,Medium,2023-09-21,5000,15,REP034
10034,Fictional Outlet 10034,South,Ecommerce,Medium,2023-04-01,50000,30,REP035
10035,Fictional Outlet 10035,East,Traditional Trade,Large,2023-04-08,25000,60,REP036
10036,Fictional Outlet 10036,West,Traditional Trade,Small,2022-01-13,25000,60,REP037
10037,Fictional Outlet 10037,North,Traditional Trade,Small,2023-10-12,10000,15,REP038
10038,Fictional Outlet 10038,South,Modern Trade,Large,2022-06-23,50000,15,REP039
10039,Fictional Outlet 10039,East,Traditional Trade,Medium,2022-11-04,50000,30,REP040
10040,Fictional Outlet 10040,West,Traditional Trade,Small,2022-05-01,10000,45,REP041
10041,Fictional Outlet 10041,North,Traditional Trade,Large,2023-03-12,5000,60,REP042
10042,Fictional Outlet 10042,South,Wholesale,Large,2022-01-07,5000,30,REP043
10043,Fictional Outlet 10043,East,Wholesale,Medium,2023-02-26,25000,45,REP044
10044,Fictional Outlet 10044,West,Wholesale,Medium,2023-01-03,25000,60,REP045
10045,Fictional Outlet 10045,North,Traditional Trade,Large,2022-04-27,50000,60,REP046
10046,Fictional Outlet 10046,South,Modern Trade,Small,2022-02-12,5000,15,REP047
10047,Fictional Outlet 10047,East,Wholesale,Medium,2022-11-30,5000,30,REP048
10048,Fictional Outlet 10048,West,Traditional Trade,Small,2023-04-23,25000,30,REP049
10049,Fictional Outlet 10049,North,Traditional Trade,Medium,2023-04-26,50000,60,REP050
10050,Fictional Outlet 10050,South,Traditional Trade,Small,2023-10-18,25000,15,REP051
10051,Fictional Outlet 10051,East,Traditional Trade,Large,2023-03-03,25000,30,REP052
10052,Fictional Outlet 10052,West,Wholesale,Medium,2022-11-23,50000,15,REP053
10053,Fictional Outlet 10053,North,Traditional Trade,Small,2022-07-25,50000,30,REP054
10054,Fictional Outlet 10054,South,Traditional Trade,Medium,2022-07-11,5000,30,REP055
10055,Fictional Outlet 10055,East,Modern Trade,Small,2023-05-14,25000,60,REP056
10056,Fictional Outlet 10056,West,Traditional Trade,Medium,2023-06-29,5000,45,REP057
10057,Fictional Outlet 10057,North,Traditional Trade,Small,2022-11-02,50000,45,
10058,Fictional Outlet 10058,South,Traditional Trade,Large,2022-09-29,25000,15,REP059
10059,Fictional Outlet 10059,East,Traditional Trade,Small,2022-06-30,25000,60,REP060
10060,Fictional Outlet 10060,West,Modern Trade,Medium,2023-02-20,50000,30,REP061
10061,Fictional Outlet 10061,North,Modern Trade,Small,2023-03-15,50000,60,REP062
10062,Fictional Outlet 10062,South,Traditional Trade,Medium,2022-10-17,50000,45,REP063
10063,Fictional Outlet 10063,East,Traditional Trade,Medium,2022-04-24,5000,60,REP064
10064,Fictional Outlet 10064,West,Modern Trade,Small,2023-05-08,25000,60,REP065
10065,Fictional Outlet 10065,North,Modern Trade,Large,2023-05-26,5000,30,REP066
10066,Fictional Outlet 10066,South,Traditional Trade,Medium,2023-11-26,50000,45,REP067
10067,Fictional Outlet 10067,East,Traditional Trade,Medium,2023-11-06,50000,60,REP068
10068,Fictional Outlet 10068,West,Wholesale,Large,2023-07-19,10000,45,REP069
10069,Fictional Outlet 10069,North,Modern Trade,Large,2022-06-02,50000,30,REP070
10070,Fictional Outlet 10070,South,Traditional Trade,Medium,2022-06-25,10000,15,REP071
10071,Fictional Outlet 10071,East,Traditional Trade,Small,2022-12-31,5000,60,REP072
10072,Fictional Outlet 10072,West,Traditional Trade,Large,2022-05-16,5000,45,REP073
10073,Fictional Outlet 10073,North,Traditional Trade,Medium,2023-04-16,5000,60,REP074
10074,Fictional Outlet 10074,South,Modern Trade,Medium,2022-09-21,10000,30,REP075
10075,Fictional Outlet 10075,East,Wholesale,Medium,2022-03-10,5000,60,REP076
10076,Fictional Outlet 10076,West,Modern Trade,Medium,2022-08-03,5000,30,REP077
10077,Fictional Outlet 10077,North,Traditional Trade,Small,2023-01-19,25000,60,REP078
10078,Fictional Outlet 10078,South,Wholesale,Small,2022-08-18,5000,30,REP079
10079,Fictional Outlet 10079,East,Traditional Trade,Medium,2022-03-27,10000,30,REP080
10080,Fictional Outlet 10080,West,Modern Trade,Small,2022-08-07,50000,45,REP001
10081,Fictional Outlet 10081,North,Traditional Trade,Small,2022-09-16,25000,60,REP002
10082,Fictional Outlet 10082,South,Traditional Trade,Large,2023-03-28,50000,15,REP003
10083,Fictional Outlet 10083,East,Wholesale,Small,2023-08-14,10000,30,REP004
10084,Fictional Outlet 10084,West,Ecommerce,Large,2023-05-18,10000,15,REP005
10085,Fictional Outlet 10085,North,Wholesale,Small,2023-05-15,5000,60,REP006
10086,Fictional Outlet 10086,South,Ecommerce,Medium,2022-06-17,10000,45,REP007
10087,Fictional Outlet 10087,East,Traditional Trade,Small,2023-06-17,50000,45,REP008
10088,Fictional Outlet 10088,West, TRADITIONAL TRADE ,Medium,2023-09-29,25000,15,REP009
10089,Fictional Outlet 10089,North,Wholesale,Large,2022-08-12,5000,30,REP010
10090,Fictional Outlet 10090,South,Modern Trade,Small,2022-11-19,10000,30,REP011
10091,Fictional Outlet 10091,East,Modern Trade,Large,2022-03-11,10000,15,REP012
10092,Fictional Outlet 10092,West,Traditional Trade,Small,2023-11-06,5000,60,REP013
10093,Fictional Outlet 10093,North,Traditional Trade,Medium,2022-05-16,10000,45,REP014
10094,Fictional Outlet 10094,South,Traditional Trade,Small,2022-08-07,10000,45,REP015
10095,Fictional Outlet 10095,East,Traditional Trade,Large,2023-03-13,25000,30,REP016
10096,Fictional Outlet 10096,West,Traditional Trade,Medium,2023-03-18,50000,15,REP017
10097,Fictional Outlet 10097,North,Wholesale,Medium,2023-05-25,50000,45,REP018
10098,Fictional Outlet 10098,South,Traditional Trade,Large,2022-03-13,5000,45,REP019
10099,Fictional Outlet 10099,East,Wholesale,Large,2023-01-04,10000,30,REP020
10100,Fictional Outlet 10100,West,Traditional Trade,Medium,2023-03-21,10000,60,REP021
10101,Fictional Outlet 10101,North,Traditional Trade,Medium,2022-12-06,50000,30,REP022
10102,Fictional Outlet 10102,South,Wholesale,Small,2022-05-20,10000,15,REP023
10103,Fictional Outlet 10103,East,Wholesale,Small,2022-07-08,10000,30,REP024
10104,Fictional Outlet 10104,West,Modern Trade,Medium,2023-12-02,5000,15,REP025
10105,Fictional Outlet 10105,North,Traditional Trade,Small,2023-12-20,25000,60,REP026
10106,Fictional Outlet 10106,South,Traditional Trade,Small,2022-07-31,25000,45,REP027
10107,Fictional Outlet 10107,East,Traditional Trade,Medium,2023-03-13,50000,45,REP028
10108,Fictional Outlet 10108,West,Wholesale,Large,2022-05-20,10000,30,REP029
10109,Fictional Outlet 10109,North,Traditional Trade,Large,2022-09-07,10000,45,REP030
10110,Fictional Outlet 10110,South,Ecommerce,Medium,2022-07-29,25000,60,REP031
10111,Fictional Outlet 10111,East,Modern Trade,Medium,2022-03-03,10000,15,REP032
10112,Fictional Outlet 10112,West,Modern Trade,Medium,2023-02-16,50000,60,REP033
10113,Fictional Outlet 10113,North,Modern Trade,Medium,2023-03-04,50000,30,REP034
10114,Fictional Outlet 10114,South,Modern Trade,Large,2023-07-04,25000,45,REP035
10115,Fictional Outlet 10115,East,Traditional Trade,Medium,2023-04-05,50000,60,REP036
10116,Fictional Outlet 10116,West,Traditional Trade,Large,2023-09-05,50000,15,REP037
10117,Fictional Outlet 10117,North,Modern Trade,Large,2023-07-26,50000,15,REP038
10118,Fictional Outlet 10118,South,Ecommerce,Large,2023-09-15,5000,15,REP039
10119,Fictional Outlet 10119,East,Traditional Trade,Small,2022-03-27,50000,60,REP040
10120,Fictional Outlet 10120,West,Wholesale,Large,2023-01-07,5000,60,REP041
10121,Fictional Outlet 10121,North,Wholesale,Small,2022-05-23,25000,60,REP042
10122,Fictional Outlet 10122,South,Traditional Trade,Large,2022-12-01,50000,30,REP043
10123,Fictional Outlet 10123,East,Modern Trade,Small,2022-08-15,5000,15,REP044
10124,Fictional Outlet 10124,West,Traditional Trade,Small,2022-04-20,10000,15,REP045
10125,Fictional Outlet 10125,North,Traditional Trade,Medium,2023-09-30,50000,30,REP046
10126,Fictional Outlet 10126,South,Wholesale,Large,2023-01-31,10000,60,REP047
10127,Fictional Outlet 10127,East,Modern Trade,Medium,2023-07-15,50000,15,REP048
10128,Fictional Outlet 10128,West,Modern Trade,Medium,2022-02-13,10000,60,REP049
10129,Fictional Outlet 10129,North,Wholesale,Large,2022-07-30,10000,45,REP050
10130,Fictional Outlet 10130,South,Traditional Trade,Medium,2023-08-25,5000,15,REP051
10131,Fictional Outlet 10131,East,Modern Trade,Medium,2023-01-24,50000,30,REP052
10132,Fictional Outlet 10132,West,Traditional Trade,Medium,2023-01-27,5000,30,REP053
10133,Fictional Outlet 10133,North,Ecommerce,Medium,2023-06-07,5000,45,REP054
10134,Fictional Outlet 10134,South,Traditional Trade,Medium,2022-03-29,50000,15,REP055
10135,Fictional Outlet 10135,East,Traditional Trade,Small,2022-03-30,25000,60,REP056
10136,Fictional Outlet 10136,West,Traditional Trade,Small,2022-03-22,25000,15,REP057
10137,Fictional Outlet 10137,North,Traditional Trade,Large,2022-04-02,25000,15,REP058
10138,Fictional Outlet 10138,South,Wholesale,Medium,2022-05-21,10000,30,REP059
10139,Fictional Outlet 10139,East,Traditional Trade,Large,2022-05-12,50000,30,REP060
10140,Fictional Outlet 10140,West,Traditional Trade,Medium,2022-04-10,25000,30,REP061
10141,Fictional Outlet 10141,North,Traditional Trade,Medium,2022-10-27,50000,60,REP062
10142,Fictional Outlet 10142,South,Traditional Trade,Medium,2023-11-13,5000,15,REP063
10143,Fictional Outlet 10143,East,Modern Trade,Small,2022-08-07,25000,60,REP064
10144,Fictional Outlet 10144,West,Ecommerce,Large,2022-09-29,5000,15,REP065
10145,Fictional Outlet 10145,North,Traditional Trade,Small,2022-06-17,10000,60,REP066
10146,Fictional Outlet 10146,South,Traditional Trade,Small,2023-07-15,25000,45,REP067
10147,Fictional Outlet 10147,East,Traditional Trade,Large,2023-06-19,50000,60,REP068
10148,Fictional Outlet 10148,West,Traditional Trade,Large,2023-07-06,25000,15,REP069
10149,Fictional Outlet 10149,North,Modern Trade,Small,2022-09-10,50000,60,REP070
10150,Fictional Outlet 10150,South,Ecommerce,Large,2023-10-18,25000,15,REP071
10151,Fictional Outlet 10151,East,Traditional Trade,Small,2023-01-14,25000,30,REP072
10152,Fictional Outlet 10152,West,Traditional Trade,Medium,2023-01-22,10000,30,REP073
10153,Fictional Outlet 10153,North,Traditional Trade,Small,2023-03-24,10000,15,REP074
10154,Fictional Outlet 10154,South,Traditional Trade,Large,2022-03-09,25000,15,REP075
10155,Fictional Outlet 10155,East,Wholesale,Large,2022-04-24,10000,60,REP076
10156,Fictional Outlet 10156,West,Ecommerce,Small,2023-11-22,50000,45,REP077
10157,Fictional Outlet 10157,North,Ecommerce,Medium,2022-03-14,25000,60,REP078
10158,Fictional Outlet 10158,South,Ecommerce,Small,2022-02-11,10000,45,REP079
10159,Fictional Outlet 10159,East,Wholesale,Medium,2022-09-05,50000,60,REP080
10160,Fictional Outlet 10160,West,Modern Trade,Medium,2022-01-01,10000,15,REP001
10161,Fictional Outlet 10161,North,Traditional Trade,Large,2022-10-20,10000,15,REP002
10162,Fictional Outlet 10162,South,Wholesale,Medium,2022-08-06,50000,60,REP003
10163,Fictional Outlet 10163,East,Modern Trade,Medium,2022-10-19,5000,60,REP004
10164,Fictional Outlet 10164,West,Traditional Trade,Small,2023-02-10,5000,15,REP005
10165,Fictional Outlet 10165,North,Traditional Trade,Medium,2023-05-07,5000,60,REP006
10166,Fictional Outlet 10166,South,Traditional Trade,Small,2022-05-29,25000,15,REP007
10167,Fictional Outlet 10167,East,Wholesale,Medium,2023-01-04,5000,15,REP008
10168,Fictional Outlet 10168,West,Traditional Trade,Medium,2022-05-23,5000,15,REP009
10169,Fictional Outlet 10169,North,Modern Trade,Large,2023-05-05,50000,60,REP010
10170,Fictional Outlet 10170,South,Wholesale,Large,2022-07-25,10000,60,
10171,Fictional Outlet 10171,East,Wholesale,Large,2023-04-10,5000,45,REP012
10172,Fictional Outlet 10172,West,Wholesale,Small,2022-03-05,25000,60,REP013
10173,Fictional Outlet 10173,North,Traditional Trade,Medium,2022-06-22,10000,60,REP014
10174,Fictional Outlet 10174,South,Wholesale,Large,2023-02-05,50000,15,REP015
10175,Fictional Outlet 10175,East,Modern Trade,Small,2022-06-30,10000,15,REP016
10176,Fictional Outlet 10176,West,Traditional Trade,Large,2022-03-22,50000,30,REP017
10177,Fictional Outlet 10177,North,Modern Trade,Large,2023-11-23,25000,30,REP018
10178,Fictional Outlet 10178,South,Ecommerce,Medium,2022-08-18,25000,15,REP019
10179,Fictional Outlet 10179,East,Modern Trade,Large,2023-08-12,10000,15,REP020
10180,Fictional Outlet 10180,West,Traditional Trade,Large,2023-04-16,10000,30,REP021
10181,Fictional Outlet 10181,North,Traditional Trade,Large,2023-09-27,5000,15,REP022
10182,Fictional Outlet 10182,South,Traditional Trade,Large,2023-02-18,50000,30,REP023
10183,Fictional Outlet 10183,East,Traditional Trade,Small,2022-06-23,10000,30,REP024
10184,Fictional Outlet 10184,West,Modern Trade,Small,2023-11-23,5000,30,REP025
10185,Fictional Outlet 10185,North, TRADITIONAL TRADE ,Small,2023-01-03,10000,60,REP026
10186,Fictional Outlet 10186,South,Traditional Trade,Large,2022-12-08,10000,60,REP027
10187,Fictional Outlet 10187,East,Modern Trade,Medium,2022-01-17,25000,30,REP028
10188,Fictional Outlet 10188,West,Wholesale,Large,2022-06-21,10000,30,REP029
10189,Fictional Outlet 10189,North,Wholesale,Small,2023-09-12,50000,60,REP030
10190,Fictional Outlet 10190,South,Traditional Trade,Large,2022-07-14,5000,15,REP031
10191,Fictional Outlet 10191,East,Traditional Trade,Large,2022-10-12,10000,15,REP032
10192,Fictional Outlet 10192,West,Modern Trade,Medium,2022-12-16,25000,15,REP033
10193,Fictional Outlet 10193,North,Traditional Trade,Medium,2022-09-03,10000,45,REP034
10194,Fictional Outlet 10194,South,Wholesale,Large,2022-04-03,5000,45,REP035
10195,Fictional Outlet 10195,East,Traditional Trade,Large,2023-01-05,50000,15,REP036
10196,Fictional Outlet 10196,West,Modern Trade,Small,2023-03-29,25000,45,REP037
10197,Fictional Outlet 10197,North,Wholesale,Medium,2022-06-02,5000,45,REP038
10198,Fictional Outlet 10198,South,Traditional Trade,Medium,2023-03-30,5000,30,REP039
10199,Fictional Outlet 10199,East,Modern Trade,Large,2022-11-21,5000,60,REP040
10200,Fictional Outlet 10200,West,Traditional Trade,Medium,2022-12-16,25000,45,REP041
10201,Fictional Outlet 10201,North,Traditional Trade,Medium,2023-08-07,50000,45,REP042
10202,Fictional Outlet 10202,South,Traditional Trade,Small,2023-07-18,50000,60,REP043
10203,Fictional Outlet 10203,East,Traditional Trade,Large,2022-11-01,25000,60,REP044
10204,Fictional Outlet 10204,West,Traditional Trade,Small,2023-12-03,25000,60,REP045
10205,Fictional Outlet 10205,North,Traditional Trade,Small,2022-09-26,5000,30,REP046
10206,Fictional Outlet 10206,South,Ecommerce,Small,2022-02-26,50000,15,REP047
10207,Fictional Outlet 10207,East,Traditional Trade,Medium,2022-08-03,5000,60,REP048
10208,Fictional Outlet 10208,West,Wholesale,Large,2023-06-06,10000,45,REP049
10209,Fictional Outlet 10209,North,Wholesale,Small,2022-04-25,10000,45,REP050
10210,Fictional Outlet 10210,South,Wholesale,Large,2023-02-19,50000,15,REP051
10211,Fictional Outlet 10211,East,Wholesale,Large,2022-07-25,5000,45,REP052
10212,Fictional Outlet 10212,West,Traditional Trade,Medium,2022-05-25,10000,15,REP053
10213,Fictional Outlet 10213,North,Modern Trade,Small,2023-01-08,5000,30,REP054
10214,Fictional Outlet 10214,South,Ecommerce,Medium,2022-07-25,10000,60,REP055
10215,Fictional Outlet 10215,East,Traditional Trade,Large,2023-03-28,25000,45,REP056
10216,Fictional Outlet 10216,West,Traditional Trade,Large,2022-05-09,10000,15,REP057
10217,Fictional Outlet 10217,North,Traditional Trade,Medium,2023-02-28,25000,60,REP058
10218,Fictional Outlet 10218,South,Traditional Trade,Small,2022-11-29,10000,45,REP059
10219,Fictional Outlet 10219,East,Traditional Trade,Medium,2022-05-11,5000,15,REP060
10220,Fictional Outlet 10220,West,Traditional Trade,Large,2022-11-14,10000,45,REP061
10221,Fictional Outlet 10221,North,Ecommerce,Large,2022-03-04,50000,15,REP062
10222,Fictional Outlet 10222,South,Wholesale,Large,2022-02-24,50000,45,REP063
10223,Fictional Outlet 10223,East,Traditional Trade,Large,2023-01-17,50000,15,REP064
10224,Fictional Outlet 10224,West,Ecommerce,Medium,2022-11-25,5000,60,REP065
10225,Fictional Outlet 10225,North,Wholesale,Large,2022-02-14,50000,30,REP066
10226,Fictional Outlet 10226,South,Traditional Trade,Medium,2023-06-08,10000,30,REP067
10227,Fictional Outlet 10227,East,Modern Trade,Large,2023-11-13,25000,15,REP068
10228,Fictional Outlet 10228,West,Traditional Trade,Medium,2022-11-19,5000,15,REP069
10229,Fictional Outlet 10229,North,Traditional Trade,Medium,2023-09-03,10000,30,REP070
10230,Fictional Outlet 10230,South,Traditional Trade,Large,2023-03-16,10000,15,REP071
10231,Fictional Outlet 10231,East,Traditional Trade,Medium,2023-06-03,5000,15,REP072
10232,Fictional Outlet 10232,West,Wholesale,Small,2023-09-02,25000,15,REP073
10233,Fictional Outlet 10233,North,Traditional Trade,Medium,2023-01-05,10000,30,REP074
10234,Fictional Outlet 10234,South,Traditional Trade,Small,2022-01-01,50000,45,REP075
10235,Fictional Outlet 10235,East,Traditional Trade,Large,2022-04-12,50000,30,REP076
10236,Fictional Outlet 10236,West,Traditional Trade,Medium,2022-06-08,25000,60,REP077
10237,Fictional Outlet 10237,North,Traditional Trade,Medium,2023-02-07,10000,15,REP078
10238,Fictional Outlet 10238,South,Traditional Trade,Small,2022-03-24,10000,15,REP079
10239,Fictional Outlet 10239,East,Modern Trade,Medium,2023-05-11,50000,15,REP080
10240,Fictional Outlet 10240,West,Traditional Trade,Large,2023-04-09,5000,45,REP001
10241,Fictional Outlet 10241,North,Traditional Trade,Medium,2023-01-31,50000,45,REP002
10242,Fictional Outlet 10242,South,Wholesale,Medium,2023-08-27,50000,45,REP003
10243,Fictional Outlet 10243,East,Modern Trade,Medium,2022-04-27,50000,45,REP004
10244,Fictional Outlet 10244,West,Ecommerce,Large,2023-01-01,5000,30,REP005
10245,Fictional Outlet 10245,North,Traditional Trade,Large,2023-11-27,10000,15,REP006
10246,Fictional Outlet 10246,South,Traditional Trade,Medium,2022-04-13,25000,60,REP007
10247,Fictional Outlet 10247,East,Wholesale,Small,2023-04-14,50000,45,REP008
10248,Fictional Outlet 10248,West,Traditional Trade,Medium,2023-04-12,50000,60,REP009
10249,Fictional Outlet 10249,North,Modern Trade,Small,2023-06-01,10000,60,REP010
10250,Fictional Outlet 10250,South,Traditional Trade,Small,2023-04-30,25000,45,REP011
10251,Fictional Outlet 10251,East,Traditional Trade,Small,2023-08-30,5000,15,REP012
10252,Fictional Outlet 10252,West,Traditional Trade,Large,2023-02-16,25000,30,REP013
10253,Fictional Outlet 10253,North,Traditional Trade,Small,2023-05-18,25000,45,REP014
10254,Fictional Outlet 10254,South,Modern Trade,Medium,2022-12-23,5000,60,REP015
10255,Fictional Outlet 10255,East,Modern Trade,Small,2023-04-21,5000,30,REP016
10256,Fictional Outlet 10256,West,Wholesale,Small,2023-09-23,25000,30,REP017
10257,Fictional Outlet 10257,North,Traditional Trade,Medium,2022-10-08,5000,45,REP018
10258,Fictional Outlet 10258,South,Ecommerce,Medium,2022-08-21,10000,45,REP019
10259,Fictional Outlet 10259,East,Traditional Trade,Medium,2023-12-08,50000,45,REP020
10260,Fictional Outlet 10260,West,Traditional Trade,Medium,2022-11-02,5000,45,REP021
10261,Fictional Outlet 10261,North,Wholesale,Small,2023-01-06,50000,45,REP022
10262,Fictional Outlet 10262,South,Traditional Trade,Large,2023-02-16,10000,30,REP023
10263,Fictional Outlet 10263,East,Modern Trade,Large,2023-12-25,25000,30,REP024
10264,Fictional Outlet 10264,West,Wholesale,Small,2022-07-08,10000,45,REP025
10265,Fictional Outlet 10265,North,Modern Trade,Small,2023-10-04,25000,15,REP026
10266,Fictional Outlet 10266,South,Traditional Trade,Small,2022-12-05,5000,15,REP027
10267,Fictional Outlet 10267,East,Modern Trade,Small,2022-03-24,10000,30,REP028
10268,Fictional Outlet 10268,West,Wholesale,Small,2022-08-18,10000,15,REP029
10269,Fictional Outlet 10269,North,Wholesale,Small,2023-06-04,25000,15,REP030
10270,Fictional Outlet 10270,South,Traditional Trade,Medium,2022-12-29,5000,45,REP031
10271,Fictional Outlet 10271,East,Modern Trade,Small,2023-11-28,25000,45,REP032
10272,Fictional Outlet 10272,West,Traditional Trade,Large,2022-08-30,50000,45,REP033
10273,Fictional Outlet 10273,North,Traditional Trade,Large,2023-12-18,25000,60,REP034
10274,Fictional Outlet 10274,South,Wholesale,Small,2022-06-25,50000,30,REP035
10275,Fictional Outlet 10275,East,Traditional Trade,Medium,2022-01-18,5000,30,REP036
10276,Fictional Outlet 10276,West,Wholesale,Small,2022-03-27,5000,60,REP037
10277,Fictional Outlet 10277,North,Modern Trade,Medium,2022-09-28,50000,15,REP038
10278,Fictional Outlet 10278,South,Ecommerce,Medium,2023-05-07,5000,45,REP039
10279,Fictional Outlet 10279,East,Traditional Trade,Medium,2023-01-01,50000,30,REP040
10280,Fictional Outlet 10280,West,Wholesale,Medium,2022-03-11,5000,30,REP041
10281,Fictional Outlet 10281,North,Traditional Trade,Small,2023-02-01,5000,15,REP042
10282,Fictional Outlet 10282,South, MODERN TRADE ,Small,2022-07-27,50000,45,REP043
10283,Fictional Outlet 10283,East,Traditional Trade,Medium,2023-07-20,25000,45,
10284,Fictional Outlet 10284,West,Traditional Trade,Medium,2022-04-21,25000,15,REP045
10285,Fictional Outlet 10285,North,Modern Trade,Medium,2022-02-20,10000,30,REP046
10286,Fictional Outlet 10286,South,Modern Trade,Small,2023-01-02,5000,30,REP047
10287,Fictional Outlet 10287,East,Traditional Trade,Medium,2022-03-27,50000,30,REP048
10288,Fictional Outlet 10288,West,Traditional Trade,Medium,2022-11-25,5000,30,REP049
10289,Fictional Outlet 10289,North,Traditional Trade,Large,2023-07-21,50000,15,REP050
10290,Fictional Outlet 10290,South,Traditional Trade,Medium,2022-05-10,25000,60,REP051
10291,Fictional Outlet 10291,East,Modern Trade,Medium,2022-11-17,25000,30,REP052
10292,Fictional Outlet 10292,West,Traditional Trade,Small,2022-01-28,25000,60,REP053
10293,Fictional Outlet 10293,North,Modern Trade,Large,2023-06-06,10000,30,REP054
10294,Fictional Outlet 10294,South,Modern Trade,Small,2022-04-30,50000,15,REP055
10295,Fictional Outlet 10295,East,Wholesale,Medium,2023-03-10,5000,30,REP056
10296,Fictional Outlet 10296,West,Traditional Trade,Large,2022-07-06,25000,30,REP057
10297,Fictional Outlet 10297,North,Modern Trade,Small,2023-03-29,10000,30,REP058
10298,Fictional Outlet 10298,South,Modern Trade,Small,2023-05-26,25000,60,REP059
10299,Fictional Outlet 10299,East,Traditional Trade,Medium,2023-01-07,5000,15,REP060
10300,Fictional Outlet 10300,West,Traditional Trade,Medium,2023-03-20,10000,45,REP061
10301,Fictional Outlet 10301,North,Modern Trade,Small,2022-02-10,10000,45,REP062
10302,Fictional Outlet 10302,South,Traditional Trade,Small,2022-05-30,50000,60,REP063
10303,Fictional Outlet 10303,East,Wholesale,Small,2023-08-25,50000,45,REP064
10304,Fictional Outlet 10304,West,Wholesale,Small,2023-09-06,10000,30,REP065
10305,Fictional Outlet 10305,North,Modern Trade,Small,2022-05-21,25000,60,REP066
10306,Fictional Outlet 10306,South,Traditional Trade,Large,2023-11-06,50000,60,REP067
10307,Fictional Outlet 10307,East,Traditional Trade,Small,2022-09-29,10000,30,REP068
10308,Fictional Outlet 10308,West,Wholesale,Large,2022-01-28,50000,60,REP069
10309,Fictional Outlet 10309,North,Traditional Trade,Medium,2023-01-10,50000,45,REP070
10310,Fictional Outlet 10310,South,Traditional Trade,Small,2023-06-22,25000,30,REP071
10311,Fictional Outlet 10311,East,Traditional Trade,Large,2022-10-06,25000,60,REP072
10312,Fictional Outlet 10312,West,Traditional Trade,Large,2022-05-19,5000,30,REP073
10313,Fictional Outlet 10313,North,Traditional Trade,Medium,2023-11-06,5000,15,REP074
10314,Fictional Outlet 10314,South,Wholesale,Medium,2023-10-12,10000,15,REP075
10315,Fictional Outlet 10315,East,Modern Trade,Medium,2023-06-26,5000,15,REP076
10316,Fictional Outlet 10316,West,Traditional Trade,Large,2023-01-29,5000,30,REP077
10317,Fictional Outlet 10317,North,Wholesale,Medium,2022-03-13,50000,60,REP078
10318,Fictional Outlet 10318,South,Traditional Trade,Medium,2023-11-02,50000,30,REP079
10319,Fictional Outlet 10319,East,Ecommerce,Medium,2023-03-15,5000,15,REP080
10320,Fictional Outlet 10320,West,Traditional Trade,Large,2022-09-19,50000,30,REP001
10321,Fictional Outlet 10321,North,Wholesale,Medium,2022-09-07,10000,30,REP002
10322,Fictional Outlet 10322,South,Modern Trade,Small,2023-02-17,5000,15,REP003
10323,Fictional Outlet 10323,East,Traditional Trade,Large,2022-01-12,25000,15,REP004
10324,Fictional Outlet 10324,West,Ecommerce,Small,2022-04-27,25000,30,REP005
10325,Fictional Outlet 10325,North,Traditional Trade,Medium,2023-09-28,25000,15,REP006
10326,Fictional Outlet 10326,South,Traditional Trade,Medium,2022-03-31,25000,30,REP007
10327,Fictional Outlet 10327,East,Traditional Trade,Medium,2022-03-31,25000,30,REP008
10328,Fictional Outlet 10328,West,Wholesale,Small,2023-07-18,25000,15,REP009
10329,Fictional Outlet 10329,North,Wholesale,Large,2023-04-02,5000,15,REP010
10330,Fictional Outlet 10330,South,Traditional Trade,Medium,2022-10-15,25000,15,REP011
10331,Fictional Outlet 10331,East,Traditional Trade,Small,2022-01-25,5000,45,REP012
10332,Fictional Outlet 10332,West,Traditional Trade,Small,2022-07-04,10000,45,REP013
10333,Fictional Outlet 10333,North,Traditional Trade,Small,2023-08-09,25000,15,REP014
10334,Fictional Outlet 10334,South,Traditional Trade,Large,2022-10-28,10000,15,REP015
10335,Fictional Outlet 10335,East,Wholesale,Large,2023-02-28,10000,15,REP016
10336,Fictional Outlet 10336,West,Wholesale,Small,2022-07-14,50000,45,REP017
10337,Fictional Outlet 10337,North,Wholesale,Small,2023-03-09,25000,15,REP018
10338,Fictional Outlet 10338,South,Traditional Trade,Medium,2022-01-27,5000,60,REP019
10339,Fictional Outlet 10339,East,Traditional Trade,Small,2023-03-19,25000,45,REP020
10340,Fictional Outlet 10340,West,Traditional Trade,Large,2023-04-28,10000,45,REP021
10341,Fictional Outlet 10341,North,Modern Trade,Small,2023-12-24,5000,15,REP022
10342,Fictional Outlet 10342,South,Traditional Trade,Medium,2022-09-22,50000,60,REP023
10343,Fictional Outlet 10343,East,Traditional Trade,Medium,2022-05-25,25000,15,REP024
10344,Fictional Outlet 10344,West,Wholesale,Medium,2022-01-05,25000,45,REP025
10345,Fictional Outlet 10345,North,Traditional Trade,Medium,2023-12-21,5000,45,REP026
10346,Fictional Outlet 10346,South,Modern Trade,Large,2022-09-17,50000,60,REP027
10347,Fictional Outlet 10347,East,Traditional Trade,Small,2022-05-04,50000,30,REP028
10348,Fictional Outlet 10348,West,Traditional Trade,Medium,2023-09-24,10000,60,REP029
10349,Fictional Outlet 10349,North,Traditional Trade,Large,2022-09-18,50000,15,REP030
10350,Fictional Outlet 10350,South,Ecommerce,Large,2023-12-04,50000,45,REP031
10351,Fictional Outlet 10351,East,Wholesale,Large,2022-12-11,5000,15,REP032
10352,Fictional Outlet 10352,West,Modern Trade,Large,2022-12-23,5000,45,REP033
10353,Fictional Outlet 10353,North,Ecommerce,Large,2023-06-25,10000,60,REP034
10354,Fictional Outlet 10354,South,Traditional Trade,Medium,2022-01-07,5000,60,REP035
10355,Fictional Outlet 10355,East,Traditional Trade,Medium,2022-09-06,25000,30,REP036
10356,Fictional Outlet 10356,West,Traditional Trade,Small,2023-09-27,25000,45,REP037
10357,Fictional Outlet 10357,North,Ecommerce,Large,2023-09-19,10000,15,REP038
10358,Fictional Outlet 10358,South,Modern Trade,Medium,2023-05-28,50000,60,REP039
10359,Fictional Outlet 10359,East,Traditional Trade,Large,2022-04-21,25000,45,REP040
10360,Fictional Outlet 10360,West,Traditional Trade,Large,2023-08-28,5000,45,REP041
10361,Fictional Outlet 10361,North,Wholesale,Medium,2022-11-11,10000,45,REP042
10362,Fictional Outlet 10362,South,Ecommerce,Small,2023-09-19,5000,45,REP043
10363,Fictional Outlet 10363,East,Traditional Trade,Medium,2023-11-29,50000,15,REP044
10364,Fictional Outlet 10364,West,Traditional Trade,Large,2023-08-17,50000,45,REP045
10365,Fictional Outlet 10365,North,Traditional Trade,Large,2022-02-08,25000,60,REP046
10366,Fictional Outlet 10366,South,Traditional Trade,Small,2023-11-27,10000,30,REP047
10367,Fictional Outlet 10367,East,Traditional Trade,Small,2022-12-20,5000,60,REP048
10368,Fictional Outlet 10368,West,Ecommerce,Medium,2023-09-29,10000,60,REP049
10369,Fictional Outlet 10369,North,Ecommerce,Large,2022-06-10,25000,30,REP050
10370,Fictional Outlet 10370,South,Traditional Trade,Small,2023-03-28,25000,15,REP051
10371,Fictional Outlet 10371,East,Traditional Trade,Large,2023-11-30,50000,30,REP052
10372,Fictional Outlet 10372,West,Modern Trade,Large,2022-05-05,5000,30,REP053
10373,Fictional Outlet 10373,North,Traditional Trade,Medium,2023-12-21,5000,30,REP054
10374,Fictional Outlet 10374,South,Wholesale,Large,2023-05-11,25000,30,REP055
10375,Fictional Outlet 10375,East,Traditional Trade,Medium,2023-04-18,10000,60,REP056
10376,Fictional Outlet 10376,West,Wholesale,Medium,2022-06-13,10000,60,REP057
10377,Fictional Outlet 10377,North,Traditional Trade,Large,2023-05-18,50000,15,REP058
10378,Fictional Outlet 10378,South,Modern Trade,Medium,2022-12-18,25000,60,REP059
10379,Fictional Outlet 10379,East, TRADITIONAL TRADE ,Small,2022-07-24,50000,45,REP060
10380,Fictional Outlet 10380,West,Ecommerce,Large,2023-03-11,10000,45,REP061
10381,Fictional Outlet 10381,North,Traditional Trade,Medium,2022-04-19,5000,60,REP062
10382,Fictional Outlet 10382,South,Traditional Trade,Medium,2023-12-02,5000,30,REP063
10383,Fictional Outlet 10383,East,Modern Trade,Medium,2022-12-18,25000,30,REP064
10384,Fictional Outlet 10384,West,Traditional Trade,Medium,2023-01-19,25000,45,REP065
10385,Fictional Outlet 10385,North,Modern Trade,Medium,2023-11-15,10000,30,REP066
10386,Fictional Outlet 10386,South,Traditional Trade,Medium,2023-05-20,25000,45,REP067
10387,Fictional Outlet 10387,East,Traditional Trade,Medium,2022-12-17,5000,15,REP068
10388,Fictional Outlet 10388,West,Ecommerce,Small,2023-02-19,25000,15,REP069
10389,Fictional Outlet 10389,North,Modern Trade,Small,2022-10-15,25000,15,REP070
10390,Fictional Outlet 10390,South,Wholesale,Large,2023-06-29,50000,60,REP071
10391,Fictional Outlet 10391,East,Modern Trade,Medium,2023-02-26,50000,60,REP072
10392,Fictional Outlet 10392,West,Traditional Trade,Medium,2022-08-27,10000,60,REP073
10393,Fictional Outlet 10393,North,Traditional Trade,Small,2022-03-18,25000,15,REP074
10394,Fictional Outlet 10394,South,Traditional Trade,Large,2022-09-22,25000,30,REP075
10395,Fictional Outlet 10395,East,Traditional Trade,Large,2022-02-15,25000,60,REP076
10396,Fictional Outlet 10396,West,Traditional Trade,Large,2023-10-19,5000,45,
10397,Fictional Outlet 10397,North,Traditional Trade,Small,2022-04-23,5000,15,REP078
10398,Fictional Outlet 10398,South,Modern Trade,Large,2023-08-01,50000,60,REP079
10399,Fictional Outlet 10399,East,Wholesale,Medium,2023-01-15,10000,60,REP080
10400,Fictional Outlet 10400,West,Modern Trade,Large,2023-10-18,50000,15,REP001
10401,Fictional Outlet 10401,North,Ecommerce,Medium,2022-01-14,50000,60,REP002
10402,Fictional Outlet 10402,South,Traditional Trade,Large,2022-08-14,50000,45,REP003
10403,Fictional Outlet 10403,East,Traditional Trade,Small,2023-03-17,50000,60,REP004
10404,Fictional Outlet 10404,West,Traditional Trade,Small,2022-10-18,25000,60,REP005
10405,Fictional Outlet 10405,North,Traditional Trade,Large,2023-11-27,10000,30,REP006
10406,Fictional Outlet 10406,South,Wholesale,Medium,2022-05-22,10000,30,REP007
10407,Fictional Outlet 10407,East,Traditional Trade,Medium,2023-04-06,5000,30,REP008
10408,Fictional Outlet 10408,West,Wholesale,Large,2022-06-26,25000,15,REP009
10409,Fictional Outlet 10409,North,Ecommerce,Large,2022-07-12,50000,15,REP010
10410,Fictional Outlet 10410,South,Wholesale,Medium,2023-07-30,25000,60,REP011
10411,Fictional Outlet 10411,East,Wholesale,Medium,2022-04-05,5000,30,REP012
10412,Fictional Outlet 10412,West,Traditional Trade,Medium,2023-08-30,5000,45,REP013
10413,Fictional Outlet 10413,North,Wholesale,Small,2022-01-11,5000,45,REP014
10414,Fictional Outlet 10414,South,Traditional Trade,Medium,2023-04-05,50000,45,REP015
10415,Fictional Outlet 10415,East,Traditional Trade,Medium,2022-02-15,25000,60,REP016
10416,Fictional Outlet 10416,West,Modern Trade,Medium,2023-08-09,5000,60,REP017
10417,Fictional Outlet 10417,North,Traditional Trade,Medium,2022-01-18,25000,45,REP018
10418,Fictional Outlet 10418,South,Modern Trade,Medium,2022-04-14,25000,60,REP019
10419,Fictional Outlet 10419,East,Wholesale,Medium,2023-01-25,10000,45,REP020
10420,Fictional Outlet 10420,West,Wholesale,Medium,2023-11-16,50000,30,REP021
10421,Fictional Outlet 10421,North,Traditional Trade,Small,2023-03-19,25000,60,REP022
10422,Fictional Outlet 10422,South,Traditional Trade,Medium,2023-05-12,5000,60,REP023
10423,Fictional Outlet 10423,East,Wholesale,Small,2022-05-06,50000,45,REP024
10424,Fictional Outlet 10424,West,Wholesale,Small,2022-09-12,10000,60,REP025
10425,Fictional Outlet 10425,North,Traditional Trade,Small,2022-01-11,50000,45,REP026
10426,Fictional Outlet 10426,South,Wholesale,Small,2023-07-17,10000,60,REP027
10427,Fictional Outlet 10427,East,Wholesale,Medium,2022-10-29,5000,60,REP028
10428,Fictional Outlet 10428,West,Traditional Trade,Large,2022-11-13,10000,45,REP029
10429,Fictional Outlet 10429,North,Modern Trade,Medium,2023-03-20,10000,45,REP030
10430,Fictional Outlet 10430,South,Modern Trade,Medium,2023-03-19,25000,15,REP031
10431,Fictional Outlet 10431,East,Traditional Trade,Medium,2023-08-22,5000,30,REP032
10432,Fictional Outlet 10432,West,Wholesale,Small,2023-03-23,10000,45,REP033
10433,Fictional Outlet 10433,North,Traditional Trade,Large,2023-12-24,10000,45,REP034
10434,Fictional Outlet 10434,South,Traditional Trade,Small,2023-06-22,25000,60,REP035
10435,Fictional Outlet 10435,East,Traditional Trade,Large,2022-02-09,50000,30,REP036
10436,Fictional Outlet 10436,West,Modern Trade,Medium,2022-07-02,5000,45,REP037
10437,Fictional Outlet 10437,North,Wholesale,Medium,2023-06-28,25000,60,REP038
10438,Fictional Outlet 10438,South,Wholesale,Large,2023-08-30,5000,30,REP039
10439,Fictional Outlet 10439,East,Traditional Trade,Medium,2023-07-09,10000,30,REP040
10440,Fictional Outlet 10440,West,Traditional Trade,Large,2023-12-21,5000,30,REP041
10441,Fictional Outlet 10441,North,Traditional Trade,Small,2023-03-18,25000,15,REP042
10442,Fictional Outlet 10442,South,Traditional Trade,Small,2022-06-12,25000,45,REP043
10443,Fictional Outlet 10443,East,Modern Trade,Large,2022-10-09,25000,30,REP044
10444,Fictional Outlet 10444,West,Traditional Trade,Large,2023-09-23,5000,45,REP045
10445,Fictional Outlet 10445,North,Wholesale,Large,2023-03-28,50000,60,REP046
10446,Fictional Outlet 10446,South,Traditional Trade,Medium,2023-04-02,25000,15,REP047
10447,Fictional Outlet 10447,East,Traditional Trade,Medium,2022-09-15,10000,15,REP048
10448,Fictional Outlet 10448,West,Traditional Trade,Small,2023-10-12,50000,15,REP049
10449,Fictional Outlet 10449,North,Modern Trade,Large,2022-04-10,25000,15,REP050
10450,Fictional Outlet 10450,South,Traditional Trade,Medium,2023-09-22,10000,15,REP051
10451,Fictional Outlet 10451,East,Wholesale,Large,2022-03-22,10000,15,REP052
10452,Fictional Outlet 10452,West,Traditional Trade,Small,2022-09-20,5000,15,REP053
10453,Fictional Outlet 10453,North,Wholesale,Small,2022-02-09,25000,15,REP054
10454,Fictional Outlet 10454,South,Traditional Trade,Medium,2022-08-30,5000,15,REP055
10455,Fictional Outlet 10455,East,Wholesale,Large,2023-08-06,50000,30,REP056
10456,Fictional Outlet 10456,West,Wholesale,Small,2022-02-06,10000,30,REP057
10457,Fictional Outlet 10457,North,Traditional Trade,Small,2023-10-11,25000,15,REP058
10458,Fictional Outlet 10458,South,Modern Trade,Small,2023-06-12,25000,60,REP059
10459,Fictional Outlet 10459,East,Traditional Trade,Large,2023-03-02,10000,45,REP060
10460,Fictional Outlet 10460,West,Traditional Trade,Small,2022-04-26,5000,45,REP061
10461,Fictional Outlet 10461,North,Traditional Trade,Small,2022-10-19,25000,45,REP062
10462,Fictional Outlet 10462,South,Traditional Trade,Small,2022-10-26,10000,30,REP063
10463,Fictional Outlet 10463,East,Traditional Trade,Large,2022-11-29,50000,45,REP064
10464,Fictional Outlet 10464,West,Traditional Trade,Medium,2022-02-26,5000,15,REP065
10465,Fictional Outlet 10465,North,Traditional Trade,Small,2023-08-29,10000,15,REP066
10466,Fictional Outlet 10466,South,Traditional Trade,Large,2023-04-20,50000,30,REP067
10467,Fictional Outlet 10467,East,Ecommerce,Small,2022-01-31,5000,30,REP068
10468,Fictional Outlet 10468,West,Modern Trade,Small,2022-02-28,25000,60,REP069
10469,Fictional Outlet 10469,North,Traditional Trade,Medium,2022-12-21,50000,30,REP070
10470,Fictional Outlet 10470,South,Ecommerce,Medium,2023-10-22,50000,60,REP071
10471,Fictional Outlet 10471,East,Traditional Trade,Small,2023-08-18,5000,45,REP072
10472,Fictional Outlet 10472,West,Ecommerce,Medium,2022-10-25,10000,45,REP073
10473,Fictional Outlet 10473,North,Traditional Trade,Large,2022-10-29,50000,15,REP074
10474,Fictional Outlet 10474,South,Modern Trade,Medium,2023-07-10,25000,45,REP075
10475,Fictional Outlet 10475,East,Traditional Trade,Large,2022-08-10,50000,15,REP076
10476,Fictional Outlet 10476,West, ECOMMERCE ,Large,2023-07-27,50000,15,REP077
10477,Fictional Outlet 10477,North,Traditional Trade,Large,2022-12-02,50000,60,REP078
10478,Fictional Outlet 10478,South,Wholesale,Large,2022-08-26,5000,30,REP079
10479,Fictional Outlet 10479,East,Wholesale,Medium,2023-04-09,25000,15,REP080
10480,Fictional Outlet 10480,West,Traditional Trade,Small,2023-02-04,50000,45,REP001
10481,Fictional Outlet 10481,North,Wholesale,Large,2023-03-21,10000,60,REP002
10482,Fictional Outlet 10482,South,Traditional Trade,Large,2023-09-02,50000,45,REP003
10483,Fictional Outlet 10483,East,Modern Trade,Medium,2023-12-10,10000,45,REP004
10484,Fictional Outlet 10484,West,Wholesale,Small,2022-05-10,50000,15,REP005
10485,Fictional Outlet 10485,North,Traditional Trade,Small,2023-06-30,5000,15,REP006
10486,Fictional Outlet 10486,South,Ecommerce,Medium,2023-06-28,5000,60,REP007
10487,Fictional Outlet 10487,East,Modern Trade,Medium,2023-04-12,10000,30,REP008
10488,Fictional Outlet 10488,West,Traditional Trade,Medium,2023-01-03,50000,60,REP009
10489,Fictional Outlet 10489,North,Traditional Trade,Large,2022-08-21,25000,60,REP010
10490,Fictional Outlet 10490,South,Traditional Trade,Small,2023-07-29,50000,45,REP011
10491,Fictional Outlet 10491,East,Traditional Trade,Small,2022-04-28,10000,15,REP012
10492,Fictional Outlet 10492,West,Wholesale,Medium,2023-02-23,25000,60,REP013
10493,Fictional Outlet 10493,North,Wholesale,Small,2023-07-01,50000,15,REP014
10494,Fictional Outlet 10494,South,Traditional Trade,Small,2023-07-26,50000,15,REP015
10495,Fictional Outlet 10495,East,Traditional Trade,Medium,2022-01-24,50000,60,REP016
10496,Fictional Outlet 10496,West,Traditional Trade,Medium,2022-10-13,50000,30,REP017
10497,Fictional Outlet 10497,North,Traditional Trade,Large,2023-04-11,25000,15,REP018
10498,Fictional Outlet 10498,South,Wholesale,Small,2023-05-24,25000,30,REP019
10499,Fictional Outlet 10499,East,Modern Trade,Large,2022-07-11,5000,30,REP020
10500,Fictional Outlet 10500,West,Modern Trade,Medium,2022-03-14,5000,15,REP021
10501,Fictional Outlet 10501,North,Modern Trade,Small,2022-09-01,25000,15,REP022
10502,Fictional Outlet 10502,South,Traditional Trade,Small,2022-11-20,10000,15,REP023
10503,Fictional Outlet 10503,East,Traditional Trade,Small,2022-01-06,25000,45,REP024
10504,Fictional Outlet 10504,West,Traditional Trade,Small,2023-07-09,10000,45,REP025
10505,Fictional Outlet 10505,North,Traditional Trade,Large,2022-12-21,50000,45,REP026
10506,Fictional Outlet 10506,South,Modern Trade,Large,2023-09-13,10000,30,REP027
10507,Fictional Outlet 10507,East,Traditional Trade,Small,2023-11-16,5000,60,REP028
10508,Fictional Outlet 10508,West,Modern Trade,Large,2023-03-22,5000,30,REP029
10509,Fictional Outlet 10509,North,Traditional Trade,Small,2023-07-21,5000,45,
10510,Fictional Outlet 10510,South,Wholesale,Large,2022-11-22,10000,45,REP031
10511,Fictional Outlet 10511,East,Traditional Trade,Large,2022-03-10,25000,45,REP032
10512,Fictional Outlet 10512,West,Wholesale,Medium,2022-03-08,5000,45,REP033
10513,Fictional Outlet 10513,North,Modern Trade,Small,2023-10-01,25000,60,REP034
10514,Fictional Outlet 10514,South,Traditional Trade,Large,2022-10-03,25000,60,REP035
10515,Fictional Outlet 10515,East,Traditional Trade,Medium,2023-02-19,5000,15,REP036
10516,Fictional Outlet 10516,West,Wholesale,Large,2022-05-28,5000,15,REP037
10517,Fictional Outlet 10517,North,Traditional Trade,Medium,2022-04-30,10000,45,REP038
10518,Fictional Outlet 10518,South,Traditional Trade,Small,2023-12-20,50000,45,REP039
10519,Fictional Outlet 10519,East,Modern Trade,Large,2022-09-10,10000,45,REP040
10520,Fictional Outlet 10520,West,Wholesale,Small,2023-03-22,5000,60,REP041
10521,Fictional Outlet 10521,North,Modern Trade,Medium,2023-04-13,50000,30,REP042
10522,Fictional Outlet 10522,South,Wholesale,Medium,2023-09-02,50000,30,REP043
10523,Fictional Outlet 10523,East,Traditional Trade,Large,2023-03-13,50000,45,REP044
10524,Fictional Outlet 10524,West,Traditional Trade,Medium,2022-07-25,5000,45,REP045
10525,Fictional Outlet 10525,North,Traditional Trade,Small,2022-04-13,25000,60,REP046
10526,Fictional Outlet 10526,South,Traditional Trade,Small,2023-07-31,25000,60,REP047
10527,Fictional Outlet 10527,East,Traditional Trade,Medium,2022-08-23,10000,45,REP048
10528,Fictional Outlet 10528,West,Traditional Trade,Medium,2023-12-13,10000,60,REP049
10529,Fictional Outlet 10529,North,Traditional Trade,Medium,2023-11-02,5000,15,REP050
10530,Fictional Outlet 10530,South,Modern Trade,Medium,2023-06-04,5000,45,REP051
10531,Fictional Outlet 10531,East,Traditional Trade,Small,2023-02-15,10000,15,REP052
10532,Fictional Outlet 10532,West,Wholesale,Large,2023-09-08,25000,60,REP053
10533,Fictional Outlet 10533,North,Wholesale,Medium,2022-01-05,5000,30,REP054
10534,Fictional Outlet 10534,South,Traditional Trade,Large,2022-10-21,5000,45,REP055
10535,Fictional Outlet 10535,East,Ecommerce,Medium,2023-06-01,50000,60,REP056
10536,Fictional Outlet 10536,West,Traditional Trade,Large,2022-02-03,50000,15,REP057
10537,Fictional Outlet 10537,North,Modern Trade,Medium,2022-03-27,25000,45,REP058
10538,Fictional Outlet 10538,South,Traditional Trade,Small,2022-05-11,5000,45,REP059
10539,Fictional Outlet 10539,East,Traditional Trade,Large,2022-12-26,50000,15,REP060
10540,Fictional Outlet 10540,West,Traditional Trade,Medium,2023-05-07,50000,60,REP061
10541,Fictional Outlet 10541,North,Wholesale,Small,2023-05-21,5000,45,REP062
10542,Fictional Outlet 10542,South,Modern Trade,Medium,2022-01-03,5000,15,REP063
10543,Fictional Outlet 10543,East,Traditional Trade,Medium,2023-09-17,10000,45,REP064
10544,Fictional Outlet 10544,West,Wholesale,Large,2023-06-11,10000,30,REP065
10545,Fictional Outlet 10545,North,Traditional Trade,Large,2022-07-09,50000,15,REP066
10546,Fictional Outlet 10546,South,Ecommerce,Large,2023-07-06,50000,45,REP067
10547,Fictional Outlet 10547,East,Traditional Trade,Large,2023-03-06,5000,60,REP068
10548,Fictional Outlet 10548,West,Traditional Trade,Large,2023-04-28,5000,15,REP069
10549,Fictional Outlet 10549,North,Traditional Trade,Medium,2023-08-16,5000,15,REP070
10550,Fictional Outlet 10550,South,Traditional Trade,Large,2023-09-10,10000,60,REP071
10551,Fictional Outlet 10551,East,Traditional Trade,Medium,2022-04-24,10000,30,REP072
10552,Fictional Outlet 10552,West,Traditional Trade,Large,2022-07-09,25000,30,REP073
10553,Fictional Outlet 10553,North,Wholesale,Medium,2022-07-05,5000,45,REP074
10554,Fictional Outlet 10554,South,Wholesale,Small,2022-08-17,10000,15,REP075
10555,Fictional Outlet 10555,East,Traditional Trade,Large,2023-10-02,10000,60,REP076
10556,Fictional Outlet 10556,West,Traditional Trade,Medium,2022-01-08,50000,60,REP077
10557,Fictional Outlet 10557,North,Wholesale,Medium,2023-02-27,10000,30,REP078
10558,Fictional Outlet 10558,South,Wholesale,Large,2022-05-18,5000,45,REP079
10559,Fictional Outlet 10559,East,Modern Trade,Small,2023-06-03,25000,15,REP080
10560,Fictional Outlet 10560,West,Modern Trade,Medium,2022-04-20,10000,30,REP001
10561,Fictional Outlet 10561,North,Traditional Trade,Medium,2022-03-18,10000,30,REP002
10562,Fictional Outlet 10562,South,Wholesale,Small,2022-10-05,25000,30,REP003
10563,Fictional Outlet 10563,East,Wholesale,Large,2022-04-19,25000,15,REP004
10564,Fictional Outlet 10564,West,Traditional Trade,Small,2023-10-24,50000,30,REP005
10565,Fictional Outlet 10565,North,Ecommerce,Large,2022-04-09,5000,60,REP006
10566,Fictional Outlet 10566,South,Modern Trade,Medium,2023-09-19,10000,45,REP007
10567,Fictional Outlet 10567,East,Modern Trade,Small,2023-11-04,10000,45,REP008
10568,Fictional Outlet 10568,West,Wholesale,Small,2022-05-21,10000,60,REP009
10569,Fictional Outlet 10569,North,Traditional Trade,Large,2022-06-02,50000,15,REP010
10570,Fictional Outlet 10570,South,Wholesale,Large,2022-02-09,10000,45,REP011
10571,Fictional Outlet 10571,East,Traditional Trade,Small,2022-01-09,10000,45,REP012
10572,Fictional Outlet 10572,West,Modern Trade,Small,2023-08-15,25000,60,REP013
10573,Fictional Outlet 10573,North, TRADITIONAL TRADE ,Large,2022-12-20,5000,45,REP014
10574,Fictional Outlet 10574,South,Traditional Trade,Large,2023-08-23,5000,15,REP015
10575,Fictional Outlet 10575,East,Wholesale,Medium,2022-01-09,50000,45,REP016
10576,Fictional Outlet 10576,West,Traditional Trade,Medium,2023-09-05,25000,60,REP017
10577,Fictional Outlet 10577,North,Traditional Trade,Large,2022-09-26,50000,30,REP018
10578,Fictional Outlet 10578,South,Traditional Trade,Large,2022-08-27,10000,30,REP019
10579,Fictional Outlet 10579,East,Traditional Trade,Medium,2022-07-01,5000,45,REP020
10580,Fictional Outlet 10580,West,Wholesale,Large,2023-08-14,5000,60,REP021
10581,Fictional Outlet 10581,North,Traditional Trade,Large,2022-08-26,10000,60,REP022
10582,Fictional Outlet 10582,South,Ecommerce,Large,2023-03-27,25000,45,REP023
10583,Fictional Outlet 10583,East,Traditional Trade,Large,2022-05-02,5000,15,REP024
10584,Fictional Outlet 10584,West,Traditional Trade,Large,2022-11-29,10000,30,REP025
10585,Fictional Outlet 10585,North,Ecommerce,Medium,2022-10-25,50000,15,REP026
10586,Fictional Outlet 10586,South,Traditional Trade,Large,2022-08-24,10000,45,REP027
10587,Fictional Outlet 10587,East,Traditional Trade,Large,2022-10-31,25000,15,REP028
10588,Fictional Outlet 10588,West,Traditional Trade,Medium,2023-11-01,50000,45,REP029
10589,Fictional Outlet 10589,North,Modern Trade,Medium,2022-09-04,50000,45,REP030
10590,Fictional Outlet 10590,South,Wholesale,Large,2022-07-06,10000,30,REP031
10591,Fictional Outlet 10591,East,Traditional Trade,Medium,2023-09-30,50000,30,REP032
10592,Fictional Outlet 10592,West,Traditional Trade,Large,2023-10-07,5000,30,REP033
10593,Fictional Outlet 10593,North,Wholesale,Small,2023-05-24,50000,30,REP034
10594,Fictional Outlet 10594,South,Traditional Trade,Medium,2023-10-13,25000,15,REP035
10595,Fictional Outlet 10595,East,Traditional Trade,Small,2023-12-06,50000,60,REP036
10596,Fictional Outlet 10596,West,Ecommerce,Medium,2023-01-27,25000,45,REP037
10597,Fictional Outlet 10597,North,Traditional Trade,Medium,2022-08-09,25000,60,REP038
10598,Fictional Outlet 10598,South,Traditional Trade,Medium,2023-07-11,10000,45,REP039
10599,Fictional Outlet 10599,East,Traditional Trade,Large,2022-10-11,5000,60,REP040
10600,Fictional Outlet 10600,West,Modern Trade,Large,2023-07-13,25000,60,REP041
10601,Fictional Outlet 10601,North,Traditional Trade,Small,2022-08-08,5000,60,REP042
10602,Fictional Outlet 10602,South,Wholesale,Medium,2022-10-01,50000,45,REP043
10603,Fictional Outlet 10603,East,Wholesale,Medium,2022-02-16,5000,30,REP044
10604,Fictional Outlet 10604,West,Ecommerce,Large,2022-05-06,25000,45,REP045
10605,Fictional Outlet 10605,North,Modern Trade,Large,2022-06-14,10000,45,REP046
10606,Fictional Outlet 10606,South,Modern Trade,Large,2022-05-26,10000,15,REP047
10607,Fictional Outlet 10607,East,Wholesale,Small,2022-06-06,25000,15,REP048
10608,Fictional Outlet 10608,West,Traditional Trade,Large,2023-02-25,25000,60,REP049
10609,Fictional Outlet 10609,North,Wholesale,Large,2023-08-01,25000,15,REP050
10610,Fictional Outlet 10610,South,Wholesale,Medium,2022-05-21,10000,60,REP051
10611,Fictional Outlet 10611,East,Wholesale,Small,2022-03-29,5000,45,REP052
10612,Fictional Outlet 10612,West,Traditional Trade,Small,2022-10-04,10000,30,REP053
10613,Fictional Outlet 10613,North,Wholesale,Large,2023-10-10,50000,45,REP054
10614,Fictional Outlet 10614,South,Traditional Trade,Medium,2022-11-12,10000,60,REP055
10615,Fictional Outlet 10615,East,Traditional Trade,Large,2022-10-18,50000,30,REP056
10616,Fictional Outlet 10616,West,Modern Trade,Medium,2022-04-15,50000,15,REP057
10617,Fictional Outlet 10617,North,Traditional Trade,Medium,2023-01-29,5000,60,REP058
10618,Fictional Outlet 10618,South,Traditional Trade,Large,2023-02-14,25000,15,REP059
10619,Fictional Outlet 10619,East,Traditional Trade,Large,2023-04-10,25000,30,REP060
10620,Fictional Outlet 10620,West,Modern Trade,Small,2023-06-12,25000,60,REP061
10621,Fictional Outlet 10621,North,Traditional Trade,Medium,2023-01-09,5000,45,REP062
10622,Fictional Outlet 10622,South,Wholesale,Medium,2023-04-03,5000,60,
10623,Fictional Outlet 10623,East,Traditional Trade,Medium,2022-09-10,5000,60,REP064
10624,Fictional Outlet 10624,West,Traditional Trade,Medium,2022-02-16,50000,30,REP065
10625,Fictional Outlet 10625,North,Wholesale,Medium,2023-12-24,10000,60,REP066
10626,Fictional Outlet 10626,South,Wholesale,Small,2022-12-29,5000,15,REP067
10627,Fictional Outlet 10627,East,Traditional Trade,Small,2023-10-14,50000,30,REP068
10628,Fictional Outlet 10628,West,Traditional Trade,Medium,2023-08-29,5000,45,REP069
10629,Fictional Outlet 10629,North,Modern Trade,Large,2023-04-25,10000,45,REP070
10630,Fictional Outlet 10630,South,Traditional Trade,Large,2022-07-06,5000,30,REP071
10631,Fictional Outlet 10631,East,Traditional Trade,Small,2022-02-08,50000,15,REP072
10632,Fictional Outlet 10632,West,Modern Trade,Large,2022-05-22,50000,30,REP073
10633,Fictional Outlet 10633,North,Modern Trade,Medium,2023-11-11,5000,30,REP074
10634,Fictional Outlet 10634,South,Wholesale,Large,2023-10-17,10000,15,REP075
10635,Fictional Outlet 10635,East,Modern Trade,Medium,2022-11-15,10000,60,REP076
10636,Fictional Outlet 10636,West,Modern Trade,Large,2022-11-06,5000,15,REP077
10637,Fictional Outlet 10637,North,Ecommerce,Medium,2022-05-21,10000,45,REP078
10638,Fictional Outlet 10638,South,Traditional Trade,Large,2022-12-28,5000,60,REP079
10639,Fictional Outlet 10639,East,Traditional Trade,Large,2022-06-02,10000,30,REP080
10640,Fictional Outlet 10640,West,Wholesale,Medium,2023-07-12,50000,45,REP001
10641,Fictional Outlet 10641,North,Traditional Trade,Small,2023-07-15,10000,45,REP002
10642,Fictional Outlet 10642,South,Traditional Trade,Medium,2023-11-16,10000,45,REP003
10643,Fictional Outlet 10643,East,Modern Trade,Medium,2023-09-28,25000,60,REP004
10644,Fictional Outlet 10644,West,Traditional Trade,Small,2023-09-02,10000,30,REP005
10645,Fictional Outlet 10645,North,Ecommerce,Medium,2022-07-08,25000,30,REP006
10646,Fictional Outlet 10646,South,Traditional Trade,Large,2022-08-17,25000,60,REP007
10647,Fictional Outlet 10647,East,Traditional Trade,Small,2023-05-13,10000,30,REP008
10648,Fictional Outlet 10648,West,Traditional Trade,Large,2023-07-02,50000,30,REP009
10649,Fictional Outlet 10649,North,Modern Trade,Medium,2022-12-03,50000,30,REP010
10650,Fictional Outlet 10650,South,Wholesale,Medium,2022-04-30,50000,30,REP011
10651,Fictional Outlet 10651,East,Traditional Trade,Medium,2022-06-24,25000,45,REP012
10652,Fictional Outlet 10652,West,Wholesale,Medium,2023-11-12,50000,30,REP013
10653,Fictional Outlet 10653,North,Traditional Trade,Medium,2022-05-03,50000,15,REP014
10654,Fictional Outlet 10654,South,Wholesale,Large,2022-03-07,5000,30,REP015
10655,Fictional Outlet 10655,East,Wholesale,Medium,2022-02-25,10000,60,REP016
10656,Fictional Outlet 10656,West,Traditional Trade,Medium,2023-04-07,50000,15,REP017
10657,Fictional Outlet 10657,North,Traditional Trade,Large,2023-02-16,5000,30,REP018
10658,Fictional Outlet 10658,South,Wholesale,Large,2022-12-01,5000,60,REP019
10659,Fictional Outlet 10659,East,Modern Trade,Medium,2022-10-15,50000,15,REP020
10660,Fictional Outlet 10660,West,Wholesale,Small,2022-08-05,25000,60,REP021
10661,Fictional Outlet 10661,North,Modern Trade,Medium,2022-12-01,25000,15,REP022
10662,Fictional Outlet 10662,South,Traditional Trade,Medium,2022-04-11,50000,15,REP023
10663,Fictional Outlet 10663,East,Traditional Trade,Medium,2022-01-04,10000,15,REP024
10664,Fictional Outlet 10664,West,Modern Trade,Large,2023-12-23,5000,45,REP025
10665,Fictional Outlet 10665,North,Ecommerce,Small,2022-04-21,25000,60,REP026
10666,Fictional Outlet 10666,South,Traditional Trade,Small,2022-01-05,10000,15,REP027
10667,Fictional Outlet 10667,East,Traditional Trade,Medium,2023-03-24,10000,15,REP028
10668,Fictional Outlet 10668,West,Wholesale,Large,2023-11-01,50000,60,REP029
10669,Fictional Outlet 10669,North,Traditional Trade,Medium,2023-07-24,50000,60,REP030
10670,Fictional Outlet 10670,South, TRADITIONAL TRADE ,Large,2023-07-12,50000,30,REP031
10671,Fictional Outlet 10671,East,Traditional Trade,Small,2022-05-21,25000,45,REP032
10672,Fictional Outlet 10672,West,Traditional Trade,Small,2023-01-03,25000,15,REP033
10673,Fictional Outlet 10673,North,Wholesale,Large,2022-06-20,10000,15,REP034
10674,Fictional Outlet 10674,South,Ecommerce,Large,2022-10-25,5000,15,REP035
10675,Fictional Outlet 10675,East,Modern Trade,Small,2023-05-28,5000,45,REP036
10676,Fictional Outlet 10676,West,Traditional Trade,Medium,2023-01-15,25000,30,REP037
10677,Fictional Outlet 10677,North,Traditional Trade,Medium,2022-05-26,5000,15,REP038
10678,Fictional Outlet 10678,South,Traditional Trade,Large,2022-09-09,25000,15,REP039
10679,Fictional Outlet 10679,East,Traditional Trade,Small,2022-12-21,25000,45,REP040
10680,Fictional Outlet 10680,West,Traditional Trade,Medium,2022-02-13,25000,30,REP041
10681,Fictional Outlet 10681,North,Traditional Trade,Large,2022-01-21,25000,45,REP042
10682,Fictional Outlet 10682,South,Modern Trade,Large,2022-04-20,10000,60,REP043
10683,Fictional Outlet 10683,East,Wholesale,Medium,2023-07-09,10000,60,REP044
10684,Fictional Outlet 10684,West,Traditional Trade,Small,2022-03-17,10000,60,REP045
10685,Fictional Outlet 10685,North,Traditional Trade,Medium,2022-02-28,25000,45,REP046
10686,Fictional Outlet 10686,South,Traditional Trade,Medium,2023-04-07,50000,15,REP047
10687,Fictional Outlet 10687,East,Ecommerce,Medium,2023-12-25,50000,30,REP048
10688,Fictional Outlet 10688,West,Ecommerce,Small,2022-11-02,25000,45,REP049
10689,Fictional Outlet 10689,North,Traditional Trade,Large,2022-08-12,10000,45,REP050
10690,Fictional Outlet 10690,South,Modern Trade,Large,2022-03-16,5000,45,REP051
10691,Fictional Outlet 10691,East,Traditional Trade,Medium,2022-02-28,5000,45,REP052
10692,Fictional Outlet 10692,West,Traditional Trade,Medium,2022-02-18,50000,15,REP053
10693,Fictional Outlet 10693,North,Traditional Trade,Large,2023-12-15,5000,30,REP054
10694,Fictional Outlet 10694,South,Traditional Trade,Medium,2023-11-24,10000,15,REP055
10695,Fictional Outlet 10695,East,Ecommerce,Medium,2022-05-27,10000,60,REP056
10696,Fictional Outlet 10696,West,Traditional Trade,Small,2023-10-28,50000,15,REP057
10697,Fictional Outlet 10697,North,Modern Trade,Large,2022-10-19,25000,30,REP058
10698,Fictional Outlet 10698,South,Traditional Trade,Small,2023-10-18,50000,30,REP059
10699,Fictional Outlet 10699,East,Modern Trade,Medium,2022-08-31,10000,45,REP060
10700,Fictional Outlet 10700,West,Traditional Trade,Medium,2022-12-13,5000,45,REP061
10701,Fictional Outlet 10701,North,Modern Trade,Large,2023-12-30,5000,30,REP062
10702,Fictional Outlet 10702,South,Ecommerce,Large,2023-11-22,5000,60,REP063
10703,Fictional Outlet 10703,East,Modern Trade,Small,2022-09-03,50000,45,REP064
10704,Fictional Outlet 10704,West,Traditional Trade,Medium,2023-09-22,5000,15,REP065
10705,Fictional Outlet 10705,North,Traditional Trade,Large,2022-12-27,25000,15,REP066
10706,Fictional Outlet 10706,South,Traditional Trade,Medium,2022-10-10,10000,45,REP067
10707,Fictional Outlet 10707,East,Wholesale,Medium,2023-11-19,10000,60,REP068
10708,Fictional Outlet 10708,West,Ecommerce,Medium,2023-06-20,5000,60,REP069
10709,Fictional Outlet 10709,North,Wholesale,Small,2023-08-28,50000,60,REP070
10710,Fictional Outlet 10710,South,Wholesale,Large,2023-07-14,50000,60,REP071
10711,Fictional Outlet 10711,East,Modern Trade,Medium,2022-03-27,25000,15,REP072
10712,Fictional Outlet 10712,West,Modern Trade,Small,2023-01-03,25000,45,REP073
10713,Fictional Outlet 10713,North,Wholesale,Small,2023-06-03,25000,15,REP074
10714,Fictional Outlet 10714,South,Wholesale,Small,2022-04-15,10000,60,REP075
10715,Fictional Outlet 10715,East,Traditional Trade,Small,2023-09-19,5000,30,REP076
10716,Fictional Outlet 10716,West,Traditional Trade,Large,2023-11-26,50000,60,REP077
10717,Fictional Outlet 10717,North,Traditional Trade,Large,2023-08-10,10000,60,REP078
10718,Fictional Outlet 10718,South,Wholesale,Medium,2022-07-14,50000,30,REP079
10719,Fictional Outlet 10719,East,Modern Trade,Medium,2023-06-09,50000,60,REP080
10720,Fictional Outlet 10720,West,Traditional Trade,Small,2023-05-01,10000,30,REP001
10721,Fictional Outlet 10721,North,Wholesale,Medium,2022-09-02,25000,45,REP002
10722,Fictional Outlet 10722,South,Traditional Trade,Small,2023-05-03,50000,30,REP003
10723,Fictional Outlet 10723,East,Traditional Trade,Large,2022-10-30,25000,45,REP004
10724,Fictional Outlet 10724,West,Modern Trade,Small,2023-04-28,50000,30,REP005
10725,Fictional Outlet 10725,North,Modern Trade,Large,2023-05-14,25000,30,REP006
10726,Fictional Outlet 10726,South,Modern Trade,Large,2022-09-16,25000,15,REP007
10727,Fictional Outlet 10727,East,Wholesale,Large,2022-07-27,10000,45,REP008
10728,Fictional Outlet 10728,West,Traditional Trade,Small,2022-04-12,25000,45,REP009
10729,Fictional Outlet 10729,North,Modern Trade,Small,2023-03-18,10000,30,REP010
10730,Fictional Outlet 10730,South,Traditional Trade,Medium,2022-12-18,50000,60,REP011
10731,Fictional Outlet 10731,East,Wholesale,Small,2023-09-09,50000,15,REP012
10732,Fictional Outlet 10732,West,Wholesale,Small,2022-02-06,50000,60,REP013
10733,Fictional Outlet 10733,North,Traditional Trade,Small,2022-01-13,5000,60,REP014
10734,Fictional Outlet 10734,South,Ecommerce,Medium,2022-07-07,5000,30,REP015
10735,Fictional Outlet 10735,East,Traditional Trade,Large,2022-07-07,10000,15,
10736,Fictional Outlet 10736,West,Traditional Trade,Small,2023-06-09,50000,60,REP017
10737,Fictional Outlet 10737,North,Traditional Trade,Large,2022-09-12,5000,30,REP018
10738,Fictional Outlet 10738,South,Ecommerce,Large,2023-12-27,25000,45,REP019
10739,Fictional Outlet 10739,East,Wholesale,Small,2022-02-06,50000,45,REP020
10740,Fictional Outlet 10740,West,Traditional Trade,Large,2022-10-14,25000,45,REP021
10741,Fictional Outlet 10741,North,Modern Trade,Medium,2023-11-12,10000,60,REP022
10742,Fictional Outlet 10742,South,Modern Trade,Small,2022-12-13,10000,15,REP023
10743,Fictional Outlet 10743,East,Traditional Trade,Medium,2023-03-07,50000,30,REP024
10744,Fictional Outlet 10744,West,Modern Trade,Medium,2023-02-07,50000,15,REP025
10745,Fictional Outlet 10745,North,Traditional Trade,Medium,2022-02-02,50000,30,REP026
10746,Fictional Outlet 10746,South,Ecommerce,Large,2023-10-31,5000,60,REP027
10747,Fictional Outlet 10747,East,Ecommerce,Large,2023-07-25,25000,60,REP028
10748,Fictional Outlet 10748,West,Traditional Trade,Small,2022-01-28,25000,30,REP029
10749,Fictional Outlet 10749,North,Wholesale,Large,2023-06-17,10000,45,REP030
10750,Fictional Outlet 10750,South,Traditional Trade,Small,2023-04-30,10000,60,REP031
10751,Fictional Outlet 10751,East,Ecommerce,Small,2023-09-20,10000,30,REP032
10752,Fictional Outlet 10752,West,Traditional Trade,Small,2022-03-15,10000,15,REP033
10753,Fictional Outlet 10753,North,Traditional Trade,Large,2023-06-24,25000,15,REP034
10754,Fictional Outlet 10754,South,Wholesale,Large,2022-03-25,5000,45,REP035
10755,Fictional Outlet 10755,East,Traditional Trade,Small,2022-08-11,50000,15,REP036
10756,Fictional Outlet 10756,West,Traditional Trade,Large,2022-11-11,25000,30,REP037
10757,Fictional Outlet 10757,North,Traditional Trade,Small,2022-10-07,50000,60,REP038
10758,Fictional Outlet 10758,South,Traditional Trade,Medium,2023-12-14,50000,30,REP039
10759,Fictional Outlet 10759,East,Traditional Trade,Small,2023-03-14,50000,30,REP040
10760,Fictional Outlet 10760,West,Traditional Trade,Small,2022-11-05,5000,45,REP041
10761,Fictional Outlet 10761,North,Traditional Trade,Large,2023-05-07,50000,15,REP042
10762,Fictional Outlet 10762,South,Traditional Trade,Medium,2023-10-22,25000,45,REP043
10763,Fictional Outlet 10763,East,Traditional Trade,Small,2022-08-27,25000,45,REP044
10764,Fictional Outlet 10764,West,Traditional Trade,Small,2023-11-28,10000,60,REP045
10765,Fictional Outlet 10765,North,Wholesale,Large,2023-09-25,50000,60,REP046
10766,Fictional Outlet 10766,South,Wholesale,Large,2022-12-01,10000,15,REP047
10767,Fictional Outlet 10767,East, WHOLESALE ,Medium,2022-07-10,25000,60,REP048
10768,Fictional Outlet 10768,West,Modern Trade,Medium,2022-09-30,50000,60,REP049
10769,Fictional Outlet 10769,North,Traditional Trade,Small,2023-04-29,5000,15,REP050
10770,Fictional Outlet 10770,South,Traditional Trade,Medium,2022-06-07,50000,30,REP051
10771,Fictional Outlet 10771,East,Traditional Trade,Small,2022-02-03,10000,45,REP052
10772,Fictional Outlet 10772,West,Traditional Trade,Medium,2023-04-04,25000,45,REP053
10773,Fictional Outlet 10773,North,Traditional Trade,Small,2023-08-17,50000,60,REP054
10774,Fictional Outlet 10774,South,Traditional Trade,Medium,2022-08-19,25000,45,REP055
10775,Fictional Outlet 10775,East,Ecommerce,Medium,2023-12-02,5000,60,REP056
10776,Fictional Outlet 10776,West,Traditional Trade,Small,2022-11-03,25000,30,REP057
10777,Fictional Outlet 10777,North,Wholesale,Small,2022-03-13,5000,60,REP058
10778,Fictional Outlet 10778,South,Traditional Trade,Medium,2023-04-03,5000,60,REP059
10779,Fictional Outlet 10779,East,Ecommerce,Small,2023-07-31,10000,15,REP060
10780,Fictional Outlet 10780,West,Modern Trade,Small,2022-02-14,50000,45,REP061
10781,Fictional Outlet 10781,North,Modern Trade,Large,2023-04-05,5000,15,REP062
10782,Fictional Outlet 10782,South,Traditional Trade,Large,2022-10-26,5000,60,REP063
10783,Fictional Outlet 10783,East,Modern Trade,Medium,2022-12-19,50000,15,REP064
10784,Fictional Outlet 10784,West,Wholesale,Medium,2023-01-20,25000,45,REP065
10785,Fictional Outlet 10785,North,Traditional Trade,Small,2022-10-08,5000,30,REP066
10786,Fictional Outlet 10786,South,Modern Trade,Large,2022-12-28,50000,15,REP067
10787,Fictional Outlet 10787,East,Traditional Trade,Small,2023-07-01,25000,30,REP068
10788,Fictional Outlet 10788,West,Traditional Trade,Small,2022-03-31,10000,15,REP069
10789,Fictional Outlet 10789,North,Traditional Trade,Large,2022-04-05,10000,30,REP070
10790,Fictional Outlet 10790,South,Modern Trade,Small,2022-11-07,25000,30,REP071
10791,Fictional Outlet 10791,East,Wholesale,Large,2023-05-24,10000,60,REP072
10792,Fictional Outlet 10792,West,Traditional Trade,Large,2023-03-18,10000,15,REP073
10793,Fictional Outlet 10793,North,Ecommerce,Small,2022-07-09,50000,15,REP074
10794,Fictional Outlet 10794,South,Traditional Trade,Medium,2022-12-24,50000,45,REP075
10795,Fictional Outlet 10795,East,Traditional Trade,Large,2023-08-18,25000,15,REP076
10796,Fictional Outlet 10796,West,Modern Trade,Large,2022-07-21,10000,45,REP077
10797,Fictional Outlet 10797,North,Modern Trade,Large,2023-08-04,25000,15,REP078
10798,Fictional Outlet 10798,South,Traditional Trade,Large,2022-11-28,10000,30,REP079
10799,Fictional Outlet 10799,East,Wholesale,Large,2023-02-08,25000,15,REP080
10800,Fictional Outlet 10800,West,Modern Trade,Small,2022-05-10,5000,45,REP001
10801,Fictional Outlet 10801,North,Wholesale,Large,2022-09-05,5000,30,REP002
10802,Fictional Outlet 10802,South,Modern Trade,Large,2023-12-02,5000,60,REP003
10803,Fictional Outlet 10803,East,Wholesale,Large,2023-10-28,25000,30,REP004
10804,Fictional Outlet 10804,West,Modern Trade,Small,2022-02-10,5000,60,REP005
10805,Fictional Outlet 10805,North,Traditional Trade,Large,2022-04-25,10000,60,REP006
10806,Fictional Outlet 10806,South,Wholesale,Large,2022-05-29,50000,15,REP007
10807,Fictional Outlet 10807,East,Wholesale,Small,2022-11-11,10000,45,REP008
10808,Fictional Outlet 10808,West,Traditional Trade,Small,2023-11-05,5000,45,REP009
10809,Fictional Outlet 10809,North,Wholesale,Medium,2023-10-27,25000,60,REP010
10810,Fictional Outlet 10810,South,Wholesale,Medium,2022-11-22,10000,15,REP011
10811,Fictional Outlet 10811,East,Traditional Trade,Large,2022-04-02,50000,45,REP012
10812,Fictional Outlet 10812,West,Traditional Trade,Large,2022-05-27,5000,30,REP013
10813,Fictional Outlet 10813,North,Ecommerce,Large,2022-07-19,25000,60,REP014
10814,Fictional Outlet 10814,South,Modern Trade,Small,2022-05-19,5000,60,REP015
10815,Fictional Outlet 10815,East,Traditional Trade,Small,2022-04-17,50000,60,REP016
10816,Fictional Outlet 10816,West,Traditional Trade,Large,2022-06-10,25000,15,REP017
10817,Fictional Outlet 10817,North,Wholesale,Large,2022-03-15,25000,30,REP018
10818,Fictional Outlet 10818,South,Traditional Trade,Medium,2022-05-08,10000,30,REP019
10819,Fictional Outlet 10819,East,Traditional Trade,Small,2023-08-03,10000,60,REP020
10820,Fictional Outlet 10820,West,Traditional Trade,Large,2023-07-19,10000,30,REP021
10821,Fictional Outlet 10821,North,Traditional Trade,Large,2022-12-16,25000,30,REP022
10822,Fictional Outlet 10822,South,Traditional Trade,Small,2022-02-05,50000,60,REP023
10823,Fictional Outlet 10823,East,Traditional Trade,Small,2023-04-21,10000,15,REP024
10824,Fictional Outlet 10824,West,Modern Trade,Large,2023-07-03,5000,15,REP025
10825,Fictional Outlet 10825,North,Traditional Trade,Large,2022-12-25,5000,15,REP026
10826,Fictional Outlet 10826,South,Traditional Trade,Large,2023-01-03,10000,60,REP027
10827,Fictional Outlet 10827,East,Traditional Trade,Small,2023-07-24,25000,15,REP028
10828,Fictional Outlet 10828,West,Modern Trade,Medium,2023-05-03,10000,15,REP029
10829,Fictional Outlet 10829,North,Traditional Trade,Small,2023-04-09,50000,30,REP030
10830,Fictional Outlet 10830,South,Traditional Trade,Medium,2023-09-24,5000,60,REP031
10831,Fictional Outlet 10831,East,Traditional Trade,Small,2022-04-06,5000,45,REP032
10832,Fictional Outlet 10832,West,Modern Trade,Medium,2022-04-27,5000,15,REP033
10833,Fictional Outlet 10833,North,Traditional Trade,Medium,2022-06-06,10000,60,REP034
10834,Fictional Outlet 10834,South,Wholesale,Large,2023-12-16,10000,30,REP035
10835,Fictional Outlet 10835,East,Modern Trade,Small,2022-08-04,5000,60,REP036
10836,Fictional Outlet 10836,West,Traditional Trade,Large,2023-12-21,5000,30,REP037
10837,Fictional Outlet 10837,North,Modern Trade,Medium,2022-10-24,50000,15,REP038
10838,Fictional Outlet 10838,South,Traditional Trade,Large,2023-05-25,10000,45,REP039
10839,Fictional Outlet 10839,East,Wholesale,Small,2023-10-23,10000,45,REP040
10840,Fictional Outlet 10840,West,Traditional Trade,Large,2023-08-25,25000,15,REP041
10841,Fictional Outlet 10841,North,Modern Trade,Small,2022-02-28,25000,60,REP042
10842,Fictional Outlet 10842,South,Traditional Trade,Medium,2022-12-16,5000,15,REP043
10843,Fictional Outlet 10843,East,Traditional Trade,Small,2022-03-31,10000,45,REP044
10844,Fictional Outlet 10844,West,Wholesale,Medium,2022-09-21,50000,60,REP045
10845,Fictional Outlet 10845,North,Traditional Trade,Medium,2023-11-17,5000,45,REP046
10846,Fictional Outlet 10846,South,Traditional Trade,Medium,2023-09-14,5000,45,REP047
10847,Fictional Outlet 10847,East,Ecommerce,Large,2022-01-24,5000,30,REP048
10848,Fictional Outlet 10848,West,Traditional Trade,Small,2023-04-13,10000,45,
10849,Fictional Outlet 10849,North,Modern Trade,Large,2022-06-02,5000,45,REP050
10850,Fictional Outlet 10850,South,Traditional Trade,Medium,2022-10-01,10000,15,REP051
10851,Fictional Outlet 10851,East,Traditional Trade,Small,2022-08-09,25000,45,REP052
10852,Fictional Outlet 10852,West,Wholesale,Small,2022-07-21,25000,15,REP053
10853,Fictional Outlet 10853,North,Traditional Trade,Large,2022-07-07,50000,60,REP054
10854,Fictional Outlet 10854,South,Traditional Trade,Small,2022-10-05,50000,30,REP055
10855,Fictional Outlet 10855,East,Traditional Trade,Medium,2023-01-29,50000,15,REP056
10856,Fictional Outlet 10856,West,Traditional Trade,Small,2022-06-23,25000,60,REP057
10857,Fictional Outlet 10857,North,Traditional Trade,Large,2022-10-15,10000,15,REP058
10858,Fictional Outlet 10858,South,Wholesale,Large,2022-03-10,25000,15,REP059
10859,Fictional Outlet 10859,East,Modern Trade,Small,2023-12-27,25000,15,REP060
10860,Fictional Outlet 10860,West,Wholesale,Small,2023-08-18,10000,30,REP061
10861,Fictional Outlet 10861,North,Modern Trade,Large,2022-10-17,5000,30,REP062
10862,Fictional Outlet 10862,South,Traditional Trade,Small,2022-11-22,25000,45,REP063
10863,Fictional Outlet 10863,East,Traditional Trade,Small,2023-04-19,25000,60,REP064
10864,Fictional Outlet 10864,West, TRADITIONAL TRADE ,Large,2022-11-04,5000,45,REP065
10865,Fictional Outlet 10865,North,Traditional Trade,Medium,2022-09-22,25000,60,REP066
10866,Fictional Outlet 10866,South,Modern Trade,Large,2022-12-24,10000,30,REP067
10867,Fictional Outlet 10867,East,Traditional Trade,Small,2022-06-03,50000,45,REP068
10868,Fictional Outlet 10868,West,Ecommerce,Large,2023-01-28,10000,15,REP069
10869,Fictional Outlet 10869,North,Ecommerce,Small,2022-04-03,50000,45,REP070
10870,Fictional Outlet 10870,South,Ecommerce,Medium,2023-05-11,10000,60,REP071
10871,Fictional Outlet 10871,East,Traditional Trade,Medium,2022-05-15,25000,15,REP072
10872,Fictional Outlet 10872,West,Modern Trade,Medium,2023-12-19,50000,30,REP073
10873,Fictional Outlet 10873,North,Ecommerce,Small,2022-02-03,25000,60,REP074
10874,Fictional Outlet 10874,South,Traditional Trade,Small,2022-05-04,5000,15,REP075
10875,Fictional Outlet 10875,East,Modern Trade,Small,2023-10-25,5000,30,REP076
10876,Fictional Outlet 10876,West,Traditional Trade,Small,2023-07-29,50000,60,REP077
10877,Fictional Outlet 10877,North,Ecommerce,Small,2022-12-21,50000,60,REP078
10878,Fictional Outlet 10878,South,Traditional Trade,Small,2023-09-18,5000,15,REP079
10879,Fictional Outlet 10879,East,Traditional Trade,Large,2023-07-19,10000,60,REP080
10880,Fictional Outlet 10880,West,Traditional Trade,Small,2022-04-29,25000,30,REP001
10881,Fictional Outlet 10881,North,Traditional Trade,Medium,2023-01-24,25000,15,REP002
10882,Fictional Outlet 10882,South,Modern Trade,Small,2023-05-14,5000,30,REP003
10883,Fictional Outlet 10883,East,Traditional Trade,Medium,2023-02-22,50000,60,REP004
10884,Fictional Outlet 10884,West,Traditional Trade,Large,2023-10-03,50000,30,REP005
10885,Fictional Outlet 10885,North,Modern Trade,Medium,2023-07-05,5000,30,REP006
10886,Fictional Outlet 10886,South,Traditional Trade,Large,2023-10-01,10000,45,REP007
10887,Fictional Outlet 10887,East,Wholesale,Medium,2022-06-26,10000,60,REP008
10888,Fictional Outlet 10888,West,Ecommerce,Small,2022-03-12,25000,15,REP009
10889,Fictional Outlet 10889,North,Traditional Trade,Large,2022-01-07,50000,15,REP010
10890,Fictional Outlet 10890,South,Traditional Trade,Small,2022-05-13,5000,15,REP011
10891,Fictional Outlet 10891,East,Traditional Trade,Small,2023-08-22,5000,15,REP012
10892,Fictional Outlet 10892,West,Traditional Trade,Large,2022-04-14,10000,15,REP013
10893,Fictional Outlet 10893,North,Traditional Trade,Medium,2022-11-06,5000,60,REP014
10894,Fictional Outlet 10894,South,Modern Trade,Medium,2023-06-20,5000,15,REP015
10895,Fictional Outlet 10895,East,Wholesale,Small,2022-08-27,25000,45,REP016
10896,Fictional Outlet 10896,West,Modern Trade,Small,2022-01-22,5000,15,REP017
10897,Fictional Outlet 10897,North,Traditional Trade,Medium,2022-12-18,50000,15,REP018
10898,Fictional Outlet 10898,South,Traditional Trade,Small,2023-02-14,50000,30,REP019
10899,Fictional Outlet 10899,East,Traditional Trade,Small,2022-08-09,25000,60,REP020
10900,Fictional Outlet 10900,West,Modern Trade,Medium,2023-12-30,50000,30,REP021
10901,Fictional Outlet 10901,North,Ecommerce,Medium,2023-02-14,5000,60,REP022
10902,Fictional Outlet 10902,South,Modern Trade,Small,2023-06-20,25000,60,REP023
10903,Fictional Outlet 10903,East,Traditional Trade,Small,2023-07-10,50000,45,REP024
10904,Fictional Outlet 10904,West,Wholesale,Small,2022-06-18,5000,45,REP025
10905,Fictional Outlet 10905,North,Traditional Trade,Large,2023-11-24,5000,30,REP026
10906,Fictional Outlet 10906,South,Traditional Trade,Small,2022-12-06,5000,45,REP027
10907,Fictional Outlet 10907,East,Traditional Trade,Large,2022-01-24,25000,30,REP028
10908,Fictional Outlet 10908,West,Traditional Trade,Medium,2023-08-12,5000,45,REP029
10909,Fictional Outlet 10909,North,Traditional Trade,Medium,2022-07-31,25000,45,REP030
10910,Fictional Outlet 10910,South,Modern Trade,Large,2022-09-27,10000,30,REP031
10911,Fictional Outlet 10911,East,Traditional Trade,Large,2023-07-12,50000,15,REP032
10912,Fictional Outlet 10912,West,Traditional Trade,Medium,2023-12-11,25000,60,REP033
10913,Fictional Outlet 10913,North,Modern Trade,Large,2023-06-03,10000,45,REP034
10914,Fictional Outlet 10914,South,Wholesale,Large,2022-01-06,10000,45,REP035
10915,Fictional Outlet 10915,East,Modern Trade,Small,2023-04-03,50000,15,REP036
10916,Fictional Outlet 10916,West,Traditional Trade,Large,2023-05-24,25000,45,REP037
10917,Fictional Outlet 10917,North,Wholesale,Small,2022-06-08,5000,15,REP038
10918,Fictional Outlet 10918,South,Ecommerce,Medium,2022-01-21,25000,60,REP039
10919,Fictional Outlet 10919,East,Modern Trade,Medium,2023-03-13,5000,60,REP040
10920,Fictional Outlet 10920,West,Modern Trade,Medium,2023-08-17,5000,45,REP041
10921,Fictional Outlet 10921,North,Traditional Trade,Medium,2023-12-21,50000,45,REP042
10922,Fictional Outlet 10922,South,Ecommerce,Large,2023-12-08,5000,45,REP043
10923,Fictional Outlet 10923,East,Traditional Trade,Small,2023-05-05,50000,15,REP044
10924,Fictional Outlet 10924,West,Traditional Trade,Medium,2023-01-29,10000,15,REP045
10925,Fictional Outlet 10925,North,Traditional Trade,Large,2022-09-05,25000,15,REP046
10926,Fictional Outlet 10926,South,Wholesale,Medium,2022-08-23,10000,15,REP047
10927,Fictional Outlet 10927,East,Modern Trade,Large,2023-06-13,25000,15,REP048
10928,Fictional Outlet 10928,West,Wholesale,Medium,2023-03-20,5000,45,REP049
10929,Fictional Outlet 10929,North,Ecommerce,Medium,2023-05-24,50000,30,REP050
10930,Fictional Outlet 10930,South,Traditional Trade,Small,2023-08-11,50000,45,REP051
10931,Fictional Outlet 10931,East,Ecommerce,Large,2023-06-20,25000,15,REP052
10932,Fictional Outlet 10932,West,Traditional Trade,Small,2022-01-04,50000,60,REP053
10933,Fictional Outlet 10933,North,Ecommerce,Large,2023-03-16,10000,45,REP054
10934,Fictional Outlet 10934,South,Wholesale,Medium,2022-10-11,25000,30,REP055
10935,Fictional Outlet 10935,East,Modern Trade,Small,2023-08-17,5000,30,REP056
10936,Fictional Outlet 10936,West,Wholesale,Small,2023-08-23,10000,60,REP057
10937,Fictional Outlet 10937,North,Modern Trade,Large,2022-05-03,10000,15,REP058
10938,Fictional Outlet 10938,South,Traditional Trade,Small,2023-04-08,5000,15,REP059
10939,Fictional Outlet 10939,East,Modern Trade,Small,2022-11-01,10000,30,REP060
10940,Fictional Outlet 10940,West,Traditional Trade,Small,2023-08-17,10000,45,REP061
10941,Fictional Outlet 10941,North,Modern Trade,Medium,2022-07-24,5000,60,REP062
10942,Fictional Outlet 10942,South,Ecommerce,Large,2023-11-16,5000,60,REP063
10943,Fictional Outlet 10943,East,Modern Trade,Medium,2023-07-25,25000,15,REP064
10944,Fictional Outlet 10944,West,Traditional Trade,Medium,2022-03-02,50000,45,REP065
10945,Fictional Outlet 10945,North,Traditional Trade,Medium,2023-06-23,10000,60,REP066
10946,Fictional Outlet 10946,South,Traditional Trade,Small,2023-12-06,25000,60,REP067
10947,Fictional Outlet 10947,East,Modern Trade,Small,2022-08-25,50000,60,REP068
10948,Fictional Outlet 10948,West,Traditional Trade,Small,2023-01-20,5000,60,REP069
10949,Fictional Outlet 10949,North,Traditional Trade,Medium,2023-12-17,50000,60,REP070
10950,Fictional Outlet 10950,South,Traditional Trade,Large,2022-09-26,50000,45,REP071
10951,Fictional Outlet 10951,East,Wholesale,Medium,2023-02-02,25000,15,REP072
10952,Fictional Outlet 10952,West,Traditional Trade,Small,2022-07-27,50000,45,REP073
10953,Fictional Outlet 10953,North,Wholesale,Large,2023-11-08,25000,15,REP074
10954,Fictional Outlet 10954,South,Modern Trade,Medium,2023-06-26,10000,15,REP075
10955,Fictional Outlet 10955,East,Modern Trade,Large,2022-11-10,25000,30,REP076
10956,Fictional Outlet 10956,West,Traditional Trade,Medium,2023-08-14,5000,15,REP077
10957,Fictional Outlet 10957,North,Traditional Trade,Large,2022-10-21,10000,60,REP078
10958,Fictional Outlet 10958,South,Traditional Trade,Medium,2023-08-30,5000,45,REP079
10959,Fictional Outlet 10959,East,Modern Trade,Large,2023-11-08,25000,60,REP080
10960,Fictional Outlet 10960,West,Traditional Trade,Small,2023-12-18,5000,30,REP001
10961,Fictional Outlet 10961,North, TRADITIONAL TRADE ,Small,2023-12-17,10000,30,
10962,Fictional Outlet 10962,South,Traditional Trade,Medium,2023-10-19,5000,45,REP003
10963,Fictional Outlet 10963,East,Traditional Trade,Large,2022-10-13,25000,30,REP004
10964,Fictional Outlet 10964,West,Traditional Trade,Small,2023-06-03,10000,45,REP005
10965,Fictional Outlet 10965,North,Traditional Trade,Medium,2022-05-09,25000,60,REP006
10966,Fictional Outlet 10966,South,Traditional Trade,Large,2022-10-21,5000,15,REP007
10967,Fictional Outlet 10967,East,Wholesale,Medium,2023-10-30,10000,15,REP008
10968,Fictional Outlet 10968,West,Modern Trade,Small,2023-03-25,25000,30,REP009
10969,Fictional Outlet 10969,North,Traditional Trade,Small,2023-10-07,5000,30,REP010
10970,Fictional Outlet 10970,South,Wholesale,Small,2022-06-25,25000,15,REP011
10971,Fictional Outlet 10971,East,Traditional Trade,Large,2022-03-02,50000,30,REP012
10972,Fictional Outlet 10972,West,Traditional Trade,Large,2022-02-09,10000,45,REP013
10973,Fictional Outlet 10973,North,Traditional Trade,Medium,2022-01-14,50000,45,REP014
10974,Fictional Outlet 10974,South,Traditional Trade,Small,2022-09-02,25000,60,REP015
10975,Fictional Outlet 10975,East,Modern Trade,Large,2022-06-01,25000,30,REP016
10976,Fictional Outlet 10976,West,Modern Trade,Large,2023-11-08,50000,15,REP017
10977,Fictional Outlet 10977,North,Wholesale,Large,2023-08-23,25000,30,REP018
10978,Fictional Outlet 10978,South,Traditional Trade,Large,2022-03-15,50000,60,REP019
10979,Fictional Outlet 10979,East,Traditional Trade,Medium,2023-04-04,5000,15,REP020
10980,Fictional Outlet 10980,West,Traditional Trade,Medium,2022-11-22,50000,60,REP021
10981,Fictional Outlet 10981,North,Wholesale,Large,2023-02-08,25000,60,REP022
10982,Fictional Outlet 10982,South,Traditional Trade,Small,2022-10-11,10000,45,REP023
10983,Fictional Outlet 10983,East,Wholesale,Small,2023-11-11,50000,45,REP024
10984,Fictional Outlet 10984,West,Modern Trade,Large,2022-12-01,5000,60,REP025
10985,Fictional Outlet 10985,North,Wholesale,Large,2023-07-13,25000,30,REP026
10986,Fictional Outlet 10986,South,Modern Trade,Large,2023-12-20,10000,30,REP027
10987,Fictional Outlet 10987,East,Modern Trade,Medium,2023-09-27,50000,60,REP028
10988,Fictional Outlet 10988,West,Modern Trade,Medium,2023-06-26,5000,15,REP029
10989,Fictional Outlet 10989,North,Traditional Trade,Small,2023-01-06,50000,60,REP030
10990,Fictional Outlet 10990,South,Modern Trade,Large,2022-10-19,25000,45,REP031
10991,Fictional Outlet 10991,East,Traditional Trade,Medium,2022-05-27,50000,15,REP032
10992,Fictional Outlet 10992,West,Modern Trade,Medium,2022-07-29,10000,30,REP033
10993,Fictional Outlet 10993,North,Traditional Trade,Small,2023-12-13,25000,45,REP034
10994,Fictional Outlet 10994,South,Traditional Trade,Medium,2023-12-21,50000,15,REP035
10995,Fictional Outlet 10995,East,Traditional Trade,Large,2022-10-14,5000,45,REP036
10996,Fictional Outlet 10996,West,Traditional Trade,Large,2023-01-17,50000,60,REP037
10997,Fictional Outlet 10997,North,Traditional Trade,Medium,2022-11-20,25000,45,REP038
10998,Fictional Outlet 10998,South,Traditional Trade,Medium,2022-01-21,5000,60,REP039
10999,Fictional Outlet 10999,East,Modern Trade,Large,2023-11-22,25000,15,REP040
11000,Fictional Outlet 11000,West,Ecommerce,Large,2022-11-13,10000,30,REP041
11001,Fictional Outlet 11001,North,Traditional Trade,Medium,2023-09-16,25000,45,REP042
11002,Fictional Outlet 11002,South,Traditional Trade,Large,2022-08-19,50000,30,REP043
11003,Fictional Outlet 11003,East,Traditional Trade,Small,2023-01-28,50000,45,REP044
11004,Fictional Outlet 11004,West,Wholesale,Small,2022-05-13,25000,60,REP045
11005,Fictional Outlet 11005,North,Wholesale,Medium,2022-12-17,50000,45,REP046
11006,Fictional Outlet 11006,South,Wholesale,Small,2022-10-05,5000,60,REP047
11007,Fictional Outlet 11007,East,Traditional Trade,Medium,2023-02-01,50000,30,REP048
11008,Fictional Outlet 11008,West,Wholesale,Large,2023-06-04,25000,60,REP049
11009,Fictional Outlet 11009,North,Ecommerce,Large,2023-10-31,10000,60,REP050
11010,Fictional Outlet 11010,South,Ecommerce,Medium,2023-07-21,25000,15,REP051
11011,Fictional Outlet 11011,East,Traditional Trade,Large,2023-04-09,10000,15,REP052
11012,Fictional Outlet 11012,West,Modern Trade,Large,2022-10-06,25000,45,REP053
11013,Fictional Outlet 11013,North,Traditional Trade,Medium,2023-02-23,50000,15,REP054
11014,Fictional Outlet 11014,South,Wholesale,Small,2023-06-17,5000,15,REP055
11015,Fictional Outlet 11015,East,Traditional Trade,Medium,2023-07-27,10000,30,REP056
11016,Fictional Outlet 11016,West,Modern Trade,Medium,2022-05-31,50000,60,REP057
11017,Fictional Outlet 11017,North,Traditional Trade,Small,2023-04-17,10000,60,REP058
11018,Fictional Outlet 11018,South,Wholesale,Small,2022-05-05,50000,30,REP059
11019,Fictional Outlet 11019,East,Traditional Trade,Medium,2022-07-17,10000,60,REP060
11020,Fictional Outlet 11020,West,Wholesale,Large,2022-04-09,5000,45,REP061
11021,Fictional Outlet 11021,North,Traditional Trade,Medium,2023-07-20,10000,60,REP062
11022,Fictional Outlet 11022,South,Traditional Trade,Small,2022-05-13,10000,45,REP063
11023,Fictional Outlet 11023,East,Traditional Trade,Small,2023-09-30,25000,45,REP064
11024,Fictional Outlet 11024,West,Traditional Trade,Medium,2022-07-17,50000,45,REP065
11025,Fictional Outlet 11025,North,Wholesale,Medium,2023-07-22,25000,60,REP066
11026,Fictional Outlet 11026,South,Modern Trade,Large,2023-03-20,5000,60,REP067
11027,Fictional Outlet 11027,East,Traditional Trade,Large,2023-11-25,25000,45,REP068
11028,Fictional Outlet 11028,West,Wholesale,Small,2023-11-07,50000,15,REP069
11029,Fictional Outlet 11029,North,Wholesale,Small,2023-09-16,25000,60,REP070
11030,Fictional Outlet 11030,South,Traditional Trade,Large,2022-10-23,25000,15,REP071
11031,Fictional Outlet 11031,East,Modern Trade,Small,2023-06-18,10000,60,REP072
11032,Fictional Outlet 11032,West,Traditional Trade,Small,2023-09-26,5000,45,REP073
11033,Fictional Outlet 11033,North,Traditional Trade,Medium,2023-05-08,50000,60,REP074
11034,Fictional Outlet 11034,South,Traditional Trade,Small,2022-12-04,5000,60,REP075
11035,Fictional Outlet 11035,East,Modern Trade,Small,2023-12-31,5000,60,REP076
11036,Fictional Outlet 11036,West,Traditional Trade,Small,2022-09-11,25000,45,REP077
11037,Fictional Outlet 11037,North,Wholesale,Large,2023-10-29,5000,15,REP078
11038,Fictional Outlet 11038,South,Modern Trade,Small,2022-11-25,50000,60,REP079
11039,Fictional Outlet 11039,East,Traditional Trade,Large,2023-05-23,50000,45,REP080
11040,Fictional Outlet 11040,West,Modern Trade,Small,2022-05-20,50000,15,REP001
11041,Fictional Outlet 11041,North,Traditional Trade,Small,2023-11-16,5000,30,REP002
11042,Fictional Outlet 11042,South,Traditional Trade,Medium,2022-12-01,25000,45,REP003
11043,Fictional Outlet 11043,East,Traditional Trade,Large,2022-09-08,10000,15,REP004
11044,Fictional Outlet 11044,West,Traditional Trade,Small,2023-11-19,5000,30,REP005
11045,Fictional Outlet 11045,North,Traditional Trade,Small,2023-12-01,25000,45,REP006
11046,Fictional Outlet 11046,South,Traditional Trade,Large,2023-02-06,25000,45,REP007
11047,Fictional Outlet 11047,East,Traditional Trade,Medium,2023-10-15,5000,15,REP008
11048,Fictional Outlet 11048,West,Traditional Trade,Large,2022-03-07,10000,60,REP009
11049,Fictional Outlet 11049,North,Traditional Trade,Large,2023-01-25,5000,30,REP010
11050,Fictional Outlet 11050,South,Ecommerce,Large,2023-12-05,10000,15,REP011
11051,Fictional Outlet 11051,East,Traditional Trade,Medium,2023-02-20,10000,30,REP012
11052,Fictional Outlet 11052,West,Traditional Trade,Small,2022-10-02,50000,30,REP013
11053,Fictional Outlet 11053,North,Ecommerce,Large,2022-02-22,10000,15,REP014
11054,Fictional Outlet 11054,South,Traditional Trade,Large,2022-02-25,50000,30,REP015
11055,Fictional Outlet 11055,East,Traditional Trade,Large,2023-01-18,10000,45,REP016
11056,Fictional Outlet 11056,West,Modern Trade,Large,2022-07-31,50000,30,REP017
11057,Fictional Outlet 11057,North,Traditional Trade,Small,2023-05-28,50000,45,REP018
11058,Fictional Outlet 11058,South, MODERN TRADE ,Medium,2023-09-03,25000,15,REP019
11059,Fictional Outlet 11059,East,Traditional Trade,Small,2023-08-01,25000,45,REP020
11060,Fictional Outlet 11060,West,Traditional Trade,Medium,2023-05-10,25000,15,REP021
11061,Fictional Outlet 11061,North,Modern Trade,Small,2023-09-22,50000,15,REP022
11062,Fictional Outlet 11062,South,Ecommerce,Large,2023-07-10,50000,45,REP023
11063,Fictional Outlet 11063,East,Traditional Trade,Medium,2023-10-10,5000,30,REP024
11064,Fictional Outlet 11064,West,Traditional Trade,Small,2022-07-17,25000,45,REP025
11065,Fictional Outlet 11065,North,Traditional Trade,Large,2022-03-14,50000,45,REP026
11066,Fictional Outlet 11066,South,Ecommerce,Medium,2023-06-08,25000,15,REP027
11067,Fictional Outlet 11067,East,Traditional Trade,Large,2022-12-02,5000,15,REP028
11068,Fictional Outlet 11068,West,Ecommerce,Large,2023-11-24,25000,30,REP029
11069,Fictional Outlet 11069,North,Traditional Trade,Small,2023-10-10,10000,60,REP030
11070,Fictional Outlet 11070,South,Traditional Trade,Large,2022-03-12,10000,30,REP031
11071,Fictional Outlet 11071,East,Traditional Trade,Medium,2023-08-17,5000,60,REP032
11072,Fictional Outlet 11072,West,Traditional Trade,Large,2022-11-23,10000,30,REP033
11073,Fictional Outlet 11073,North,Modern Trade,Small,2023-06-12,50000,15,REP034
11074,Fictional Outlet 11074,South,Traditional Trade,Medium,2022-04-03,50000,15,
11075,Fictional Outlet 11075,East,Modern Trade,Medium,2023-10-20,10000,45,REP036
11076,Fictional Outlet 11076,West,Traditional Trade,Large,2022-11-22,5000,60,REP037
11077,Fictional Outlet 11077,North,Wholesale,Large,2022-02-19,5000,60,REP038
11078,Fictional Outlet 11078,South,Traditional Trade,Small,2022-08-24,25000,45,REP039
11079,Fictional Outlet 11079,East,Wholesale,Large,2022-01-20,50000,45,REP040
11080,Fictional Outlet 11080,West,Traditional Trade,Medium,2022-09-18,50000,30,REP041
11081,Fictional Outlet 11081,North,Traditional Trade,Medium,2022-10-25,25000,30,REP042
11082,Fictional Outlet 11082,South,Modern Trade,Medium,2022-03-08,25000,45,REP043
11083,Fictional Outlet 11083,East,Wholesale,Medium,2022-02-22,10000,60,REP044
11084,Fictional Outlet 11084,West,Wholesale,Small,2022-10-03,50000,15,REP045
11085,Fictional Outlet 11085,North,Modern Trade,Small,2023-04-13,50000,60,REP046
11086,Fictional Outlet 11086,South,Traditional Trade,Medium,2023-03-03,50000,15,REP047
11087,Fictional Outlet 11087,East,Traditional Trade,Medium,2022-04-27,50000,30,REP048
11088,Fictional Outlet 11088,West,Wholesale,Large,2023-03-11,10000,60,REP049
11089,Fictional Outlet 11089,North,Traditional Trade,Medium,2022-04-24,5000,45,REP050
11090,Fictional Outlet 11090,South,Modern Trade,Small,2023-06-25,10000,30,REP051
11091,Fictional Outlet 11091,East,Traditional Trade,Large,2023-06-16,25000,45,REP052
11092,Fictional Outlet 11092,West,Traditional Trade,Large,2023-07-05,5000,45,REP053
11093,Fictional Outlet 11093,North,Traditional Trade,Medium,2023-09-12,50000,15,REP054
11094,Fictional Outlet 11094,South,Wholesale,Large,2022-07-19,10000,45,REP055
11095,Fictional Outlet 11095,East,Traditional Trade,Large,2022-01-11,10000,15,REP056
11096,Fictional Outlet 11096,West,Traditional Trade,Small,2023-07-29,50000,60,REP057
11097,Fictional Outlet 11097,North,Modern Trade,Small,2023-01-30,10000,15,REP058
11098,Fictional Outlet 11098,South,Traditional Trade,Small,2023-04-20,5000,15,REP059
11099,Fictional Outlet 11099,East,Modern Trade,Large,2023-01-11,50000,30,REP060
11100,Fictional Outlet 11100,West,Traditional Trade,Medium,2022-10-17,50000,45,REP061
11101,Fictional Outlet 11101,North,Traditional Trade,Medium,2022-07-09,10000,60,REP062
11102,Fictional Outlet 11102,South,Modern Trade,Small,2022-03-20,25000,60,REP063
11103,Fictional Outlet 11103,East,Ecommerce,Medium,2023-06-21,5000,30,REP064
11104,Fictional Outlet 11104,West,Ecommerce,Large,2022-04-23,10000,15,REP065
11105,Fictional Outlet 11105,North,Ecommerce,Small,2022-01-13,50000,60,REP066
11106,Fictional Outlet 11106,South,Traditional Trade,Large,2023-06-10,5000,15,REP067
11107,Fictional Outlet 11107,East,Traditional Trade,Large,2023-07-02,10000,45,REP068
11108,Fictional Outlet 11108,West,Traditional Trade,Large,2023-11-05,50000,15,REP069
11109,Fictional Outlet 11109,North,Traditional Trade,Medium,2022-11-06,5000,30,REP070
11110,Fictional Outlet 11110,South,Traditional Trade,Medium,2022-05-11,5000,30,REP071
11111,Fictional Outlet 11111,East,Traditional Trade,Large,2022-06-22,10000,45,REP072
11112,Fictional Outlet 11112,West,Modern Trade,Large,2023-07-30,5000,60,REP073
11113,Fictional Outlet 11113,North,Traditional Trade,Medium,2023-05-23,25000,15,REP074
11114,Fictional Outlet 11114,South,Traditional Trade,Small,2023-07-01,50000,60,REP075
11115,Fictional Outlet 11115,East,Traditional Trade,Small,2022-11-21,25000,60,REP076
11116,Fictional Outlet 11116,West,Modern Trade,Medium,2023-06-24,25000,30,REP077
11117,Fictional Outlet 11117,North,Traditional Trade,Large,2022-12-20,5000,15,REP078
11118,Fictional Outlet 11118,South,Traditional Trade,Small,2023-10-10,50000,30,REP079
11119,Fictional Outlet 11119,East,Traditional Trade,Medium,2023-05-08,25000,60,REP080
11120,Fictional Outlet 11120,West,Modern Trade,Large,2022-03-11,25000,60,REP001
11121,Fictional Outlet 11121,North,Traditional Trade,Medium,2022-01-06,25000,60,REP002
11122,Fictional Outlet 11122,South,Traditional Trade,Medium,2023-12-27,5000,45,REP003
11123,Fictional Outlet 11123,East,Modern Trade,Medium,2022-08-04,5000,60,REP004
11124,Fictional Outlet 11124,West,Traditional Trade,Large,2022-11-10,25000,30,REP005
11125,Fictional Outlet 11125,North,Traditional Trade,Medium,2022-11-06,5000,60,REP006
11126,Fictional Outlet 11126,South,Traditional Trade,Medium,2023-11-21,50000,60,REP007
11127,Fictional Outlet 11127,East,Traditional Trade,Medium,2023-07-06,25000,60,REP008
11128,Fictional Outlet 11128,West,Wholesale,Small,2022-05-29,10000,30,REP009
11129,Fictional Outlet 11129,North,Traditional Trade,Small,2022-02-04,25000,60,REP010
11130,Fictional Outlet 11130,South,Modern Trade,Medium,2023-03-18,5000,60,REP011
11131,Fictional Outlet 11131,East,Wholesale,Large,2023-04-01,5000,60,REP012
11132,Fictional Outlet 11132,West,Traditional Trade,Medium,2023-05-04,50000,15,REP013
11133,Fictional Outlet 11133,North,Traditional Trade,Large,2023-12-24,5000,60,REP014
11134,Fictional Outlet 11134,South,Traditional Trade,Medium,2022-07-22,50000,15,REP015
11135,Fictional Outlet 11135,East,Modern Trade,Medium,2022-12-17,10000,60,REP016
11136,Fictional Outlet 11136,West,Traditional Trade,Small,2023-05-10,5000,15,REP017
11137,Fictional Outlet 11137,North,Modern Trade,Large,2023-04-05,5000,15,REP018
11138,Fictional Outlet 11138,South,Traditional Trade,Small,2023-12-21,25000,30,REP019
11139,Fictional Outlet 11139,East,Traditional Trade,Small,2022-12-26,5000,45,REP020
11140,Fictional Outlet 11140,West,Traditional Trade,Large,2022-12-03,25000,45,REP021
11141,Fictional Outlet 11141,North,Modern Trade,Large,2023-05-09,5000,60,REP022
11142,Fictional Outlet 11142,South,Traditional Trade,Small,2023-03-06,5000,60,REP023
11143,Fictional Outlet 11143,East,Traditional Trade,Medium,2022-04-22,50000,30,REP024
11144,Fictional Outlet 11144,West,Ecommerce,Small,2023-10-26,5000,45,REP025
11145,Fictional Outlet 11145,North,Traditional Trade,Large,2022-08-06,10000,15,REP026
11146,Fictional Outlet 11146,South,Ecommerce,Large,2022-04-11,5000,60,REP027
11147,Fictional Outlet 11147,East,Traditional Trade,Large,2023-03-25,5000,15,REP028
11148,Fictional Outlet 11148,West,Modern Trade,Small,2022-12-18,10000,15,REP029
11149,Fictional Outlet 11149,North,Wholesale,Small,2023-11-11,10000,45,REP030
11150,Fictional Outlet 11150,South,Traditional Trade,Small,2023-01-05,50000,45,REP031
11151,Fictional Outlet 11151,East,Traditional Trade,Large,2022-05-17,25000,15,REP032
11152,Fictional Outlet 11152,West,Modern Trade,Large,2022-04-17,5000,45,REP033
11153,Fictional Outlet 11153,North,Modern Trade,Small,2022-04-13,25000,60,REP034
11154,Fictional Outlet 11154,South,Modern Trade,Small,2023-05-02,5000,60,REP035
11155,Fictional Outlet 11155,East, MODERN TRADE ,Small,2022-09-23,50000,45,REP036
11156,Fictional Outlet 11156,West,Modern Trade,Medium,2022-07-17,50000,60,REP037
11157,Fictional Outlet 11157,North,Modern Trade,Small,2022-07-24,50000,60,REP038
11158,Fictional Outlet 11158,South,Wholesale,Large,2022-07-18,50000,15,REP039
11159,Fictional Outlet 11159,East,Traditional Trade,Large,2023-08-06,5000,30,REP040
11160,Fictional Outlet 11160,West,Modern Trade,Small,2023-02-14,50000,30,REP041
11161,Fictional Outlet 11161,North,Traditional Trade,Medium,2023-04-17,50000,30,REP042
11162,Fictional Outlet 11162,South,Traditional Trade,Small,2022-01-14,10000,30,REP043
11163,Fictional Outlet 11163,East,Modern Trade,Medium,2023-07-29,5000,30,REP044
11164,Fictional Outlet 11164,West,Traditional Trade,Large,2023-11-01,5000,30,REP045
11165,Fictional Outlet 11165,North,Wholesale,Medium,2023-01-02,10000,45,REP046
11166,Fictional Outlet 11166,South,Traditional Trade,Small,2023-01-14,25000,15,REP047
11167,Fictional Outlet 11167,East,Traditional Trade,Small,2022-03-24,25000,30,REP048
11168,Fictional Outlet 11168,West,Traditional Trade,Medium,2023-08-19,10000,45,REP049
11169,Fictional Outlet 11169,North,Traditional Trade,Large,2023-09-01,25000,30,REP050
11170,Fictional Outlet 11170,South,Wholesale,Small,2022-10-04,5000,60,REP051
11171,Fictional Outlet 11171,East,Modern Trade,Small,2023-03-10,25000,45,REP052
11172,Fictional Outlet 11172,West,Traditional Trade,Small,2023-04-18,5000,15,REP053
11173,Fictional Outlet 11173,North,Traditional Trade,Large,2023-09-27,25000,60,REP054
11174,Fictional Outlet 11174,South,Traditional Trade,Small,2022-08-09,25000,60,REP055
11175,Fictional Outlet 11175,East,Wholesale,Small,2022-05-05,50000,15,REP056
11176,Fictional Outlet 11176,West,Traditional Trade,Medium,2022-03-24,50000,30,REP057
11177,Fictional Outlet 11177,North,Ecommerce,Small,2022-03-06,25000,30,REP058
11178,Fictional Outlet 11178,South,Traditional Trade,Large,2023-02-19,50000,30,REP059
11179,Fictional Outlet 11179,East,Traditional Trade,Large,2022-09-30,10000,60,REP060
11180,Fictional Outlet 11180,West,Traditional Trade,Medium,2023-08-18,50000,30,REP061
11181,Fictional Outlet 11181,North,Ecommerce,Large,2023-06-09,25000,15,REP062
11182,Fictional Outlet 11182,South,Wholesale,Small,2023-07-24,10000,45,REP063
11183,Fictional Outlet 11183,East,Modern Trade,Small,2023-05-29,25000,60,REP064
11184,Fictional Outlet 11184,West,Traditional Trade,Small,2023-02-14,50000,30,REP065
11185,Fictional Outlet 11185,North,Wholesale,Small,2022-09-10,10000,15,REP066
11186,Fictional Outlet 11186,South,Ecommerce,Medium,2023-08-08,25000,60,REP067
11187,Fictional Outlet 11187,East,Traditional Trade,Small,2022-05-05,25000,45,
11188,Fictional Outlet 11188,West,Modern Trade,Small,2022-12-30,5000,15,REP069
11189,Fictional Outlet 11189,North,Modern Trade,Small,2023-02-22,50000,60,REP070
11190,Fictional Outlet 11190,South,Traditional Trade,Medium,2023-02-11,25000,15,REP071
11191,Fictional Outlet 11191,East,Traditional Trade,Medium,2023-02-14,25000,45,REP072
11192,Fictional Outlet 11192,West,Wholesale,Medium,2022-04-15,10000,15,REP073
11193,Fictional Outlet 11193,North,Ecommerce,Small,2022-09-13,50000,45,REP074
11194,Fictional Outlet 11194,South,Wholesale,Small,2023-08-19,50000,15,REP075
11195,Fictional Outlet 11195,East,Traditional Trade,Medium,2023-11-28,25000,60,REP076
11196,Fictional Outlet 11196,West,Wholesale,Medium,2022-05-01,25000,30,REP077
11197,Fictional Outlet 11197,North,Traditional Trade,Small,2022-10-10,10000,30,REP078
11198,Fictional Outlet 11198,South,Wholesale,Large,2023-11-11,25000,15,REP079
11199,Fictional Outlet 11199,East,Traditional Trade,Medium,2023-12-01,25000,60,REP080
11200,Fictional Outlet 11200,West,Traditional Trade,Small,2023-03-08,25000,15,REP001
11201,Fictional Outlet 11201,North,Traditional Trade,Small,2023-01-05,5000,30,REP002
11202,Fictional Outlet 11202,South,Modern Trade,Medium,2022-12-22,25000,45,REP003
11203,Fictional Outlet 11203,East,Traditional Trade,Large,2022-11-27,25000,60,REP004
11204,Fictional Outlet 11204,West,Wholesale,Large,2023-09-11,10000,15,REP005
11205,Fictional Outlet 11205,North,Wholesale,Large,2022-03-10,50000,60,REP006
11206,Fictional Outlet 11206,South,Traditional Trade,Large,2023-08-10,10000,60,REP007
11207,Fictional Outlet 11207,East,Wholesale,Medium,2022-12-14,5000,60,REP008
11208,Fictional Outlet 11208,West,Traditional Trade,Small,2023-12-11,50000,60,REP009
11209,Fictional Outlet 11209,North,Traditional Trade,Small,2023-04-01,10000,45,REP010
11210,Fictional Outlet 11210,South,Wholesale,Small,2023-09-08,5000,45,REP011
11211,Fictional Outlet 11211,East,Modern Trade,Medium,2023-05-15,50000,15,REP012
11212,Fictional Outlet 11212,West,Traditional Trade,Medium,2022-03-10,50000,30,REP013
11213,Fictional Outlet 11213,North,Wholesale,Large,2023-05-19,25000,45,REP014
11214,Fictional Outlet 11214,South,Wholesale,Medium,2023-07-29,50000,60,REP015
11215,Fictional Outlet 11215,East,Ecommerce,Medium,2022-01-15,5000,30,REP016
11216,Fictional Outlet 11216,West,Traditional Trade,Large,2023-06-28,10000,60,REP017
11217,Fictional Outlet 11217,North,Traditional Trade,Medium,2022-11-22,50000,30,REP018
11218,Fictional Outlet 11218,South,Traditional Trade,Small,2022-02-09,50000,15,REP019
11219,Fictional Outlet 11219,East,Traditional Trade,Medium,2023-01-24,25000,60,REP020
11220,Fictional Outlet 11220,West,Modern Trade,Small,2023-04-13,5000,45,REP021
11221,Fictional Outlet 11221,North,Modern Trade,Large,2023-10-29,50000,45,REP022
11222,Fictional Outlet 11222,South,Traditional Trade,Medium,2022-05-27,50000,30,REP023
11223,Fictional Outlet 11223,East,Modern Trade,Medium,2023-03-13,50000,30,REP024
11224,Fictional Outlet 11224,West,Traditional Trade,Medium,2022-03-15,5000,15,REP025
11225,Fictional Outlet 11225,North,Traditional Trade,Small,2022-11-03,50000,15,REP026
11226,Fictional Outlet 11226,South,Traditional Trade,Medium,2022-06-28,10000,15,REP027
11227,Fictional Outlet 11227,East,Wholesale,Large,2022-08-24,50000,15,REP028
11228,Fictional Outlet 11228,West,Traditional Trade,Medium,2023-12-16,50000,15,REP029
11229,Fictional Outlet 11229,North,Wholesale,Large,2023-12-02,25000,45,REP030
11230,Fictional Outlet 11230,South,Traditional Trade,Medium,2023-07-30,50000,15,REP031
11231,Fictional Outlet 11231,East,Wholesale,Medium,2023-08-07,10000,15,REP032
11232,Fictional Outlet 11232,West,Traditional Trade,Medium,2022-01-06,10000,60,REP033
11233,Fictional Outlet 11233,North,Wholesale,Small,2022-01-10,25000,15,REP034
11234,Fictional Outlet 11234,South,Traditional Trade,Medium,2022-04-21,10000,45,REP035
11235,Fictional Outlet 11235,East,Traditional Trade,Large,2023-07-22,10000,30,REP036
11236,Fictional Outlet 11236,West,Ecommerce,Medium,2022-06-12,5000,15,REP037
11237,Fictional Outlet 11237,North,Traditional Trade,Large,2022-01-27,50000,45,REP038
11238,Fictional Outlet 11238,South,Traditional Trade,Large,2023-08-04,25000,60,REP039
11239,Fictional Outlet 11239,East,Traditional Trade,Small,2022-07-30,50000,45,REP040
11240,Fictional Outlet 11240,West,Modern Trade,Small,2022-12-01,5000,15,REP041
11241,Fictional Outlet 11241,North,Modern Trade,Large,2022-11-27,25000,30,REP042
11242,Fictional Outlet 11242,South,Traditional Trade,Medium,2022-05-09,5000,60,REP043
11243,Fictional Outlet 11243,East,Traditional Trade,Large,2022-04-22,5000,30,REP044
11244,Fictional Outlet 11244,West,Traditional Trade,Small,2022-06-20,10000,60,REP045
11245,Fictional Outlet 11245,North,Wholesale,Medium,2022-01-04,50000,15,REP046
11246,Fictional Outlet 11246,South,Traditional Trade,Small,2022-12-27,50000,30,REP047
11247,Fictional Outlet 11247,East,Traditional Trade,Large,2022-10-24,5000,60,REP048
11248,Fictional Outlet 11248,West,Traditional Trade,Large,2023-08-04,5000,60,REP049
11249,Fictional Outlet 11249,North,Wholesale,Small,2023-06-19,50000,60,REP050
11250,Fictional Outlet 11250,South,Modern Trade,Large,2023-04-18,50000,30,REP051
11251,Fictional Outlet 11251,East,Traditional Trade,Medium,2023-07-07,5000,15,REP052
11252,Fictional Outlet 11252,West, MODERN TRADE ,Large,2022-10-23,25000,30,REP053
11253,Fictional Outlet 11253,North,Traditional Trade,Medium,2022-03-08,50000,45,REP054
11254,Fictional Outlet 11254,South,Traditional Trade,Small,2022-03-06,25000,15,REP055
11255,Fictional Outlet 11255,East,Traditional Trade,Medium,2023-08-06,10000,30,REP056
11256,Fictional Outlet 11256,West,Traditional Trade,Small,2022-10-16,5000,15,REP057
11257,Fictional Outlet 11257,North,Wholesale,Small,2023-07-03,10000,30,REP058
11258,Fictional Outlet 11258,South,Wholesale,Large,2022-06-24,25000,60,REP059
11259,Fictional Outlet 11259,East,Traditional Trade,Medium,2022-01-24,10000,30,REP060
11260,Fictional Outlet 11260,West,Traditional Trade,Large,2023-12-08,25000,15,REP061
11261,Fictional Outlet 11261,North,Traditional Trade,Small,2023-01-29,10000,30,REP062
11262,Fictional Outlet 11262,South,Traditional Trade,Small,2023-09-05,5000,60,REP063
11263,Fictional Outlet 11263,East,Traditional Trade,Small,2023-02-16,25000,60,REP064
11264,Fictional Outlet 11264,West,Traditional Trade,Large,2023-11-15,5000,15,REP065
11265,Fictional Outlet 11265,North,Modern Trade,Medium,2022-09-01,50000,45,REP066
11266,Fictional Outlet 11266,South,Traditional Trade,Large,2023-09-01,50000,15,REP067
11267,Fictional Outlet 11267,East,Wholesale,Medium,2023-01-30,5000,45,REP068
11268,Fictional Outlet 11268,West,Traditional Trade,Small,2023-10-31,50000,30,REP069
11269,Fictional Outlet 11269,North,Traditional Trade,Medium,2023-08-21,50000,45,REP070
11270,Fictional Outlet 11270,South,Traditional Trade,Medium,2022-09-11,25000,60,REP071
11271,Fictional Outlet 11271,East,Traditional Trade,Small,2022-06-06,5000,60,REP072
11272,Fictional Outlet 11272,West,Traditional Trade,Medium,2022-11-18,5000,45,REP073
11273,Fictional Outlet 11273,North,Traditional Trade,Large,2023-09-26,25000,60,REP074
11274,Fictional Outlet 11274,South,Modern Trade,Large,2022-02-23,25000,15,REP075
11275,Fictional Outlet 11275,East,Traditional Trade,Medium,2022-01-25,50000,15,REP076
11276,Fictional Outlet 11276,West,Modern Trade,Large,2022-12-05,50000,45,REP077
11277,Fictional Outlet 11277,North,Wholesale,Medium,2022-08-30,10000,15,REP078
11278,Fictional Outlet 11278,South,Modern Trade,Small,2022-08-01,50000,45,REP079
11279,Fictional Outlet 11279,East,Traditional Trade,Medium,2023-06-17,25000,60,REP080
11280,Fictional Outlet 11280,West,Ecommerce,Medium,2022-08-24,50000,15,REP001
11281,Fictional Outlet 11281,North,Ecommerce,Medium,2023-06-15,25000,15,REP002
11282,Fictional Outlet 11282,South,Traditional Trade,Medium,2023-05-06,10000,30,REP003
11283,Fictional Outlet 11283,East,Wholesale,Large,2022-04-09,5000,60,REP004
11284,Fictional Outlet 11284,West,Traditional Trade,Medium,2022-07-06,25000,45,REP005
11285,Fictional Outlet 11285,North,Traditional Trade,Medium,2022-09-20,5000,60,REP006
11286,Fictional Outlet 11286,South,Ecommerce,Small,2022-11-01,50000,60,REP007
11287,Fictional Outlet 11287,East,Modern Trade,Small,2023-07-17,50000,60,REP008
11288,Fictional Outlet 11288,West,Traditional Trade,Medium,2023-02-03,25000,45,REP009
11289,Fictional Outlet 11289,North,Traditional Trade,Medium,2022-01-28,10000,30,REP010
11290,Fictional Outlet 11290,South,Wholesale,Small,2023-06-29,25000,30,REP011
11291,Fictional Outlet 11291,East,Traditional Trade,Small,2023-08-10,5000,30,REP012
11292,Fictional Outlet 11292,West,Modern Trade,Medium,2023-09-14,5000,15,REP013
11293,Fictional Outlet 11293,North,Traditional Trade,Large,2023-01-25,25000,15,REP014
11294,Fictional Outlet 11294,South,Traditional Trade,Medium,2023-11-24,25000,30,REP015
11295,Fictional Outlet 11295,East,Wholesale,Medium,2023-11-13,50000,60,REP016
11296,Fictional Outlet 11296,West,Modern Trade,Medium,2022-11-12,5000,45,REP017
11297,Fictional Outlet 11297,North,Modern Trade,Small,2023-06-05,5000,30,REP018
11298,Fictional Outlet 11298,South,Wholesale,Small,2022-01-10,10000,30,REP019
11299,Fictional Outlet 11299,East,Modern Trade,Large,2022-07-03,10000,45,REP020
11300,Fictional Outlet 11300,West,Traditional Trade,Small,2023-07-08,5000,15,
11301,Fictional Outlet 11301,North,Traditional Trade,Medium,2022-02-07,50000,45,REP022
11302,Fictional Outlet 11302,South,Modern Trade,Large,2022-05-27,50000,45,REP023
11303,Fictional Outlet 11303,East,Wholesale,Large,2022-07-12,10000,30,REP024
11304,Fictional Outlet 11304,West,Traditional Trade,Small,2022-06-07,50000,60,REP025
11305,Fictional Outlet 11305,North,Traditional Trade,Large,2023-12-18,50000,30,REP026
11306,Fictional Outlet 11306,South,Wholesale,Small,2023-04-06,50000,30,REP027
11307,Fictional Outlet 11307,East,Traditional Trade,Medium,2022-12-28,25000,45,REP028
11308,Fictional Outlet 11308,West,Modern Trade,Medium,2023-01-18,5000,60,REP029
11309,Fictional Outlet 11309,North,Modern Trade,Small,2023-03-11,10000,45,REP030
11310,Fictional Outlet 11310,South,Traditional Trade,Large,2023-06-12,10000,15,REP031
11311,Fictional Outlet 11311,East,Traditional Trade,Large,2022-07-18,25000,45,REP032
11312,Fictional Outlet 11312,West,Traditional Trade,Medium,2023-07-03,5000,45,REP033
11313,Fictional Outlet 11313,North,Traditional Trade,Medium,2022-12-21,5000,45,REP034
11314,Fictional Outlet 11314,South,Modern Trade,Medium,2022-04-14,10000,45,REP035
11315,Fictional Outlet 11315,East,Wholesale,Small,2023-01-28,5000,15,REP036
11316,Fictional Outlet 11316,West,Traditional Trade,Medium,2023-06-07,10000,30,REP037
11317,Fictional Outlet 11317,North,Modern Trade,Large,2022-04-18,10000,45,REP038
11318,Fictional Outlet 11318,South,Modern Trade,Medium,2022-05-07,25000,15,REP039
11319,Fictional Outlet 11319,East,Wholesale,Medium,2023-11-16,5000,45,REP040
11320,Fictional Outlet 11320,West,Traditional Trade,Medium,2023-12-16,5000,45,REP041
11321,Fictional Outlet 11321,North,Traditional Trade,Medium,2022-12-04,25000,15,REP042
11322,Fictional Outlet 11322,South,Traditional Trade,Large,2022-03-07,25000,45,REP043
11323,Fictional Outlet 11323,East,Traditional Trade,Medium,2023-10-17,5000,15,REP044
11324,Fictional Outlet 11324,West,Traditional Trade,Large,2023-01-06,25000,60,REP045
11325,Fictional Outlet 11325,North,Traditional Trade,Large,2023-11-10,50000,45,REP046
11326,Fictional Outlet 11326,South,Traditional Trade,Large,2022-02-26,10000,60,REP047
11327,Fictional Outlet 11327,East,Traditional Trade,Large,2022-02-27,25000,45,REP048
11328,Fictional Outlet 11328,West,Traditional Trade,Large,2023-03-12,50000,45,REP049
11329,Fictional Outlet 11329,North,Ecommerce,Large,2022-11-15,25000,60,REP050
11330,Fictional Outlet 11330,South,Traditional Trade,Medium,2022-10-03,50000,15,REP051
11331,Fictional Outlet 11331,East,Ecommerce,Medium,2023-05-03,5000,60,REP052
11332,Fictional Outlet 11332,West,Traditional Trade,Large,2023-06-07,10000,60,REP053
11333,Fictional Outlet 11333,North,Ecommerce,Medium,2022-02-16,5000,30,REP054
11334,Fictional Outlet 11334,South,Traditional Trade,Medium,2022-10-14,10000,45,REP055
11335,Fictional Outlet 11335,East,Traditional Trade,Large,2023-09-18,5000,15,REP056
11336,Fictional Outlet 11336,West,Modern Trade,Small,2022-09-29,10000,30,REP057
11337,Fictional Outlet 11337,North,Wholesale,Small,2022-05-21,10000,30,REP058
11338,Fictional Outlet 11338,South,Wholesale,Large,2022-03-10,50000,15,REP059
11339,Fictional Outlet 11339,East,Traditional Trade,Small,2023-12-28,10000,30,REP060
11340,Fictional Outlet 11340,West,Modern Trade,Large,2022-12-13,5000,60,REP061
11341,Fictional Outlet 11341,North,Wholesale,Large,2023-12-26,10000,15,REP062
11342,Fictional Outlet 11342,South,Traditional Trade,Medium,2022-11-19,25000,60,REP063
11343,Fictional Outlet 11343,East,Traditional Trade,Large,2022-03-14,5000,60,REP064
11344,Fictional Outlet 11344,West,Traditional Trade,Medium,2023-12-19,50000,30,REP065
11345,Fictional Outlet 11345,North,Traditional Trade,Large,2023-03-23,50000,45,REP066
11346,Fictional Outlet 11346,South,Traditional Trade,Medium,2022-03-28,10000,60,REP067
11347,Fictional Outlet 11347,East,Modern Trade,Large,2023-06-19,5000,60,REP068
11348,Fictional Outlet 11348,West,Traditional Trade,Medium,2023-10-10,10000,60,REP069
11349,Fictional Outlet 11349,North, TRADITIONAL TRADE ,Large,2023-01-19,25000,15,REP070
11350,Fictional Outlet 11350,South,Traditional Trade,Small,2023-11-20,25000,45,REP071
11351,Fictional Outlet 11351,East,Modern Trade,Small,2023-11-26,10000,60,REP072
11352,Fictional Outlet 11352,West,Modern Trade,Large,2023-11-19,5000,60,REP073
11353,Fictional Outlet 11353,North,Wholesale,Small,2022-05-16,50000,30,REP074
11354,Fictional Outlet 11354,South,Modern Trade,Large,2023-05-18,25000,45,REP075
11355,Fictional Outlet 11355,East,Traditional Trade,Medium,2023-01-18,5000,60,REP076
11356,Fictional Outlet 11356,West,Traditional Trade,Medium,2023-10-20,25000,30,REP077
11357,Fictional Outlet 11357,North,Traditional Trade,Large,2023-08-13,10000,60,REP078
11358,Fictional Outlet 11358,South,Traditional Trade,Small,2023-07-27,5000,15,REP079
11359,Fictional Outlet 11359,East,Wholesale,Small,2023-11-30,10000,30,REP080
11360,Fictional Outlet 11360,West,Traditional Trade,Medium,2022-02-23,25000,30,REP001
11361,Fictional Outlet 11361,North,Modern Trade,Large,2022-07-15,5000,45,REP002
11362,Fictional Outlet 11362,South,Traditional Trade,Small,2022-04-12,5000,60,REP003
11363,Fictional Outlet 11363,East,Traditional Trade,Small,2023-06-26,25000,15,REP004
11364,Fictional Outlet 11364,West,Traditional Trade,Large,2022-04-13,10000,45,REP005
11365,Fictional Outlet 11365,North,Modern Trade,Large,2022-01-12,5000,45,REP006
11366,Fictional Outlet 11366,South,Ecommerce,Medium,2022-06-28,25000,15,REP007
11367,Fictional Outlet 11367,East,Modern Trade,Medium,2022-05-21,5000,30,REP008
11368,Fictional Outlet 11368,West,Wholesale,Large,2023-11-02,10000,45,REP009
11369,Fictional Outlet 11369,North,Modern Trade,Medium,2023-06-11,5000,15,REP010
11370,Fictional Outlet 11370,South,Traditional Trade,Small,2023-12-01,10000,45,REP011
11371,Fictional Outlet 11371,East,Modern Trade,Small,2022-12-25,25000,45,REP012
11372,Fictional Outlet 11372,West,Traditional Trade,Small,2022-08-06,10000,15,REP013
11373,Fictional Outlet 11373,North,Modern Trade,Large,2022-06-18,25000,15,REP014
11374,Fictional Outlet 11374,South,Traditional Trade,Large,2022-11-06,25000,30,REP015
11375,Fictional Outlet 11375,East,Wholesale,Medium,2022-04-17,5000,45,REP016
11376,Fictional Outlet 11376,West,Wholesale,Small,2023-03-18,5000,60,REP017
11377,Fictional Outlet 11377,North,Modern Trade,Large,2023-12-21,50000,45,REP018
11378,Fictional Outlet 11378,South,Traditional Trade,Large,2022-06-11,10000,15,REP019
11379,Fictional Outlet 11379,East,Traditional Trade,Small,2022-12-21,10000,15,REP020
11380,Fictional Outlet 11380,West,Traditional Trade,Large,2023-11-30,25000,30,REP021
11381,Fictional Outlet 11381,North,Wholesale,Large,2023-06-25,5000,60,REP022
11382,Fictional Outlet 11382,South,Traditional Trade,Medium,2023-09-08,25000,45,REP023
11383,Fictional Outlet 11383,East,Traditional Trade,Medium,2022-08-13,50000,15,REP024
11384,Fictional Outlet 11384,West,Traditional Trade,Medium,2023-07-03,10000,15,REP025
11385,Fictional Outlet 11385,North,Modern Trade,Medium,2023-07-08,5000,30,REP026
11386,Fictional Outlet 11386,South,Traditional Trade,Medium,2022-03-02,5000,15,REP027
11387,Fictional Outlet 11387,East,Traditional Trade,Large,2022-08-02,25000,15,REP028
11388,Fictional Outlet 11388,West,Traditional Trade,Medium,2023-05-31,5000,60,REP029
11389,Fictional Outlet 11389,North,Modern Trade,Small,2022-01-16,50000,15,REP030
11390,Fictional Outlet 11390,South,Traditional Trade,Small,2022-11-10,10000,30,REP031
11391,Fictional Outlet 11391,East,Traditional Trade,Large,2023-11-02,50000,60,REP032
11392,Fictional Outlet 11392,West,Modern Trade,Small,2023-09-01,5000,30,REP033
11393,Fictional Outlet 11393,North,Ecommerce,Medium,2022-05-05,5000,15,REP034
11394,Fictional Outlet 11394,South,Traditional Trade,Small,2022-06-09,5000,45,REP035
11395,Fictional Outlet 11395,East,Traditional Trade,Medium,2023-06-18,10000,15,REP036
11396,Fictional Outlet 11396,West,Modern Trade,Large,2023-10-16,50000,60,REP037
11397,Fictional Outlet 11397,North,Traditional Trade,Small,2022-07-13,50000,60,REP038
11398,Fictional Outlet 11398,South,Ecommerce,Medium,2023-03-12,50000,15,REP039
11399,Fictional Outlet 11399,East,Ecommerce,Small,2023-03-15,50000,15,REP040
11400,Fictional Outlet 11400,West,Traditional Trade,Medium,2023-04-14,25000,60,REP041
11401,Fictional Outlet 11401,North,Traditional Trade,Medium,2023-04-18,10000,30,REP042
11402,Fictional Outlet 11402,South,Modern Trade,Medium,2023-09-23,10000,60,REP043
11403,Fictional Outlet 11403,East,Traditional Trade,Small,2022-03-13,50000,15,REP044
11404,Fictional Outlet 11404,West,Modern Trade,Large,2023-11-12,10000,15,REP045
11405,Fictional Outlet 11405,North,Wholesale,Small,2022-06-22,10000,30,REP046
11406,Fictional Outlet 11406,South,Traditional Trade,Small,2022-02-26,25000,30,REP047
11407,Fictional Outlet 11407,East,Traditional Trade,Large,2022-08-21,50000,15,REP048
11408,Fictional Outlet 11408,West,Traditional Trade,Small,2023-05-26,50000,15,REP049
11409,Fictional Outlet 11409,North,Wholesale,Medium,2023-11-12,5000,45,REP050
11410,Fictional Outlet 11410,South,Traditional Trade,Large,2022-09-21,10000,30,REP051
11411,Fictional Outlet 11411,East,Wholesale,Small,2023-01-24,5000,60,REP052
11412,Fictional Outlet 11412,West,Wholesale,Medium,2023-04-19,10000,30,REP053
11413,Fictional Outlet 11413,North,Traditional Trade,Large,2023-04-04,25000,60,
11414,Fictional Outlet 11414,South,Modern Trade,Large,2022-10-08,50000,60,REP055
11415,Fictional Outlet 11415,East,Ecommerce,Large,2022-11-21,50000,45,REP056
11416,Fictional Outlet 11416,West,Traditional Trade,Large,2023-10-06,5000,15,REP057
11417,Fictional Outlet 11417,North,Modern Trade,Small,2023-02-16,5000,60,REP058
11418,Fictional Outlet 11418,South,Modern Trade,Large,2022-07-17,10000,15,REP059
11419,Fictional Outlet 11419,East,Wholesale,Medium,2023-09-20,50000,60,REP060
11420,Fictional Outlet 11420,West,Traditional Trade,Large,2023-05-01,50000,60,REP061
11421,Fictional Outlet 11421,North,Traditional Trade,Medium,2023-02-04,50000,15,REP062
11422,Fictional Outlet 11422,South,Traditional Trade,Medium,2022-04-13,25000,15,REP063
11423,Fictional Outlet 11423,East,Traditional Trade,Small,2023-09-10,5000,15,REP064
11424,Fictional Outlet 11424,West,Wholesale,Large,2023-12-29,5000,60,REP065
11425,Fictional Outlet 11425,North,Wholesale,Medium,2023-12-15,25000,15,REP066
11426,Fictional Outlet 11426,South,Modern Trade,Small,2022-02-12,50000,30,REP067
11427,Fictional Outlet 11427,East,Traditional Trade,Small,2022-03-22,5000,30,REP068
11428,Fictional Outlet 11428,West,Wholesale,Medium,2023-01-20,5000,60,REP069
11429,Fictional Outlet 11429,North,Modern Trade,Large,2023-03-25,5000,45,REP070
11430,Fictional Outlet 11430,South,Traditional Trade,Small,2022-05-13,50000,60,REP071
11431,Fictional Outlet 11431,East,Modern Trade,Medium,2023-01-28,50000,15,REP072
11432,Fictional Outlet 11432,West,Traditional Trade,Large,2023-01-14,5000,30,REP073
11433,Fictional Outlet 11433,North,Modern Trade,Medium,2022-04-22,50000,45,REP074
11434,Fictional Outlet 11434,South,Modern Trade,Small,2023-09-01,25000,15,REP075
11435,Fictional Outlet 11435,East,Traditional Trade,Small,2023-11-01,5000,60,REP076
11436,Fictional Outlet 11436,West,Traditional Trade,Small,2022-05-19,50000,15,REP077
11437,Fictional Outlet 11437,North,Traditional Trade,Large,2023-07-14,10000,30,REP078
11438,Fictional Outlet 11438,South,Wholesale,Medium,2022-04-24,10000,45,REP079
11439,Fictional Outlet 11439,East,Modern Trade,Large,2022-05-17,50000,15,REP080
11440,Fictional Outlet 11440,West,Modern Trade,Small,2022-06-20,25000,60,REP001
11441,Fictional Outlet 11441,North,Traditional Trade,Large,2022-11-22,25000,45,REP002
11442,Fictional Outlet 11442,South,Traditional Trade,Large,2022-09-29,10000,15,REP003
11443,Fictional Outlet 11443,East,Ecommerce,Medium,2022-04-14,10000,60,REP004
11444,Fictional Outlet 11444,West,Wholesale,Large,2023-09-05,10000,60,REP005
11445,Fictional Outlet 11445,North,Wholesale,Large,2022-12-29,50000,15,REP006
11446,Fictional Outlet 11446,South, TRADITIONAL TRADE ,Medium,2022-02-27,5000,60,REP007
11447,Fictional Outlet 11447,East,Modern Trade,Medium,2023-08-13,50000,15,REP008
11448,Fictional Outlet 11448,West,Modern Trade,Large,2022-06-29,10000,60,REP009
11449,Fictional Outlet 11449,North,Traditional Trade,Small,2022-06-10,25000,60,REP010
11450,Fictional Outlet 11450,South,Modern Trade,Medium,2023-05-28,50000,60,REP011
11451,Fictional Outlet 11451,East,Traditional Trade,Large,2023-06-05,50000,60,REP012
11452,Fictional Outlet 11452,West,Wholesale,Medium,2022-04-10,10000,45,REP013
11453,Fictional Outlet 11453,North,Modern Trade,Small,2022-12-16,5000,15,REP014
11454,Fictional Outlet 11454,South,Traditional Trade,Medium,2022-04-07,25000,15,REP015
11455,Fictional Outlet 11455,East,Wholesale,Medium,2022-09-21,10000,30,REP016
11456,Fictional Outlet 11456,West,Modern Trade,Large,2023-11-10,50000,45,REP017
11457,Fictional Outlet 11457,North,Wholesale,Small,2023-07-30,5000,60,REP018
11458,Fictional Outlet 11458,South,Traditional Trade,Medium,2023-05-29,50000,45,REP019
11459,Fictional Outlet 11459,East,Ecommerce,Small,2023-12-16,50000,30,REP020
11460,Fictional Outlet 11460,West,Wholesale,Large,2023-12-06,25000,15,REP021
11461,Fictional Outlet 11461,North,Modern Trade,Small,2023-10-17,50000,30,REP022
11462,Fictional Outlet 11462,South,Traditional Trade,Large,2022-03-02,25000,45,REP023
11463,Fictional Outlet 11463,East,Ecommerce,Medium,2022-01-09,25000,60,REP024
11464,Fictional Outlet 11464,West,Traditional Trade,Medium,2022-08-14,50000,30,REP025
11465,Fictional Outlet 11465,North,Wholesale,Medium,2022-02-23,50000,15,REP026
11466,Fictional Outlet 11466,South,Traditional Trade,Small,2023-01-06,5000,30,REP027
11467,Fictional Outlet 11467,East,Wholesale,Small,2023-08-02,25000,45,REP028
11468,Fictional Outlet 11468,West,Traditional Trade,Large,2023-12-31,25000,45,REP029
11469,Fictional Outlet 11469,North,Traditional Trade,Large,2023-03-22,5000,30,REP030
11470,Fictional Outlet 11470,South,Traditional Trade,Medium,2023-10-01,5000,60,REP031
11471,Fictional Outlet 11471,East,Modern Trade,Large,2022-09-13,50000,15,REP032
11472,Fictional Outlet 11472,West,Traditional Trade,Medium,2022-11-17,5000,15,REP033
11473,Fictional Outlet 11473,North,Modern Trade,Large,2022-11-29,10000,45,REP034
11474,Fictional Outlet 11474,South,Traditional Trade,Small,2023-09-17,50000,45,REP035
11475,Fictional Outlet 11475,East,Traditional Trade,Medium,2023-05-03,50000,30,REP036
11476,Fictional Outlet 11476,West,Wholesale,Small,2022-06-22,10000,15,REP037
11477,Fictional Outlet 11477,North,Traditional Trade,Medium,2023-06-12,10000,15,REP038
11478,Fictional Outlet 11478,South,Traditional Trade,Small,2023-09-03,25000,60,REP039
11479,Fictional Outlet 11479,East,Traditional Trade,Medium,2022-12-13,25000,45,REP040
11480,Fictional Outlet 11480,West,Modern Trade,Large,2022-11-13,50000,45,REP041
11481,Fictional Outlet 11481,North,Traditional Trade,Medium,2023-04-07,5000,45,REP042
11482,Fictional Outlet 11482,South,Traditional Trade,Large,2023-10-10,10000,15,REP043
11483,Fictional Outlet 11483,East,Wholesale,Medium,2023-06-21,25000,45,REP044
11484,Fictional Outlet 11484,West,Traditional Trade,Large,2022-04-09,10000,60,REP045
11485,Fictional Outlet 11485,North,Traditional Trade,Medium,2022-11-21,5000,30,REP046
11486,Fictional Outlet 11486,South,Traditional Trade,Small,2023-03-04,25000,45,REP047
11487,Fictional Outlet 11487,East,Ecommerce,Large,2023-05-02,10000,30,REP048
11488,Fictional Outlet 11488,West,Wholesale,Medium,2022-09-18,50000,30,REP049
11489,Fictional Outlet 11489,North,Traditional Trade,Medium,2023-06-08,50000,30,REP050
11490,Fictional Outlet 11490,South,Traditional Trade,Medium,2022-03-12,50000,15,REP051
11491,Fictional Outlet 11491,East,Modern Trade,Large,2022-08-03,50000,60,REP052
11492,Fictional Outlet 11492,West,Wholesale,Small,2022-08-13,10000,45,REP053
11493,Fictional Outlet 11493,North,Wholesale,Medium,2023-01-15,25000,30,REP054
11494,Fictional Outlet 11494,South,Traditional Trade,Large,2022-07-04,25000,30,REP055
11495,Fictional Outlet 11495,East,Wholesale,Small,2023-08-08,50000,30,REP056
11496,Fictional Outlet 11496,West,Wholesale,Medium,2023-05-22,10000,45,REP057
11497,Fictional Outlet 11497,North,Wholesale,Large,2023-07-13,10000,60,REP058
11498,Fictional Outlet 11498,South,Modern Trade,Small,2022-09-19,5000,30,REP059
11499,Fictional Outlet 11499,East,Modern Trade,Large,2023-05-09,25000,30,REP060
11500,Fictional Outlet 11500,West,Wholesale,Medium,2022-09-16,50000,45,REP061
11501,Fictional Outlet 11501,North,Traditional Trade,Medium,2022-11-12,10000,45,REP062
11502,Fictional Outlet 11502,South,Wholesale,Small,2022-11-08,10000,30,REP063
11503,Fictional Outlet 11503,East,Modern Trade,Small,2023-11-23,25000,15,REP064
11504,Fictional Outlet 11504,West,Traditional Trade,Small,2022-02-04,50000,45,REP065
11505,Fictional Outlet 11505,North,Modern Trade,Small,2022-11-26,25000,60,REP066
11506,Fictional Outlet 11506,South,Traditional Trade,Large,2022-07-14,50000,30,REP067
11507,Fictional Outlet 11507,East,Wholesale,Small,2022-08-28,50000,30,REP068
11508,Fictional Outlet 11508,West,Wholesale,Small,2022-04-25,25000,45,REP069
11509,Fictional Outlet 11509,North,Wholesale,Medium,2023-07-22,10000,45,REP070
11510,Fictional Outlet 11510,South,Traditional Trade,Large,2022-03-17,25000,30,REP071
11511,Fictional Outlet 11511,East,Traditional Trade,Small,2022-09-02,5000,45,REP072
11512,Fictional Outlet 11512,West,Wholesale,Large,2022-12-25,10000,60,REP073
11513,Fictional Outlet 11513,North,Ecommerce,Small,2023-04-10,10000,45,REP074
11514,Fictional Outlet 11514,South,Traditional Trade,Small,2023-03-31,5000,30,REP075
11515,Fictional Outlet 11515,East,Traditional Trade,Small,2023-08-26,10000,60,REP076
11516,Fictional Outlet 11516,West,Ecommerce,Medium,2023-01-28,5000,15,REP077
11517,Fictional Outlet 11517,North,Traditional Trade,Large,2023-03-17,25000,45,REP078
11518,Fictional Outlet 11518,South,Modern Trade,Medium,2023-08-20,10000,15,REP079
11519,Fictional Outlet 11519,East,Traditional Trade,Medium,2023-12-23,5000,15,REP080
11520,Fictional Outlet 11520,West,Modern Trade,Large,2022-04-22,5000,45,REP001
11521,Fictional Outlet 11521,North,Traditional Trade,Large,2023-06-09,5000,45,REP002
11522,Fictional Outlet 11522,South,Traditional Trade,Medium,2022-07-02,10000,15,REP003
11523,Fictional Outlet 11523,East,Ecommerce,Medium,2022-07-30,10000,15,REP004
11524,Fictional Outlet 11524,West,Ecommerce,Small,2023-12-18,10000,45,REP005
11525,Fictional Outlet 11525,North,Modern Trade,Small,2023-03-12,5000,45,REP006
11526,Fictional Outlet 11526,South,Ecommerce,Medium,2022-01-05,50000,30,
11527,Fictional Outlet 11527,East,Traditional Trade,Small,2022-08-21,5000,30,REP008
11528,Fictional Outlet 11528,West,Wholesale,Medium,2022-06-27,5000,15,REP009
11529,Fictional Outlet 11529,North,Modern Trade,Medium,2022-05-05,5000,60,REP010
11530,Fictional Outlet 11530,South,Modern Trade,Large,2022-07-18,50000,30,REP011
11531,Fictional Outlet 11531,East,Ecommerce,Small,2023-11-03,5000,15,REP012
11532,Fictional Outlet 11532,West,Wholesale,Small,2023-12-03,10000,30,REP013
11533,Fictional Outlet 11533,North,Traditional Trade,Large,2023-02-28,50000,60,REP014
11534,Fictional Outlet 11534,South,Traditional Trade,Small,2022-05-25,10000,30,REP015
11535,Fictional Outlet 11535,East,Traditional Trade,Medium,2023-10-27,10000,60,REP016
11536,Fictional Outlet 11536,West,Modern Trade,Small,2022-08-14,5000,15,REP017
11537,Fictional Outlet 11537,North,Wholesale,Large,2022-01-25,10000,15,REP018
11538,Fictional Outlet 11538,South,Traditional Trade,Large,2022-04-07,10000,30,REP019
11539,Fictional Outlet 11539,East,Traditional Trade,Large,2023-06-27,25000,45,REP020
11540,Fictional Outlet 11540,West,Ecommerce,Medium,2022-03-04,50000,45,REP021
11541,Fictional Outlet 11541,North,Traditional Trade,Medium,2023-02-23,25000,45,REP022
11542,Fictional Outlet 11542,South,Traditional Trade,Small,2023-02-03,25000,60,REP023
11543,Fictional Outlet 11543,East, MODERN TRADE ,Small,2022-04-06,5000,45,REP024
11544,Fictional Outlet 11544,West,Traditional Trade,Medium,2022-10-14,50000,15,REP025
11545,Fictional Outlet 11545,North,Wholesale,Medium,2022-11-20,25000,60,REP026
11546,Fictional Outlet 11546,South,Traditional Trade,Large,2023-10-20,10000,30,REP027
11547,Fictional Outlet 11547,East,Traditional Trade,Large,2023-09-07,25000,15,REP028
11548,Fictional Outlet 11548,West,Wholesale,Large,2023-09-20,50000,15,REP029
11549,Fictional Outlet 11549,North,Modern Trade,Small,2022-03-05,5000,30,REP030
11550,Fictional Outlet 11550,South,Traditional Trade,Large,2023-02-25,25000,15,REP031
11551,Fictional Outlet 11551,East,Modern Trade,Medium,2023-10-11,10000,45,REP032
11552,Fictional Outlet 11552,West,Traditional Trade,Large,2023-04-25,50000,60,REP033
11553,Fictional Outlet 11553,North,Traditional Trade,Small,2022-04-11,50000,45,REP034
11554,Fictional Outlet 11554,South,Traditional Trade,Medium,2023-01-19,10000,30,REP035
11555,Fictional Outlet 11555,East,Modern Trade,Medium,2022-04-02,50000,45,REP036
11556,Fictional Outlet 11556,West,Wholesale,Medium,2022-05-03,5000,30,REP037
11557,Fictional Outlet 11557,North,Modern Trade,Small,2022-12-20,50000,45,REP038
11558,Fictional Outlet 11558,South,Wholesale,Medium,2023-12-16,25000,15,REP039
11559,Fictional Outlet 11559,East,Modern Trade,Medium,2023-12-22,5000,45,REP040
11560,Fictional Outlet 11560,West,Traditional Trade,Small,2023-05-14,5000,30,REP041
11561,Fictional Outlet 11561,North,Wholesale,Large,2022-12-20,10000,15,REP042
11562,Fictional Outlet 11562,South,Traditional Trade,Small,2023-03-31,25000,60,REP043
11563,Fictional Outlet 11563,East,Traditional Trade,Medium,2023-05-14,25000,45,REP044
11564,Fictional Outlet 11564,West,Traditional Trade,Large,2022-01-14,5000,15,REP045
11565,Fictional Outlet 11565,North,Ecommerce,Medium,2023-01-08,50000,30,REP046
11566,Fictional Outlet 11566,South,Modern Trade,Small,2022-04-14,25000,45,REP047
11567,Fictional Outlet 11567,East,Traditional Trade,Small,2023-05-05,5000,45,REP048
11568,Fictional Outlet 11568,West,Traditional Trade,Large,2022-01-06,10000,60,REP049
11569,Fictional Outlet 11569,North,Wholesale,Large,2023-01-08,50000,45,REP050
11570,Fictional Outlet 11570,South,Wholesale,Medium,2022-12-24,50000,15,REP051
11571,Fictional Outlet 11571,East,Modern Trade,Large,2022-05-17,25000,60,REP052
11572,Fictional Outlet 11572,West,Traditional Trade,Small,2022-09-02,5000,30,REP053
11573,Fictional Outlet 11573,North,Traditional Trade,Large,2023-07-26,50000,45,REP054
11574,Fictional Outlet 11574,South,Traditional Trade,Small,2023-08-20,5000,60,REP055
11575,Fictional Outlet 11575,East,Ecommerce,Medium,2022-03-29,5000,45,REP056
11576,Fictional Outlet 11576,West,Traditional Trade,Large,2023-11-10,5000,60,REP057
11577,Fictional Outlet 11577,North,Wholesale,Large,2022-10-02,25000,15,REP058
11578,Fictional Outlet 11578,South,Traditional Trade,Large,2022-10-26,10000,15,REP059
11579,Fictional Outlet 11579,East,Wholesale,Large,2023-08-14,5000,45,REP060
11580,Fictional Outlet 11580,West,Traditional Trade,Medium,2023-08-19,50000,15,REP061
11581,Fictional Outlet 11581,North,Traditional Trade,Small,2023-05-31,5000,15,REP062
11582,Fictional Outlet 11582,South,Traditional Trade,Small,2022-10-12,25000,45,REP063
11583,Fictional Outlet 11583,East,Wholesale,Small,2023-09-02,50000,15,REP064
11584,Fictional Outlet 11584,West,Traditional Trade,Medium,2022-06-30,5000,60,REP065
11585,Fictional Outlet 11585,North,Modern Trade,Small,2023-03-01,10000,60,REP066
11586,Fictional Outlet 11586,South,Traditional Trade,Small,2023-04-04,5000,30,REP067
11587,Fictional Outlet 11587,East,Traditional Trade,Small,2023-08-30,50000,60,REP068
11588,Fictional Outlet 11588,West,Traditional Trade,Medium,2023-01-21,5000,45,REP069
11589,Fictional Outlet 11589,North,Traditional Trade,Small,2022-09-19,50000,15,REP070
11590,Fictional Outlet 11590,South,Traditional Trade,Medium,2022-11-05,25000,60,REP071
11591,Fictional Outlet 11591,East,Traditional Trade,Large,2022-02-12,50000,45,REP072
11592,Fictional Outlet 11592,West,Traditional Trade,Large,2022-10-29,50000,15,REP073
11593,Fictional Outlet 11593,North,Traditional Trade,Small,2023-12-05,25000,15,REP074
11594,Fictional Outlet 11594,South,Modern Trade,Small,2023-11-08,25000,60,REP075
11595,Fictional Outlet 11595,East,Modern Trade,Medium,2022-08-17,5000,45,REP076
11596,Fictional Outlet 11596,West,Traditional Trade,Medium,2023-09-13,50000,45,REP077
11597,Fictional Outlet 11597,North,Wholesale,Large,2023-02-02,25000,60,REP078
11598,Fictional Outlet 11598,South,Modern Trade,Small,2023-05-16,50000,15,REP079
11599,Fictional Outlet 11599,East,Wholesale,Large,2022-09-12,5000,45,REP080
11600,Fictional Outlet 11600,West,Traditional Trade,Small,2023-08-04,25000,60,REP001
11601,Fictional Outlet 11601,North,Wholesale,Large,2022-02-25,25000,60,REP002
11602,Fictional Outlet 11602,South,Traditional Trade,Large,2022-05-12,10000,60,REP003
11603,Fictional Outlet 11603,East,Modern Trade,Large,2022-07-09,10000,60,REP004
11604,Fictional Outlet 11604,West,Traditional Trade,Medium,2023-11-18,50000,60,REP005
11605,Fictional Outlet 11605,North,Traditional Trade,Medium,2023-12-29,50000,15,REP006
11606,Fictional Outlet 11606,South,Traditional Trade,Small,2022-12-25,5000,30,REP007
11607,Fictional Outlet 11607,East,Traditional Trade,Small,2023-07-03,25000,45,REP008
11608,Fictional Outlet 11608,West,Ecommerce,Large,2023-06-28,5000,60,REP009
11609,Fictional Outlet 11609,North,Modern Trade,Medium,2023-01-11,10000,15,REP010
11610,Fictional Outlet 11610,South,Traditional Trade,Large,2023-12-07,50000,30,REP011
11611,Fictional Outlet 11611,East,Traditional Trade,Medium,2022-08-28,10000,15,REP012
11612,Fictional Outlet 11612,West,Wholesale,Medium,2022-10-16,10000,15,REP013
11613,Fictional Outlet 11613,North,Traditional Trade,Small,2022-11-12,10000,15,REP014
11614,Fictional Outlet 11614,South,Modern Trade,Medium,2022-05-07,50000,15,REP015
11615,Fictional Outlet 11615,East,Traditional Trade,Small,2023-03-11,25000,60,REP016
11616,Fictional Outlet 11616,West,Traditional Trade,Small,2022-10-02,50000,45,REP017
11617,Fictional Outlet 11617,North,Traditional Trade,Medium,2022-03-03,10000,60,REP018
11618,Fictional Outlet 11618,South,Traditional Trade,Small,2022-08-19,10000,60,REP019
11619,Fictional Outlet 11619,East,Traditional Trade,Large,2022-10-22,10000,30,REP020
11620,Fictional Outlet 11620,West,Wholesale,Small,2022-03-02,10000,60,REP021
11621,Fictional Outlet 11621,North,Traditional Trade,Small,2022-08-04,25000,30,REP022
11622,Fictional Outlet 11622,South,Traditional Trade,Large,2023-06-13,5000,45,REP023
11623,Fictional Outlet 11623,East,Traditional Trade,Large,2023-01-04,25000,60,REP024
11624,Fictional Outlet 11624,West,Modern Trade,Small,2022-01-28,5000,45,REP025
11625,Fictional Outlet 11625,North,Traditional Trade,Large,2023-10-06,50000,60,REP026
11626,Fictional Outlet 11626,South,Wholesale,Small,2023-06-09,50000,15,REP027
11627,Fictional Outlet 11627,East,Traditional Trade,Large,2022-04-01,10000,60,REP028
11628,Fictional Outlet 11628,West,Wholesale,Small,2023-02-19,25000,15,REP029
11629,Fictional Outlet 11629,North,Wholesale,Medium,2022-11-09,50000,60,REP030
11630,Fictional Outlet 11630,South,Wholesale,Medium,2022-11-17,25000,15,REP031
11631,Fictional Outlet 11631,East,Traditional Trade,Small,2022-05-15,50000,45,REP032
11632,Fictional Outlet 11632,West,Traditional Trade,Medium,2022-05-29,50000,30,REP033
11633,Fictional Outlet 11633,North,Modern Trade,Medium,2023-05-01,5000,45,REP034
11634,Fictional Outlet 11634,South,Wholesale,Medium,2022-08-20,25000,15,REP035
11635,Fictional Outlet 11635,East,Traditional Trade,Small,2022-05-02,10000,45,REP036
11636,Fictional Outlet 11636,West,Traditional Trade,Large,2022-11-15,5000,15,REP037
11637,Fictional Outlet 11637,North,Traditional Trade,Small,2023-03-17,25000,15,REP038
11638,Fictional Outlet 11638,South,Traditional Trade,Medium,2022-04-11,50000,60,REP039
11639,Fictional Outlet 11639,East,Wholesale,Medium,2023-07-12,25000,60,
11640,Fictional Outlet 11640,West, ECOMMERCE ,Large,2022-10-26,50000,15,REP041
11641,Fictional Outlet 11641,North,Traditional Trade,Medium,2022-05-25,5000,45,REP042
11642,Fictional Outlet 11642,South,Modern Trade,Small,2022-04-07,25000,60,REP043
11643,Fictional Outlet 11643,East,Wholesale,Small,2023-07-09,25000,30,REP044
11644,Fictional Outlet 11644,West,Traditional Trade,Large,2022-06-16,50000,30,REP045
11645,Fictional Outlet 11645,North,Ecommerce,Medium,2023-04-29,5000,45,REP046
11646,Fictional Outlet 11646,South,Modern Trade,Small,2022-03-13,10000,60,REP047
11647,Fictional Outlet 11647,East,Modern Trade,Small,2022-07-28,25000,30,REP048
11648,Fictional Outlet 11648,West,Ecommerce,Medium,2023-11-02,50000,60,REP049
11649,Fictional Outlet 11649,North,Traditional Trade,Medium,2022-01-09,5000,60,REP050
11650,Fictional Outlet 11650,South,Wholesale,Large,2023-11-16,25000,60,REP051
11651,Fictional Outlet 11651,East,Modern Trade,Medium,2022-03-03,25000,15,REP052
11652,Fictional Outlet 11652,West,Wholesale,Medium,2022-03-17,25000,45,REP053
11653,Fictional Outlet 11653,North,Traditional Trade,Medium,2023-04-10,10000,30,REP054
11654,Fictional Outlet 11654,South,Modern Trade,Large,2022-05-07,25000,60,REP055
11655,Fictional Outlet 11655,East,Modern Trade,Medium,2023-12-04,10000,30,REP056
11656,Fictional Outlet 11656,West,Wholesale,Medium,2023-04-27,5000,30,REP057
11657,Fictional Outlet 11657,North,Traditional Trade,Small,2023-05-29,5000,15,REP058
11658,Fictional Outlet 11658,South,Traditional Trade,Medium,2022-06-09,25000,30,REP059
11659,Fictional Outlet 11659,East,Modern Trade,Medium,2022-08-11,10000,15,REP060
11660,Fictional Outlet 11660,West,Traditional Trade,Medium,2023-09-12,25000,15,REP061
11661,Fictional Outlet 11661,North,Traditional Trade,Small,2022-03-26,5000,45,REP062
11662,Fictional Outlet 11662,South,Modern Trade,Large,2023-11-20,10000,15,REP063
11663,Fictional Outlet 11663,East,Traditional Trade,Large,2022-07-20,5000,30,REP064
11664,Fictional Outlet 11664,West,Traditional Trade,Medium,2022-11-15,50000,60,REP065
11665,Fictional Outlet 11665,North,Wholesale,Small,2023-09-14,5000,45,REP066
11666,Fictional Outlet 11666,South,Traditional Trade,Large,2023-06-06,25000,30,REP067
11667,Fictional Outlet 11667,East,Wholesale,Large,2023-09-15,10000,30,REP068
11668,Fictional Outlet 11668,West,Traditional Trade,Large,2022-08-07,50000,30,REP069
11669,Fictional Outlet 11669,North,Modern Trade,Small,2023-03-06,10000,45,REP070
11670,Fictional Outlet 11670,South,Wholesale,Large,2022-12-04,25000,60,REP071
11671,Fictional Outlet 11671,East,Modern Trade,Medium,2022-07-03,50000,45,REP072
11672,Fictional Outlet 11672,West,Modern Trade,Small,2022-09-20,50000,15,REP073
11673,Fictional Outlet 11673,North,Modern Trade,Medium,2022-04-09,10000,15,REP074
11674,Fictional Outlet 11674,South,Traditional Trade,Small,2022-03-28,25000,30,REP075
11675,Fictional Outlet 11675,East,Traditional Trade,Small,2023-01-28,25000,60,REP076
11676,Fictional Outlet 11676,West,Traditional Trade,Large,2022-02-15,10000,45,REP077
11677,Fictional Outlet 11677,North,Ecommerce,Medium,2022-05-08,25000,60,REP078
11678,Fictional Outlet 11678,South,Traditional Trade,Large,2023-10-27,25000,45,REP079
11679,Fictional Outlet 11679,East,Wholesale,Large,2023-02-21,5000,45,REP080
11680,Fictional Outlet 11680,West,Wholesale,Medium,2023-04-01,5000,60,REP001
11681,Fictional Outlet 11681,North,Traditional Trade,Medium,2022-06-21,5000,60,REP002
11682,Fictional Outlet 11682,South,Modern Trade,Large,2022-03-02,50000,30,REP003
11683,Fictional Outlet 11683,East,Traditional Trade,Small,2022-09-08,25000,60,REP004
11684,Fictional Outlet 11684,West,Traditional Trade,Large,2022-01-21,10000,30,REP005
11685,Fictional Outlet 11685,North,Traditional Trade,Large,2022-05-05,25000,60,REP006
11686,Fictional Outlet 11686,South,Traditional Trade,Medium,2022-05-27,25000,45,REP007
11687,Fictional Outlet 11687,East,Modern Trade,Medium,2023-06-02,50000,30,REP008
11688,Fictional Outlet 11688,West,Modern Trade,Large,2022-05-18,10000,15,REP009
11689,Fictional Outlet 11689,North,Modern Trade,Small,2022-04-01,5000,15,REP010
11690,Fictional Outlet 11690,South,Traditional Trade,Large,2023-01-23,10000,30,REP011
11691,Fictional Outlet 11691,East,Traditional Trade,Large,2023-04-10,5000,15,REP012
11692,Fictional Outlet 11692,West,Modern Trade,Small,2023-08-03,5000,30,REP013
11693,Fictional Outlet 11693,North,Traditional Trade,Large,2023-12-04,10000,45,REP014
11694,Fictional Outlet 11694,South,Traditional Trade,Small,2022-10-17,25000,30,REP015
11695,Fictional Outlet 11695,East,Traditional Trade,Large,2023-10-07,25000,15,REP016
11696,Fictional Outlet 11696,West,Traditional Trade,Medium,2023-12-23,50000,30,REP017
11697,Fictional Outlet 11697,North,Traditional Trade,Medium,2022-03-20,25000,30,REP018
11698,Fictional Outlet 11698,South,Traditional Trade,Medium,2022-10-04,25000,45,REP019
11699,Fictional Outlet 11699,East,Traditional Trade,Small,2023-09-17,10000,15,REP020
11700,Fictional Outlet 11700,West,Traditional Trade,Small,2023-11-14,50000,45,REP021
11701,Fictional Outlet 11701,North,Traditional Trade,Medium,2023-03-26,10000,45,REP022
11702,Fictional Outlet 11702,South,Traditional Trade,Large,2022-11-06,25000,45,REP023
11703,Fictional Outlet 11703,East,Traditional Trade,Large,2023-01-28,10000,45,REP024
11704,Fictional Outlet 11704,West,Traditional Trade,Small,2023-03-02,25000,45,REP025
11705,Fictional Outlet 11705,North,Modern Trade,Large,2022-08-10,5000,60,REP026
11706,Fictional Outlet 11706,South,Modern Trade,Medium,2022-08-11,5000,45,REP027
11707,Fictional Outlet 11707,East,Traditional Trade,Small,2022-07-10,50000,60,REP028
11708,Fictional Outlet 11708,West,Modern Trade,Small,2023-11-15,25000,60,REP029
11709,Fictional Outlet 11709,North,Traditional Trade,Small,2023-10-16,25000,30,REP030
11710,Fictional Outlet 11710,South,Traditional Trade,Small,2022-04-23,25000,45,REP031
11711,Fictional Outlet 11711,East,Traditional Trade,Medium,2022-08-27,5000,30,REP032
11712,Fictional Outlet 11712,West,Traditional Trade,Large,2022-11-06,25000,30,REP033
11713,Fictional Outlet 11713,North,Traditional Trade,Medium,2023-04-15,25000,45,REP034
11714,Fictional Outlet 11714,South,Traditional Trade,Medium,2022-10-25,5000,45,REP035
11715,Fictional Outlet 11715,East,Traditional Trade,Large,2022-01-10,25000,15,REP036
11716,Fictional Outlet 11716,West,Traditional Trade,Medium,2022-11-28,5000,45,REP037
11717,Fictional Outlet 11717,North,Traditional Trade,Large,2023-04-15,5000,15,REP038
11718,Fictional Outlet 11718,South,Modern Trade,Small,2022-03-22,5000,30,REP039
11719,Fictional Outlet 11719,East,Ecommerce,Medium,2023-03-15,25000,30,REP040
11720,Fictional Outlet 11720,West,Traditional Trade,Large,2023-08-05,5000,15,REP041
11721,Fictional Outlet 11721,North,Traditional Trade,Small,2022-07-18,10000,30,REP042
11722,Fictional Outlet 11722,South,Modern Trade,Large,2022-07-08,10000,15,REP043
11723,Fictional Outlet 11723,East,Traditional Trade,Small,2023-05-13,10000,45,REP044
11724,Fictional Outlet 11724,West,Traditional Trade,Small,2022-08-21,50000,30,REP045
11725,Fictional Outlet 11725,North,Modern Trade,Medium,2022-09-24,25000,15,REP046
11726,Fictional Outlet 11726,South,Ecommerce,Small,2023-02-25,25000,30,REP047
11727,Fictional Outlet 11727,East,Traditional Trade,Large,2023-08-31,10000,15,REP048
11728,Fictional Outlet 11728,West,Traditional Trade,Large,2022-06-23,5000,60,REP049
11729,Fictional Outlet 11729,North,Traditional Trade,Medium,2022-02-26,25000,60,REP050
11730,Fictional Outlet 11730,South,Traditional Trade,Large,2022-12-24,5000,15,REP051
11731,Fictional Outlet 11731,East,Modern Trade,Large,2022-09-13,10000,30,REP052
11732,Fictional Outlet 11732,West,Traditional Trade,Medium,2023-08-15,50000,60,REP053
11733,Fictional Outlet 11733,North,Wholesale,Medium,2023-09-16,50000,30,REP054
11734,Fictional Outlet 11734,South,Traditional Trade,Large,2022-02-02,50000,30,REP055
11735,Fictional Outlet 11735,East,Modern Trade,Small,2022-08-27,10000,60,REP056
11736,Fictional Outlet 11736,West,Traditional Trade,Large,2022-01-16,10000,15,REP057
11737,Fictional Outlet 11737,North, TRADITIONAL TRADE ,Large,2022-01-02,25000,60,REP058
11738,Fictional Outlet 11738,South,Traditional Trade,Small,2022-06-03,50000,60,REP059
11739,Fictional Outlet 11739,East,Traditional Trade,Medium,2022-08-02,25000,45,REP060
11740,Fictional Outlet 11740,West,Modern Trade,Medium,2023-09-02,10000,30,REP061
11741,Fictional Outlet 11741,North,Ecommerce,Small,2022-04-05,50000,30,REP062
11742,Fictional Outlet 11742,South,Ecommerce,Small,2023-04-18,25000,60,REP063
11743,Fictional Outlet 11743,East,Traditional Trade,Large,2022-11-08,50000,15,REP064
11744,Fictional Outlet 11744,West,Traditional Trade,Small,2022-08-10,10000,15,REP065
11745,Fictional Outlet 11745,North,Traditional Trade,Medium,2023-02-12,25000,60,REP066
11746,Fictional Outlet 11746,South,Traditional Trade,Medium,2023-08-15,5000,15,REP067
11747,Fictional Outlet 11747,East,Traditional Trade,Small,2022-11-07,50000,30,REP068
11748,Fictional Outlet 11748,West,Traditional Trade,Large,2023-07-20,5000,60,REP069
11749,Fictional Outlet 11749,North,Traditional Trade,Medium,2022-04-26,25000,60,REP070
11750,Fictional Outlet 11750,South,Traditional Trade,Large,2022-09-11,50000,15,REP071
11751,Fictional Outlet 11751,East,Traditional Trade,Medium,2022-08-31,5000,45,REP072
11752,Fictional Outlet 11752,West,Ecommerce,Medium,2022-11-13,25000,45,
11753,Fictional Outlet 11753,North,Modern Trade,Medium,2023-08-03,50000,60,REP074
11754,Fictional Outlet 11754,South,Wholesale,Medium,2023-04-25,50000,15,REP075
11755,Fictional Outlet 11755,East,Modern Trade,Small,2022-09-10,50000,60,REP076
11756,Fictional Outlet 11756,West,Ecommerce,Medium,2023-09-25,5000,15,REP077
11757,Fictional Outlet 11757,North,Wholesale,Small,2022-09-26,5000,30,REP078
11758,Fictional Outlet 11758,South,Modern Trade,Medium,2023-12-27,5000,45,REP079
11759,Fictional Outlet 11759,East,Ecommerce,Medium,2023-07-19,50000,45,REP080
11760,Fictional Outlet 11760,West,Traditional Trade,Small,2022-03-10,25000,45,REP001
11761,Fictional Outlet 11761,North,Traditional Trade,Small,2022-04-28,25000,15,REP002
11762,Fictional Outlet 11762,South,Traditional Trade,Large,2022-04-02,10000,15,REP003
11763,Fictional Outlet 11763,East,Traditional Trade,Large,2022-04-22,10000,60,REP004
11764,Fictional Outlet 11764,West,Modern Trade,Medium,2022-06-30,50000,15,REP005
11765,Fictional Outlet 11765,North,Wholesale,Large,2023-11-25,10000,45,REP006
11766,Fictional Outlet 11766,South,Traditional Trade,Large,2022-05-10,5000,45,REP007
11767,Fictional Outlet 11767,East,Modern Trade,Small,2023-08-19,50000,30,REP008
11768,Fictional Outlet 11768,West,Traditional Trade,Small,2023-03-10,25000,45,REP009
11769,Fictional Outlet 11769,North,Modern Trade,Small,2022-05-09,50000,15,REP010
11770,Fictional Outlet 11770,South,Modern Trade,Medium,2023-05-17,50000,60,REP011
11771,Fictional Outlet 11771,East,Modern Trade,Small,2023-01-24,50000,15,REP012
11772,Fictional Outlet 11772,West,Traditional Trade,Medium,2023-07-12,25000,30,REP013
11773,Fictional Outlet 11773,North,Traditional Trade,Large,2023-02-05,10000,30,REP014
11774,Fictional Outlet 11774,South,Traditional Trade,Small,2023-08-16,25000,30,REP015
11775,Fictional Outlet 11775,East,Traditional Trade,Large,2022-12-15,5000,30,REP016
11776,Fictional Outlet 11776,West,Ecommerce,Large,2023-04-19,25000,45,REP017
11777,Fictional Outlet 11777,North,Ecommerce,Large,2022-07-27,50000,60,REP018
11778,Fictional Outlet 11778,South,Traditional Trade,Large,2022-01-06,5000,15,REP019
11779,Fictional Outlet 11779,East,Wholesale,Medium,2023-06-10,25000,15,REP020
11780,Fictional Outlet 11780,West,Traditional Trade,Small,2023-04-23,25000,15,REP021
11781,Fictional Outlet 11781,North,Traditional Trade,Small,2022-01-26,25000,60,REP022
11782,Fictional Outlet 11782,South,Wholesale,Large,2022-03-08,50000,60,REP023
11783,Fictional Outlet 11783,East,Ecommerce,Small,2023-11-03,5000,30,REP024
11784,Fictional Outlet 11784,West,Traditional Trade,Large,2022-12-29,25000,45,REP025
11785,Fictional Outlet 11785,North,Modern Trade,Medium,2022-05-31,25000,15,REP026
11786,Fictional Outlet 11786,South,Traditional Trade,Small,2022-11-22,50000,30,REP027
11787,Fictional Outlet 11787,East,Modern Trade,Medium,2022-09-08,50000,15,REP028
11788,Fictional Outlet 11788,West,Modern Trade,Small,2022-11-13,25000,15,REP029
11789,Fictional Outlet 11789,North,Traditional Trade,Small,2022-01-22,10000,15,REP030
11790,Fictional Outlet 11790,South,Traditional Trade,Medium,2022-12-26,5000,45,REP031
11791,Fictional Outlet 11791,East,Modern Trade,Medium,2023-12-05,10000,60,REP032
11792,Fictional Outlet 11792,West,Wholesale,Small,2022-01-07,50000,45,REP033
11793,Fictional Outlet 11793,North,Traditional Trade,Small,2022-07-03,50000,15,REP034
11794,Fictional Outlet 11794,South,Modern Trade,Medium,2022-03-22,50000,30,REP035
11795,Fictional Outlet 11795,East,Modern Trade,Medium,2022-02-25,25000,45,REP036
11796,Fictional Outlet 11796,West,Ecommerce,Medium,2023-08-06,10000,15,REP037
11797,Fictional Outlet 11797,North,Traditional Trade,Medium,2023-11-05,5000,30,REP038
11798,Fictional Outlet 11798,South,Wholesale,Medium,2023-07-24,10000,45,REP039
11799,Fictional Outlet 11799,East,Traditional Trade,Medium,2022-08-31,10000,45,REP040
11800,Fictional Outlet 11800,West,Modern Trade,Small,2022-09-27,50000,15,REP041
11801,Fictional Outlet 11801,North,Traditional Trade,Medium,2022-12-05,25000,15,REP042
11802,Fictional Outlet 11802,South,Wholesale,Large,2023-01-29,50000,30,REP043
11803,Fictional Outlet 11803,East,Traditional Trade,Small,2023-12-02,10000,60,REP044
11804,Fictional Outlet 11804,West,Modern Trade,Medium,2023-06-16,10000,60,REP045
11805,Fictional Outlet 11805,North,Modern Trade,Medium,2022-05-11,5000,60,REP046
11806,Fictional Outlet 11806,South,Traditional Trade,Small,2023-03-02,5000,45,REP047
11807,Fictional Outlet 11807,East,Modern Trade,Small,2023-02-12,25000,15,REP048
11808,Fictional Outlet 11808,West,Traditional Trade,Medium,2022-10-01,50000,15,REP049
11809,Fictional Outlet 11809,North,Wholesale,Small,2023-03-24,10000,45,REP050
11810,Fictional Outlet 11810,South,Modern Trade,Small,2022-11-23,50000,60,REP051
11811,Fictional Outlet 11811,East,Traditional Trade,Medium,2022-06-15,50000,45,REP052
11812,Fictional Outlet 11812,West,Traditional Trade,Large,2023-05-09,10000,30,REP053
11813,Fictional Outlet 11813,North,Modern Trade,Medium,2022-12-09,50000,60,REP054
11814,Fictional Outlet 11814,South,Ecommerce,Medium,2023-06-24,50000,60,REP055
11815,Fictional Outlet 11815,East,Wholesale,Small,2023-11-13,10000,30,REP056
11816,Fictional Outlet 11816,West,Modern Trade,Large,2023-03-18,10000,30,REP057
11817,Fictional Outlet 11817,North,Traditional Trade,Small,2023-11-08,25000,60,REP058
11818,Fictional Outlet 11818,South,Wholesale,Medium,2023-09-30,10000,30,REP059
11819,Fictional Outlet 11819,East,Modern Trade,Medium,2023-08-14,25000,30,REP060
11820,Fictional Outlet 11820,West,Traditional Trade,Large,2022-11-09,25000,60,REP061
11821,Fictional Outlet 11821,North,Wholesale,Medium,2022-06-19,50000,60,REP062
11822,Fictional Outlet 11822,South,Traditional Trade,Small,2023-09-04,50000,45,REP063
11823,Fictional Outlet 11823,East,Traditional Trade,Large,2023-11-05,25000,60,REP064
11824,Fictional Outlet 11824,West,Modern Trade,Large,2022-05-16,50000,15,REP065
11825,Fictional Outlet 11825,North,Traditional Trade,Small,2022-02-02,25000,45,REP066
11826,Fictional Outlet 11826,South,Wholesale,Large,2022-05-22,5000,15,REP067
11827,Fictional Outlet 11827,East,Modern Trade,Medium,2022-01-01,25000,15,REP068
11828,Fictional Outlet 11828,West,Ecommerce,Large,2022-01-02,10000,15,REP069
11829,Fictional Outlet 11829,North,Traditional Trade,Medium,2023-04-13,50000,15,REP070
11830,Fictional Outlet 11830,South,Modern Trade,Medium,2022-01-08,50000,30,REP071
11831,Fictional Outlet 11831,East,Traditional Trade,Large,2022-06-01,5000,60,REP072
11832,Fictional Outlet 11832,West,Modern Trade,Small,2023-04-07,25000,45,REP073
11833,Fictional Outlet 11833,North,Modern Trade,Large,2023-09-10,5000,15,REP074
11834,Fictional Outlet 11834,South, WHOLESALE ,Large,2022-10-02,5000,60,REP075
11835,Fictional Outlet 11835,East,Traditional Trade,Small,2023-10-07,25000,30,REP076
11836,Fictional Outlet 11836,West,Wholesale,Medium,2023-03-16,5000,30,REP077
11837,Fictional Outlet 11837,North,Modern Trade,Large,2022-01-23,10000,30,REP078
11838,Fictional Outlet 11838,South,Traditional Trade,Large,2022-07-08,25000,60,REP079
11839,Fictional Outlet 11839,East,Traditional Trade,Medium,2023-11-22,5000,30,REP080
11840,Fictional Outlet 11840,West,Traditional Trade,Small,2023-12-29,5000,30,REP001
11841,Fictional Outlet 11841,North,Ecommerce,Large,2022-12-17,5000,15,REP002
11842,Fictional Outlet 11842,South,Traditional Trade,Large,2022-07-04,10000,60,REP003
11843,Fictional Outlet 11843,East,Traditional Trade,Medium,2022-06-21,50000,15,REP004
11844,Fictional Outlet 11844,West,Traditional Trade,Small,2023-12-08,50000,15,REP005
11845,Fictional Outlet 11845,North,Traditional Trade,Large,2022-06-30,5000,60,REP006
11846,Fictional Outlet 11846,South,Traditional Trade,Large,2023-12-21,25000,60,REP007
11847,Fictional Outlet 11847,East,Modern Trade,Large,2023-11-22,10000,15,REP008
11848,Fictional Outlet 11848,West,Modern Trade,Small,2022-09-27,25000,45,REP009
11849,Fictional Outlet 11849,North,Traditional Trade,Medium,2022-08-21,5000,30,REP010
11850,Fictional Outlet 11850,South,Ecommerce,Large,2023-08-06,50000,60,REP011
11851,Fictional Outlet 11851,East,Traditional Trade,Large,2023-04-17,5000,30,REP012
11852,Fictional Outlet 11852,West,Wholesale,Small,2022-04-20,50000,45,REP013
11853,Fictional Outlet 11853,North,Traditional Trade,Large,2022-01-17,50000,15,REP014
11854,Fictional Outlet 11854,South,Traditional Trade,Large,2022-05-20,5000,30,REP015
11855,Fictional Outlet 11855,East,Modern Trade,Small,2023-12-08,50000,30,REP016
11856,Fictional Outlet 11856,West,Wholesale,Small,2023-07-22,25000,60,REP017
11857,Fictional Outlet 11857,North,Traditional Trade,Small,2023-08-27,25000,30,REP018
11858,Fictional Outlet 11858,South,Traditional Trade,Medium,2022-09-04,25000,15,REP019
11859,Fictional Outlet 11859,East,Ecommerce,Large,2023-10-14,25000,15,REP020
11860,Fictional Outlet 11860,West,Traditional Trade,Large,2023-11-16,10000,45,REP021
11861,Fictional Outlet 11861,North,Modern Trade,Small,2023-02-04,25000,30,REP022
11862,Fictional Outlet 11862,South,Traditional Trade,Medium,2023-04-28,50000,30,REP023
11863,Fictional Outlet 11863,East,Traditional Trade,Small,2023-10-17,25000,30,REP024
11864,Fictional Outlet 11864,West,Traditional Trade,Medium,2023-07-22,10000,15,REP025
11865,Fictional Outlet 11865,North,Modern Trade,Small,2023-04-16,10000,30,
11866,Fictional Outlet 11866,South,Modern Trade,Small,2022-11-24,50000,30,REP027
11867,Fictional Outlet 11867,East,Traditional Trade,Small,2022-10-11,5000,15,REP028
11868,Fictional Outlet 11868,West,Traditional Trade,Small,2023-06-11,25000,30,REP029
11869,Fictional Outlet 11869,North,Wholesale,Large,2022-12-08,10000,60,REP030
11870,Fictional Outlet 11870,South,Traditional Trade,Medium,2022-11-24,50000,60,REP031
11871,Fictional Outlet 11871,East,Traditional Trade,Small,2022-06-01,5000,15,REP032
11872,Fictional Outlet 11872,West,Modern Trade,Medium,2023-01-17,10000,45,REP033
11873,Fictional Outlet 11873,North,Traditional Trade,Medium,2022-03-23,5000,30,REP034
11874,Fictional Outlet 11874,South,Traditional Trade,Small,2022-11-28,10000,45,REP035
11875,Fictional Outlet 11875,East,Traditional Trade,Small,2023-04-05,50000,60,REP036
11876,Fictional Outlet 11876,West,Traditional Trade,Small,2023-10-16,5000,45,REP037
11877,Fictional Outlet 11877,North,Modern Trade,Large,2023-01-28,50000,45,REP038
11878,Fictional Outlet 11878,South,Traditional Trade,Medium,2022-03-30,50000,45,REP039
11879,Fictional Outlet 11879,East,Wholesale,Small,2023-05-27,25000,30,REP040
11880,Fictional Outlet 11880,West,Wholesale,Large,2022-08-08,5000,60,REP041
11881,Fictional Outlet 11881,North,Wholesale,Large,2023-04-27,10000,60,REP042
11882,Fictional Outlet 11882,South,Modern Trade,Large,2022-08-20,10000,30,REP043
11883,Fictional Outlet 11883,East,Wholesale,Medium,2023-07-02,25000,15,REP044
11884,Fictional Outlet 11884,West,Modern Trade,Large,2022-04-29,25000,60,REP045
11885,Fictional Outlet 11885,North,Traditional Trade,Small,2023-08-07,25000,30,REP046
11886,Fictional Outlet 11886,South,Traditional Trade,Small,2023-12-02,10000,30,REP047
11887,Fictional Outlet 11887,East,Ecommerce,Large,2022-10-21,10000,15,REP048
11888,Fictional Outlet 11888,West,Ecommerce,Medium,2022-10-29,5000,45,REP049
11889,Fictional Outlet 11889,North,Modern Trade,Small,2022-11-24,10000,15,REP050
11890,Fictional Outlet 11890,South,Traditional Trade,Medium,2023-12-17,10000,60,REP051
11891,Fictional Outlet 11891,East,Modern Trade,Large,2023-06-24,25000,60,REP052
11892,Fictional Outlet 11892,West,Traditional Trade,Small,2023-05-29,5000,30,REP053
11893,Fictional Outlet 11893,North,Modern Trade,Small,2022-02-14,5000,30,REP054
11894,Fictional Outlet 11894,South,Traditional Trade,Small,2023-11-20,50000,15,REP055
11895,Fictional Outlet 11895,East,Modern Trade,Large,2023-05-12,10000,15,REP056
11896,Fictional Outlet 11896,West,Traditional Trade,Medium,2023-06-28,25000,60,REP057
11897,Fictional Outlet 11897,North,Traditional Trade,Medium,2023-08-28,50000,15,REP058
11898,Fictional Outlet 11898,South,Traditional Trade,Medium,2023-05-12,10000,15,REP059
11899,Fictional Outlet 11899,East,Traditional Trade,Small,2023-05-25,25000,15,REP060
11900,Fictional Outlet 11900,West,Traditional Trade,Small,2023-08-16,50000,60,REP061
11901,Fictional Outlet 11901,North,Traditional Trade,Large,2023-06-29,50000,30,REP062
11902,Fictional Outlet 11902,South,Wholesale,Large,2023-06-21,10000,45,REP063
11903,Fictional Outlet 11903,East,Traditional Trade,Medium,2023-10-30,50000,60,REP064
11904,Fictional Outlet 11904,West,Traditional Trade,Small,2022-10-01,50000,60,REP065
11905,Fictional Outlet 11905,North,Traditional Trade,Large,2022-12-28,10000,15,REP066
11906,Fictional Outlet 11906,South,Modern Trade,Large,2022-12-27,50000,60,REP067
11907,Fictional Outlet 11907,East,Ecommerce,Large,2022-08-17,5000,15,REP068
11908,Fictional Outlet 11908,West,Traditional Trade,Large,2023-06-25,50000,30,REP069
11909,Fictional Outlet 11909,North,Wholesale,Small,2022-08-20,10000,15,REP070
11910,Fictional Outlet 11910,South,Wholesale,Medium,2022-10-18,10000,45,REP071
11911,Fictional Outlet 11911,East,Wholesale,Small,2022-08-15,5000,60,REP072
11912,Fictional Outlet 11912,West,Traditional Trade,Large,2023-02-26,25000,30,REP073
11913,Fictional Outlet 11913,North,Modern Trade,Large,2023-06-03,5000,15,REP074
11914,Fictional Outlet 11914,South,Modern Trade,Small,2023-01-20,25000,15,REP075
11915,Fictional Outlet 11915,East,Ecommerce,Large,2022-07-25,5000,45,REP076
11916,Fictional Outlet 11916,West,Wholesale,Medium,2023-06-27,10000,45,REP077
11917,Fictional Outlet 11917,North,Traditional Trade,Small,2022-12-17,25000,30,REP078
11918,Fictional Outlet 11918,South,Ecommerce,Large,2022-07-30,5000,30,REP079
11919,Fictional Outlet 11919,East,Traditional Trade,Large,2022-08-20,25000,60,REP080
11920,Fictional Outlet 11920,West,Traditional Trade,Medium,2023-05-01,50000,15,REP001
11921,Fictional Outlet 11921,North,Ecommerce,Medium,2022-08-23,5000,45,REP002
11922,Fictional Outlet 11922,South,Traditional Trade,Medium,2023-11-12,25000,30,REP003
11923,Fictional Outlet 11923,East,Traditional Trade,Small,2023-12-30,50000,60,REP004
11924,Fictional Outlet 11924,West,Traditional Trade,Medium,2022-08-08,50000,30,REP005
11925,Fictional Outlet 11925,North,Traditional Trade,Medium,2022-10-05,25000,60,REP006
11926,Fictional Outlet 11926,South,Traditional Trade,Large,2023-06-26,10000,45,REP007
11927,Fictional Outlet 11927,East,Traditional Trade,Large,2023-04-18,5000,45,REP008
11928,Fictional Outlet 11928,West,Traditional Trade,Medium,2023-01-25,10000,15,REP009
11929,Fictional Outlet 11929,North,Modern Trade,Medium,2023-08-07,25000,30,REP010
11930,Fictional Outlet 11930,South,Traditional Trade,Small,2023-03-30,10000,30,REP011
11931,Fictional Outlet 11931,East, WHOLESALE ,Small,2022-06-16,10000,30,REP012
11932,Fictional Outlet 11932,West,Ecommerce,Large,2023-04-03,50000,60,REP013
11933,Fictional Outlet 11933,North,Traditional Trade,Small,2022-03-31,50000,30,REP014
11934,Fictional Outlet 11934,South,Traditional Trade,Large,2023-07-31,10000,60,REP015
11935,Fictional Outlet 11935,East,Modern Trade,Medium,2023-05-29,50000,45,REP016
11936,Fictional Outlet 11936,West,Ecommerce,Small,2023-12-21,5000,60,REP017
11937,Fictional Outlet 11937,North,Traditional Trade,Small,2023-02-04,50000,45,REP018
11938,Fictional Outlet 11938,South,Ecommerce,Small,2022-06-05,50000,45,REP019
11939,Fictional Outlet 11939,East,Traditional Trade,Large,2022-01-14,25000,15,REP020
11940,Fictional Outlet 11940,West,Traditional Trade,Small,2022-09-08,10000,45,REP021
11941,Fictional Outlet 11941,North,Modern Trade,Small,2023-11-08,10000,30,REP022
11942,Fictional Outlet 11942,South,Wholesale,Large,2022-05-06,10000,45,REP023
11943,Fictional Outlet 11943,East,Traditional Trade,Large,2023-04-12,50000,15,REP024
11944,Fictional Outlet 11944,West,Traditional Trade,Large,2023-11-14,5000,45,REP025
11945,Fictional Outlet 11945,North,Traditional Trade,Small,2022-07-28,10000,30,REP026
11946,Fictional Outlet 11946,South,Traditional Trade,Medium,2022-09-07,50000,60,REP027
11947,Fictional Outlet 11947,East,Wholesale,Medium,2022-04-11,10000,45,REP028
11948,Fictional Outlet 11948,West,Traditional Trade,Large,2022-01-01,50000,15,REP029
11949,Fictional Outlet 11949,North,Traditional Trade,Medium,2022-12-03,10000,60,REP030
11950,Fictional Outlet 11950,South,Traditional Trade,Medium,2023-03-22,10000,45,REP031
11951,Fictional Outlet 11951,East,Traditional Trade,Small,2022-04-30,10000,15,REP032
11952,Fictional Outlet 11952,West,Modern Trade,Medium,2022-04-06,5000,30,REP033
11953,Fictional Outlet 11953,North,Traditional Trade,Large,2022-12-16,50000,60,REP034
11954,Fictional Outlet 11954,South,Traditional Trade,Large,2023-01-19,10000,15,REP035
11955,Fictional Outlet 11955,East,Modern Trade,Medium,2023-06-27,50000,45,REP036
11956,Fictional Outlet 11956,West,Traditional Trade,Small,2023-10-17,10000,15,REP037
11957,Fictional Outlet 11957,North,Modern Trade,Medium,2022-07-19,10000,15,REP038
11958,Fictional Outlet 11958,South,Ecommerce,Large,2022-12-03,5000,15,REP039
11959,Fictional Outlet 11959,East,Traditional Trade,Medium,2022-06-16,25000,15,REP040
11960,Fictional Outlet 11960,West,Traditional Trade,Large,2022-07-27,50000,30,REP041
11961,Fictional Outlet 11961,North,Traditional Trade,Large,2022-07-24,25000,30,REP042
11962,Fictional Outlet 11962,South,Modern Trade,Medium,2023-09-03,25000,60,REP043
11963,Fictional Outlet 11963,East,Traditional Trade,Small,2023-09-16,50000,60,REP044
11964,Fictional Outlet 11964,West,Traditional Trade,Medium,2023-07-13,50000,30,REP045
11965,Fictional Outlet 11965,North,Ecommerce,Large,2023-01-22,10000,60,REP046
11966,Fictional Outlet 11966,South,Wholesale,Medium,2022-04-29,50000,45,REP047
11967,Fictional Outlet 11967,East,Modern Trade,Small,2023-02-21,50000,45,REP048
11968,Fictional Outlet 11968,West,Wholesale,Medium,2022-04-02,10000,60,REP049
11969,Fictional Outlet 11969,North,Traditional Trade,Medium,2022-02-26,5000,45,REP050
11970,Fictional Outlet 11970,South,Modern Trade,Small,2023-08-03,5000,45,REP051
11971,Fictional Outlet 11971,East,Wholesale,Medium,2022-03-04,5000,60,REP052
11972,Fictional Outlet 11972,West,Wholesale,Small,2022-03-09,5000,60,REP053
11973,Fictional Outlet 11973,North,Traditional Trade,Medium,2022-08-11,25000,15,REP054
11974,Fictional Outlet 11974,South,Wholesale,Medium,2022-08-09,25000,15,REP055
11975,Fictional Outlet 11975,East,Traditional Trade,Large,2022-11-13,25000,30,REP056
11976,Fictional Outlet 11976,West,Ecommerce,Small,2022-05-28,10000,45,REP057
11977,Fictional Outlet 11977,North,Wholesale,Small,2022-05-29,5000,60,REP058
11978,Fictional Outlet 11978,South,Traditional Trade,Medium,2023-02-03,10000,30,
11979,Fictional Outlet 11979,East,Traditional Trade,Small,2022-09-12,5000,30,REP060
11980,Fictional Outlet 11980,West,Traditional Trade,Small,2023-10-14,10000,45,REP061
11981,Fictional Outlet 11981,North,Wholesale,Medium,2023-12-19,10000,60,REP062
11982,Fictional Outlet 11982,South,Traditional Trade,Small,2023-08-13,5000,30,REP063
11983,Fictional Outlet 11983,East,Traditional Trade,Small,2023-06-18,5000,60,REP064
11984,Fictional Outlet 11984,West,Traditional Trade,Large,2023-08-07,50000,45,REP065
11985,Fictional Outlet 11985,North,Wholesale,Small,2023-11-11,5000,45,REP066
11986,Fictional Outlet 11986,South,Traditional Trade,Small,2023-02-16,10000,30,REP067
11987,Fictional Outlet 11987,East,Traditional Trade,Medium,2023-09-04,10000,60,REP068
11988,Fictional Outlet 11988,West,Traditional Trade,Medium,2023-02-17,25000,45,REP069
11989,Fictional Outlet 11989,North,Traditional Trade,Small,2023-05-06,25000,45,REP070
11990,Fictional Outlet 11990,South,Traditional Trade,Large,2022-04-18,5000,60,REP071
11991,Fictional Outlet 11991,East,Ecommerce,Small,2022-11-21,25000,15,REP072
11992,Fictional Outlet 11992,West,Ecommerce,Medium,2023-08-24,10000,30,REP073
11993,Fictional Outlet 11993,North,Traditional Trade,Large,2022-07-29,10000,45,REP074
11994,Fictional Outlet 11994,South,Traditional Trade,Small,2022-12-05,10000,30,REP075
11995,Fictional Outlet 11995,East,Traditional Trade,Small,2022-07-19,5000,45,REP076
11996,Fictional Outlet 11996,West,Modern Trade,Small,2023-01-21,25000,45,REP077
11997,Fictional Outlet 11997,North,Ecommerce,Large,2022-04-11,50000,30,REP078
11998,Fictional Outlet 11998,South,Traditional Trade,Medium,2023-06-26,5000,45,REP079
11999,Fictional Outlet 11999,East,Modern Trade,Medium,2023-01-05,5000,30,REP080
12000,Fictional Outlet 12000,West,Traditional Trade,Medium,2023-06-25,25000,30,REP001
